address,balance_planck,balance_xcdot
0x0000000000000000000000000000000000000040,52869013172,5.2869013172
0x0000000000000000000000000000000000000800,20000000000,2
0x0000000000057df040739f376ad2b64d9389bf04,122899373996,12.2899373996
0x000000000069181d0c2a2c7ce97171d4d75cd0b4,1,0.0000000001
0x000000104551469868bb70b231d6cfff35e43826,327126299,0.0327126299
0x00000fb74b84e5f9783666cab35e0d4f2d68a9af,3733526860,0.373352686
0x00004ee73874997ad576b0da74dadfb560390000,33640451407,3.3640451407
0x00004f4059c60cc7d70fcffa3f5032e5acab1ae3,102323944266,10.2323944266
0x0007a6db2d91a5db8e0256ee70e204ddd414a358,9986114679,0.9986114679
0x00085d4fee6c953d00f4456fb407b6974435eb07,10062788884,1.0062788884
0x0009595422132356532f396603ab96696065a425,9,0.0000000009
0x000dba47056e72d2a89302f71636a2432a9c9993,986114679,0.0986114679
0x0017984fd7bb5e8188a96f4bca7c173324df159a,5464771059,0.5464771059
0x0020fe4545bb19b6257f7deda80c8eb353131db0,90098317,0.0090098317
0x0027079289dda0197b25aef65d9b49ccfc605ceb,682117,0.0000682117
0x002ee33092457900515a4249e3ec1cd2b2dc8c32,4,0.0000000004
0x003432e6f0cdbfdd1c38adeedaaaeffb17fb76ee,179986114679,17.9986114679
0x00362735c311a989c6613ef4fca1ca31c100fbab,599516,0.0000599516
0x0037df1ed3f3009ff623f281c4af66dc18266c2c,7468447220,0.746844722
0x00432d1ff71472449d7c763417f1ee22248815aa,702738,0.0000702738
0x00446f19566fd3b1291ce83e43fef3be8ae6753b,4,0.0000000004
0x0044e65a6f295d4b86b2d9ff9174ddbd203ac79c,476870000000,47.687
0x00480727027e07abe85ce43db4d27a48ac1e9877,7757272,0.0007757272
0x0052aae19864199e3f116d1115e2ed3d4a00dcb9,2971816,0.0002971816
0x005463668233189e1a954f5bcba37605c54b7dfd,7162538,0.0007162538
0x00554ce003134669bbc6a8b9602cf7af4f158402,38,0.0000000038
0x005a945c426fe1f2eb3c4b04585a2427f7a032a8,1944041724821,194.4041724821
0x005ca0432af731943b3d992d5e009c6d19ea60cd,10623430,0.001062343
0x0062a2778e9ae57e23c58afec4df158b329ab24e,284094649,0.0284094649
0x006970fd32059734e586a323b13fc1ce625f296b,59882552403,5.9882552403
0x006b6255a5b0367cd5f501124f48ab6a93987f52,381288809,0.0381288809
0x007c51371cf3cf4d4e5e80aae339ae2fa0bef2c4,3000000000,0.3
0x007f8dfb45f0445c303420b9149b80c62257e836,20019,0.0000020019
0x0084deba31fff19b5654e0f3fbcb0b7322cf373d,59234329,0.0059234329
0x0085078fad1b3d72b7fff18aef1bd43117439a17,2463136189,0.2463136189
0x00863ca65df937bf6a605667b660e81c6731161d,3,0.0000000003
0x00921c2a88575a39a0dff3b92353ebde057f57e4,94965137,0.0094965137
0x00a37714fc81c1c001aff183386a95a50a15e5b2,1,0.0000000001
0x00a5e18e013d78822fa3754b5dba87bcbc7bc506,43058371,0.0043058371
0x00a7949aa0f80c274ef6048f6aa3eb35ebc65f48,3,0.0000000003
0x00aa53ea23a3abf57d6f81133f510ac6481671af,4,0.0000000004
0x00b72c06d9623ec020824d93358ba43764179ec2,52364,0.0000052364
0x00b99eff8e06423688dc09b90e5cd5414cc17400,98902777,0.0098902777
0x00bc6f64ec8c99b4aae5a9361239816ea2764ce5,18,0.0000000018
0x00c002f548e38f2a83e77710747f98fcd1477112,7,0.0000000007
0x00c56f695515c1203b0bbf9730e322dba3b14eba,599446,0.0000599446
0x00ca3d903a4b8df86e20d319e02400f4bfc1e53e,98626245,0.0098626245
0x00d0506ecb700eedddabe48207161788a0deee23,9909179618,0.9909179618
0x00d63557a0476d4de12956bc9e8ec328b7cac197,90971816,0.0090971816
0x00da1bcde01bcbad17de066585ea69edc24b2db9,97307610,0.009730761
0x00dc034bbb62dcfbf9d1fdcee55d652b5ebc2040,954266602,0.0954266602
0x00dc081852fd2ba750fb4c99cf77e2ebf135c6ab,111399393346,11.1399393346
0x00e456a460ddeea92abb3f64719d89f762508692,500465971,0.0500465971
0x00e87afd77016d5ee4db5c915515226e20be1db2,797708,0.0000797708
0x00e99e51b4ec5a39365861c90008bb5ee4e70cde,3,0.0000000003
0x00ead99163c7be85201142cf0c3fa0eed5b6092b,5,0.0000000005
0x00f18ccb682d2b6b935a3bbd3f1d237d263e05c0,8585945642,0.8585945642
0x00f1ba628e55f45275456037b034a515caf69cfb,1599830969,0.1599830969
0x00f69485ab728113bdf6fc92c57c29e6d1cf94f3,84613271,0.0084613271
0x00f91fc24b4f479aa956414f01cda3bdaa1e0350,971943632,0.0971943632
0x010276d2bf48c73ed9dd356a5c6fec001f2dd104,100971816,0.0100971816
0x010da8c4a13693df76733fb993aa438e63bcf243,41877625220,4.187762522
0x010e8c5ac8bded857cb12dcc1e854a2f85732baf,5,0.0000000005
0x011947aa51e3961296d8fb7f1f47dd3085044b95,94604144,0.0094604144
0x011e943f2ce0ba6e179d2671eb5464840797d3cc,9,0.0000000009
0x012db66110d211e5aa15171b15265384f22fd1de,90971982,0.0090971982
0x0134ddeb3c0f68e6af759f5c91c29022cc8533d9,85798653,0.0085798653
0x014032bd5d26d3208a8ff182aa3a139117f0438b,8,0.0000000008
0x0144a14eb1bcf9390f0bbc0f9f759ad24b6787e6,93540862,0.0093540862
0x0144f2aed9da9ff6369f2a5c3ec5e096b3e29c3b,990971816,0.0990971816
0x014b030b6e5637de69e164f875707ce440ef1ef1,84341,0.0000084341
0x0154a0aff0effe68eb412802c8b356cff70291e0,569753272,0.0569753272
0x0158ab03167615128a3607ebad5a29e6be3d6161,97321606,0.0097321606
0x0160e979decb13eca3ad18045df76e3668ba4211,321179338,0.0321179338
0x0167f84d05f56012e8162f0055bb0a184ada8e50,74089948,0.0074089948
0x0169f84ca058f2f858ba9b9d3508a73bb7f66fd6,2241645385,0.2241645385
0x01710ab61cb036c069edc680658ec2936cfbc61e,24378341,0.0024378341
0x0174de7150155dd2bbf32ea9bc96e3242c69435f,177042238,0.0177042238
0x0177e1b290a1acf807a74e1a4f8f6d63961bae81,85831334,0.0085831334
0x0178e8dd13699649d8e61462e8c9fb6a06773149,986114679,0.0986114679
0x01793896b811a56c6c2d195cf496d2dfbc8d9520,935893944,0.0935893944
0x018419b6f88561ef5f31cd36a437d390d310ce77,381248045,0.0381248045
0x0186e7384c023fa987da5b6ef9308e872f5937ea,186114679,0.0186114679
0x018700c99752c27149010208cd2f81e048957c49,86417,0.0000086417
0x01871560f6db1805bceb99fade4710e6cf359a8c,317839734381,31.7839734381
0x018838da8263019497b08f15fad4f94232c0f3a8,12754028116,1.2754028116
0x018c97f6207b702a8321f6550839efee4e82bf3a,5683085909,0.5683085909
0x0198ea630d3b1ea2f4f20d672fa860d5f904c233,61142282837,6.1142282837
0x019cb55785c05c5a3c2d09c5090c9bc98070cc0b,11702726824,1.1702726824
0x019df0b62bf06cd0685e71f18e1edf46cf6cd9d4,8973544974,0.8973544974
0x019effc77f1122ac3c76cad98e5f814640ee91d6,682746649,0.0682746649
0x019f0e5d35a19c7059fe5a56ca09e9071d050d23,49011062837,4.9011062837
0x01a3b3cc4d30428c7f9e91dc2731026800c3aa03,532708,0.0000532708
0x01a44c60af90c735c0e36d88f02f2e2c17932408,4,0.0000000004
0x01a84a90a78a9040b165da41d422e28cea41d0f3,1838,0.0000001838
0x01b86aeebcd1ff94ac1195cfc8fd9e39db24db45,1990971816,0.1990971816
0x01b8982cd001fa208213da263db6842d6dc7fdb0,11816,0.0000011816
0x01bb75e30cc35579ee9d7ef65bd4f721cc1c5413,52098,0.0000052098
0x01bf199869288f182cc454a86ba9e36a632e3986,98902784,0.0098902784
0x01ca981fc89358fa3ee06d32c7bc9896bf4d2043,12195579655,1.2195579655
0x01cbe2f59f9199e02d941422aa0ed91b6ad7113d,4973544974,0.4973544974
0x01de494230b03989f9a2d8956fdfe5486d712ebf,999748,0.0000999748
0x01e7ab5edb93847c163986d494e08134f4addf06,92689,0.0000092689
0x01e8b317c8231156b9df841526fe34f32206c98f,758,0.0000000758
0x01ee8d89bb4feb0205d86067f5f9dd1a44f5c356,19696424,0.0019696424
0x01eeef4d5f9a0013767cbd42c5fed68982210403,9,0.0000000009
0x020c14ca2edeebfd8b93e79850626d8e05485248,92698437,0.0092698437
0x0211c3645467a3881f7fe109ca4a7329947465a3,85799267,0.0085799267
0x02156fd93114150fb346d11ed7e29c728940e0f7,1485608023526,148.5608023526
0x021edd5b630883447d5ceda36ee058844db3ad3d,22556266656,2.2556266656
0x0223342313efd75dfb5e1ac1efe7e3aeb9141dfa,6945,0.0000006945
0x0227c302ad93a8838f968e88eda01cfe3c555f00,2828312671,0.2828312671
0x022c2a4d50edfd1724995cbed32e77c79302a205,8,0.0000000008
0x022f5ca0fbe7c617f6040f93404136b9ae5c61ae,39990971816,3.9990971816
0x023c1a01108c35b72852a5cd4e0bb5123da9657e,54898,0.0000054898
0x023f0908a7feddacd6614896850d8db7dd11af33,90971816,0.0090971816
0x02401504ebce52234d84789cc381aba6dfa66813,468077750,0.046807775
0x024713784f675dd28b5ce07db91a4d47213c2394,679806,0.0000679806
0x024a25627eb5b03d8288afd0b1dd3285e3593f72,599478,0.0000599478
0x024ea94388e26811eb0fc4b60b8901b3789fcec5,599479,0.0000599479
0x02502ac67ebfeb9744cb7a409d749a1f73037f88,619275281,0.0619275281
0x0250310bc5c3517b94fdc1347b12bd8fa350c81a,9973544974,0.9973544974
0x025042d3852c4cd8b369bbf30aaf53f08de655a8,29991369684,2.9991369684
0x02570079b1c0e0713ee8c1f546abf75d74ea5cb7,2053079,0.0002053079
0x025a1f71f0af53d089a90fe15acabe6548f1f45d,39990971816,3.9990971816
0x02841908d2d747607b2af1e7f4ab260d024d7d80,69882499611,6.9882499611
0x028a1716132da18e1e040b93c9af6f6dcdd90346,1881943632,0.1881943632
0x029290c564ef921c56a784aa16c97e930daf7372,10000000000,1
0x0293adc2e84558010a90f888d08ba35eecbcce6c,7,0.0000000007
0x029c842339e617c5f24dbbfc72282d8451342893,94606239,0.0094606239
0x029f9ac71c592601f3e638fb81d7f500db05535c,5034917404,0.5034917404
0x02a490ab5aa417169459c6db3b0727a029b4330f,95787867,0.0095787867
0x02a64bc9f444da3d9c18a6bafd2497651e2bf537,281943632,0.0281943632
0x02af867ab593ffb436e9102eec9b1ca5a693620a,11062837,0.0011062837
0x02b1dc15472c9a24345c67d9b79e3c08a54ff82f,93542215,0.0093542215
0x02b232bf0e3af277a6917fd41eb35bd8fb001b97,15244654957,1.5244654957
0x02b8c0d23bb25fed542faeb76f616b1816166bf9,94713670,0.009471367
0x02bacc4bdd21abac0c3126a8cb19534c2a2edac1,9346717009,0.9346717009
0x02bc449b248f5c81b5a748db0b45402cd5ffa6b2,1390971816,0.1390971816
0x02cc08b5062a1091f1067264bef8bf9ef3863e9a,494242,0.0000494242
0x02cecdc5ade07035230875b848711371a1eeada7,94713700,0.00947137
0x02d4319c736fb962a6b51b8d05149ce473548cd1,651565993,0.0651565993
0x02d8dec06bf39e2beb13aa12206e6d419b074833,381276656,0.0381276656
0x02e2f56354cab9488aee661b8cc5a42643f7530b,81272036,0.0081272036
0x02e7f65e93b4730c3092412e3db85648797316f9,99977133301,9.9977133301
0x02e85fe3207ce910f007b5cea4310b9233053ed6,84704568830,8.470456883
0x02ea5d3c79a6d8c7f648b2221249c10391c83338,95740472,0.0095740472
0x02f3bdd9dfbb9c7c0f9f0d4ee58502aca2c87537,5,0.0000000005
0x02f6b2671faddb9041283fa180eca74a5fda3dc8,3,0.0000000003
0x02f74ac976e271e7702d8734da124798596c61d8,9581,0.0000009581
0x02f86a8783152f5f048afc57b5a2afb5529ee745,20040527125,2.0040527125
0x02faefb2383edeb4b622bab7be500889d9eaee32,93026161,0.0093026161
0x02fc1bfd3af36ab94136517f2cb7aa4133b4c411,10855617722,1.0855617722
0x02ffd447c4d8f39fb4c96375afe1df9d6033b4e7,10000000000,1
0x030c49595a1e834f2b384b8532b2d25925593036,13064233744,1.3064233744
0x03193d26a1c7b58e81f29c68a5a3067201758e5c,96691721,0.0096691721
0x032d12e0058a7da898c86c3c203b96f3840a1569,8077,0.0000008077
0x032d46936d9a510337e197cfd628eba64ed000d2,977474380,0.097747438
0x0337a14b3f5f120338b60fdce495f0ce8ee9648d,1,0.0000000001
0x033842c9c2bab28215ffe34df438005876412a6c,64776203,0.0064776203
0x03389fc274552c6323bb4fcf7135a5e66f649060,971816,0.0000971816
0x033a443163d482ea6f95e984335aae46045f4452,4080,0.000000408
0x033c18e4bfd79d5849abc7cedeafd79e115b953e,564017987646,56.4017987646
0x0341593f631cffebc4b8bcbafa5be4cde32c8fdf,7,0.0000000007
0x03416184eff9ff6ca3292ad1fefa2e5496ec87dd,55002233906,5.5002233906
0x0341ab2d783648be716fa78a48eedf13f151335e,1,0.0000000001
0x0344c4f9985c85877d284bea8ea3df13498af96c,7,0.0000000007
0x03615a94a3d4fb357fd27a3871106ff6046c50d6,4,0.0000000004
0x03665aa7ea9035a13d6569c6093e21fd16c11c7d,50977305754,5.0977305754
0x0367c034869f5cfb07f388951777fc7d7ff4ee7a,95787603,0.0095787603
0x0368375593098ea48f516790bb6c8d43408f5762,865446,0.0000865446
0x036fc4b0f16b3b00b198ae006b859f68dbb941d4,466550397,0.0466550397
0x03783185c26ae8a8393d57c96eebf7bf5c68df49,93768147,0.0093768147
0x038086f7310733ff39874b3193a9f032382faf51,90971816,0.0090971816
0x038d60593b3bc7d384f28e65afadccfb92166559,41437554830,4.143755483
0x039ae8506621a8edb50967e15615ed5e433c4cd4,44246637,0.0044246637
0x039ca0565005f06171f2b4ca43d6154762ae781e,5369098196,0.5369098196
0x039eb68e7eee5f0d19e3986ec5434fc8136154be,5,0.0000000005
0x03a089cffab9e8719d3f40deccb88b3f42334bc9,7,0.0000000007
0x03aacc6accfa2121e3658e3949019078835b462a,90971816,0.0090971816
0x03ab0fb0be318b1d6420e7ae87a7e1b7cd6d590f,12911062837,1.2911062837
0x03accba12857117d93ae1e192e593fa7f6ebd7a8,599445,0.0000599445
0x03b8ca8da326cfaac5ec9b2c7e2a3fc6973f1f99,49986114679,4.9986114679
0x03ba7c94ea3ff9f5556c43bc4b834df567d4930e,438023,0.0000438023
0x03bd52f8c34bfa86dc861a22c5fc81e96d336058,7,0.0000000007
0x03bdfc0f7d88040cf2a65d79ba6fc71e0f680252,1000000000,0.1
0x03c172fc9a2fa3c6e418fba9d955ce6bcef5a94b,1187901069,0.1187901069
0x03c4a9b834511ea86032cfef4aa3fb6ad5425130,6126839937,0.6126839937
0x03c65500c94a1e98302426df7a392db429596ff2,7404920499,0.7404920499
0x03cdc580e7de9d805483773cd73f00e9c6b2d0a0,6637,0.0000006637
0x03d28e9424bc1d6567ea85715639324df29e5449,1074993057,0.1074993057
0x03dbc41358b50098d2cf2ec8a2b0bf649fa191c6,98890514339,9.8890514339
0x03e60209bfa52fb516830ba31d9dc9d21a57a3a2,2883088065768,288.3088065768
0x03ee03e23be71d5511aeb197869e73c732dc4208,10000000000,1
0x03f4a31ce29fe726d0d03c9281f1e94b4ffb8377,9000000000,0.9
0x03f98a0f1f730e92f5b14c05d6dbd934e9a127f9,19556682215,1.9556682215
0x040509d1168258496171ba8817500c46d6cdafca,81058165,0.0081058165
0x0405f77dc7aa1ecca1bef37575d1e27c44ee9012,599563,0.0000599563
0x040a58e44b0ad3108d089606a4e4d8adec6ff6dd,361051058,0.0361051058
0x0419226e1cc8005b77c402275ab9dc4c099bb6d6,2,0.0000000002
0x0419a7f969aaddacd52a3188d6837d7a75012566,830186598,0.0830186598
0x04261f3a4f4e244b80ed7e3d8b7ff28abd6c4dc9,2,0.0000000002
0x0436bfa5fe3653bdcf9053459b6f2e9ffc093306,105250631813,10.5250631813
0x043851795bbcbbd0345d3cf930bd943b609fad0f,79245420,0.007924542
0x043a0d9c60e1f48914c6cb05843931e54701d26c,1933637515,0.1933637515
0x043f4ab8b97d24154ea2f983176d2e96b1660be7,99356059,0.0099356059
0x04406fa3799f9b554392f0f3b639d73e32d25c5d,599446,0.0000599446
0x044da36e39b954546e4b728dc33f96617a40c4a2,2,0.0000000002
0x044f0ee0967d130f748d4a9879dcd5efae154f6b,599478,0.0000599478
0x044f7f32ffa2f8365b82d83015259848d504bd09,566,0.0000000566
0x0455206324a0dab213e5174c7bbf68569f88ec3c,6352516,0.0006352516
0x045e6dd96b82e9a05c131745d3ebc030a0c01ef8,20438,0.0000020438
0x046d79490142fd796b2d64cce94c26fbeff73a74,18150617819,1.8150617819
0x046e69e30389accf9e2ab33f5153b11737429943,9,0.0000000009
0x046f18bec7f015a4a2dfb292e22920c5c2b19736,92639238,0.0092639238
0x0473a13cb3088ebd0092ea137170508da3f7fb8c,1000000000,0.1
0x047ab4da42ae610d2d877e690766ae4488593ec1,774088156,0.0774088156
0x048bbaa7c33993f15c273ff219c1deecaa80988e,7,0.0000000007
0x048c6024a246b1570b185bdb01e5200bbef91fe6,3171816,0.0003171816
0x048d46198fda76b9d822774316b5a494b73bbd6f,95309359,0.0095309359
0x049004379140845ede3865d6d06552641453ffe6,990971816,0.0990971816
0x049cd4bfa52d280a6b6f52e45fdf8967924154bc,20977133301,2.0977133301
0x04a3272e72e5222fcb92f2bd2eb4b0eb32afa01e,6,0.0000000006
0x04a4949b6e9c4dcf7620dd758839ace3a76dd119,3,0.0000000003
0x04a839119e92a2773f9b6262ba3705dfa258e26d,5,0.0000000005
0x04b44849e66a266b62171aba25ff4909a7c51594,18661376,0.0018661376
0x04c07f5bc7b8e6e4773e32f974513067fc49865d,8,0.0000000008
0x04c24793bf9a16edd717d3d3b4849f0055f31f94,5344395,0.0005344395
0x04c3ce88bb03a6b3dda30deeff9cea3e83a56560,3817450734,0.3817450734
0x04ca84c094c85f6fdc8ab9a1b3f696e13cf1432e,3,0.0000000003
0x04cbd10a4c8e1ed65dea20152246bbc1b6b50a7f,1,0.0000000001
0x04d057713050e9adff362a4529052312d06924ce,563448867,0.0563448867
0x04d58d44cd35532cfb07f2542c5385387331e8d5,2683828174,0.2683828174
0x04d5a78e43e2ce0f8c1c0e00f542342f2bdc193f,2704,0.0000002704
0x04d8746afd0240f5dd15edd72a667c736f850df0,7537735631,0.7537735631
0x04decb31e5fcd3d0ec6f4dc3cd7188ae769cc20c,74,0.0000000074
0x04e192bbb0b308a6b917013ee617724f0e49fc33,8,0.0000000008
0x04e46bb6cb9b3c477cf2bcde4c00666473274d17,761892704814,76.1892704814
0x04f14d757539a365289bf3de4311d443675f4162,3,0.0000000003
0x04f6e00275c60ba405392fe4f10418660b96bf45,40499022,0.0040499022
0x05001838b582368e7f28f034cc4ac6f1f1c42417,248331455371,24.8331455371
0x050064ef5f7920c31f85c95d49715d4a01176e48,90971816,0.0090971816
0x0507e0e2a8e4e0899f3fb3b48f0324db3ee5e40e,19915994840,1.991599484
0x050e854bbb5d7c8ecfe9e972d7043d2c4e13707e,799045695,0.0799045695
0x051385a3a924cf497bea0e9ae030329ed147bda9,75092312,0.0075092312
0x05173affe3022e76896149d673c07976ac0230d8,7,0.0000000007
0x0519af06037a0e6331f593e082ef4946e07e9741,124190766256,12.4190766256
0x051a3190c9342211eb311723b23b8c7cbd7b5a5d,63,0.0000000063
0x05255cdc6116e3d090aa0ab9e38b8206435a8cb6,7,0.0000000007
0x052a50be31ebad333a05767925712b3d16682bc7,44943975487,4.4943975487
0x052bb01ba8a4d749e8b14f6c7b208ee60410cd07,5,0.0000000005
0x052bed3644ec92330f47182b8f147bae0b5571eb,51000073122,5.1000073122
0x053073cb4cdfd57a6f63ad833160af9b22c3c96b,2,0.0000000002
0x0533489006b3536099266f041e7d547e7fed44fc,973544974,0.0973544974
0x0535be3f20dc2bd4cd772f1454631c3b780497f1,7,0.0000000007
0x053916baf4afab008f74d1dab1167a6523cad8fc,8,0.0000000008
0x0539239d5db086bbef5d97b265dd6882605d5f14,71260,0.000007126
0x053989ee844ba92d34449e6aedf67c2dc539c65d,734836974636,73.4836974636
0x054152fd4cd33ee380298553e72984eec479e4cb,539059069,0.0539059069
0x05431cd62f011cb44ec803fe4ac96fac651ca494,74636872682,7.4636872682
0x054becf10c79afa4e60f75b187837be9fb83867d,7881943632,0.7881943632
0x05523aeb17b18c0b305b6823ddd42a65bc88c37e,95053121,0.0095053121
0x055473309b95792ead3fd6f058ed53c8376a3fe7,8300000000,0.83
0x055aec00dc22bfca3f2acf092148bddf218e1ac7,6741836269245,674.1836269245
0x0560d338cc84a4137dd154ca4e98b29dc39f1da8,9990971816,0.9990971816
0x0564e0abe9991606e08a6883b960d46e4186ec8b,3787350655,0.3787350655
0x0567d99a4420b8da0fd91c5ecba78955c04974f0,9811062837,0.9811062837
0x05682a10a7ff570e61ffc585042f3730f726c456,5825344611,0.5825344611
0x057b5657523eb952af0d98a05bb76a46d31ba049,8,0.0000000008
0x057d53953463871d9f7cc32d720c019ba556843c,599556,0.0000599556
0x057ed0c657ba55014e1f38b85cfe91cc0eeb9621,1358230203,0.1358230203
0x0580081dcd5e9284b5f1c3f7f209fcc2d86bfcdd,24018395083,2.4018395083
0x058e99e564c3a600bdea7f082aba09a877023e0e,413,0.0000000413
0x0597eb296efbb84ca64c843a7f80d7f8bff7d17d,318646,0.0000318646
0x05995bc5736707208ebdb18bc5be812668b525b2,3813739089160,381.373908916
0x059aedb9493788a2aeeabfd497f754a995b6485e,1106425769880,110.642576988
0x05a7eb929209f5c1f2f08dd087b64bb1beba99fe,3,0.0000000003
0x05b433ab843046ee51a6eeec0dcc60b3ec3be4f4,19007637761,1.9007637761
0x05c12b2927b4ff0efac4dfc0d007be62317ce2cf,15934293522,1.5934293522
0x05c2974d048d90ec5bfa124b6369396727b900fd,853494023564,85.3494023564
0x05c6959d997cde99d2f967367e5e9f1959ba9706,915448,0.0000915448
0x05d0054f4a8c4a31e8d629edea224f130b1462c8,6,0.0000000006
0x05d3a5e1d88b8525c4f096f78a40a8a14ff2034f,5081943632,0.5081943632
0x05d5b6ce9258d4fe47eb3b1a0bb33ca93407e37f,5544643614,0.5544643614
0x05d987577901933e6e6e11ddc8c3b3592addffc8,1461943632,0.1461943632
0x05dcaa0657a159291bdd5b4e2f0514df4fbc9fbf,851943632,0.0851943632
0x05e3f94b3424301d38a6e7e2f5224b6f07839d73,788,0.0000000788
0x05e57d77a6dd817eb088242b125787456974830b,6,0.0000000006
0x05e5a4f9365b7f42579142246cbd184da4963734,149537762073,14.9537762073
0x05e61ec6c762c031a7e2ad7434449a6d72d8d7a5,9977133301,0.9977133301
0x05e68c5f9281cc9c08113115be2a9ed1033b8b16,93769154,0.0093769154
0x05e818959c2aa4cd05edae9a099c38e7bdc377c6,4,0.0000000004
0x05f65d142e74a5d9ce04a69293f24e1357971bbf,4807735631,0.4807735631
0x05f7f81ef8b158be44b96a3a3bd5351bdf28946c,393482128,0.0393482128
0x05ff20e4c72471ce95c332b983d7ebe37eebd118,77522960,0.007752296
0x05ffebcc3f261768a21bc0404931b2e4ea8dbb18,92826230,0.009282623
0x0607c59cb6b542c347b9816471a31d73950314dc,500768511,0.0500768511
0x0608bc8ba837f4fbc555876ab13fd899fe8f2a6f,47078014,0.0047078014
0x060ca4604fa777274f5a5c2e9639d3d28414af26,21900821727,2.1900821727
0x0611216ab8a07f7d9f7d3175daa82bfd2b49c312,6,0.0000000006
0x0614b57649dd353bcd2f44f47cbd680a62afb202,8,0.0000000008
0x0623dea772f0ff95eebb97171b04e1312dac1e39,69986114679,6.9986114679
0x0634d366c4a50af04aa07155121702b7aa63b314,2,0.0000000002
0x063e552c4823c0009b33675bab8ac2c8b26bdfdb,10000000000,1
0x0644995e9dc2dced1aa20dbf46cbde0b009a597e,12509679151,1.2509679151
0x064a768bb4e79f22ba0dcb3c5d2421ae32d51003,18782116263,1.8782116263
0x0651e9a26c92300d937e344c76f508817e20b16b,100971816,0.0100971816
0x0656cd5831f244de073bdc138c368b5b391bce27,267683,0.0000267683
0x065bcd151873f18be3550720ae731f7c271ee4f1,2333108390,0.233310839
0x0663b5d10a3f73f452ae1e94410210bb344796ff,2,0.0000000002
0x066591142784fd5d9a0cbfc5d1c440c773b77662,9973544974,0.9973544974
0x067431ae27672d34bc3990a039ba95feac415a1a,96361104,0.0096361104
0x0678e836c26abcfcd2b7e49559aa1a8b0f3ad36a,1060948089,0.1060948089
0x06796233708702a0b147a43eeb26fc7d8ad63311,19973544974,1.9973544974
0x068370684f37ea99cbd2a21a07d8e0b9add54ca1,19948290454,1.9948290454
0x0687db6a63ac202dabfd0ea2aecd8e42633a00a1,830971816,0.0830971816
0x068c8fd8243a4f4147517fd1aa5f1aecad2cde0c,5,0.0000000005
0x068fa0ea01d314cadd5feba86c75495e7b255ac5,17881378,0.0017881378
0x06a5662329e509d0dd6f0598e7b8b5ebab5e40b2,72389841192,7.2389841192
0x06afb08bca3f19cd7dc58e6063e9a7e6346e5dbf,381281702,0.0381281702
0x06b1f373768d2e503f5dbcb35989a8e2794673e4,2360071766,0.2360071766
0x06b3567747913e158d34115cc3d1377c6fc4d151,173429756,0.0173429756
0x06b3b3077e238d4d4599e17617bd244a0225b5e8,95787850,0.009578785
0x06b40d42b10adbea8ca0f12db1e6e1e11632eb0d,9990971816,0.9990971816
0x06b584be06ff4624b00d75eeaf2237127b99ad58,44649248065,4.4649248065
0x06b59680a701a5362c5d5c9825fea3d8f993ad58,120303000000,12.0303
0x06c74480684bbe355b54babd1a4acbeeed4c812a,555014,0.0000555014
0x06c922ab286196b558a0ef8dabd99e2b98bd4166,4,0.0000000004
0x06d709229b92ca33ff77c3bc9e3fcb66021652e4,489091,0.0000489091
0x06d995183ae2148a2183dbe902ac18f1d7a4cefa,1,0.0000000001
0x06dc32efe3393adecc014d7fb7a145e20d25e5ee,1,0.0000000001
0x06dc74b0c21537ea2fef458d57246df70cd43bb3,94279053,0.0094279053
0x06e3b143991808a504c2cc9b7f09deb100a02772,1,0.0000000001
0x06e4e4334faeac6f27857a8c988ac62224162819,10608758,0.0010608758
0x06e6fc96de94e49b771898642831f370a07e0f8d,81183383543,8.1183383543
0x06f057e4adc9a02d2ae77939bea7c9fee5d3fda3,29986114679,2.9986114679
0x06f347c279bfff7d6dcfdd5d8295cf623cbab62c,7,0.0000000007
0x06f89330bc20a623dc6fee8025c09abc31592562,1429132232,0.1429132232
0x07068b6dd18602afc8110233d1966b0e73586670,4,0.0000000004
0x070c0c3c4dd0c351bb435d88dcec551f80b977ec,920331996,0.0920331996
0x0715c3329e38790c853f6ffd824f2771a02d37bf,3701062837,0.3701062837
0x0719068c217491bd0517f78ad70f0f976709626c,1599838,0.0001599838
0x0720c8572b2dd917aef686ac9fabdd9d81dbc50a,8,0.0000000008
0x0728b5dfa020bf795def67282d19586b71f6753e,7767862,0.0007767862
0x072f7955f221c5654ca008137da89d4bb5080056,11816,0.0000011816
0x073c6ca6f67803301df7195ce684c4795a7255b8,289814772,0.0289814772
0x0743d51cf3051e4baddc1c9124a775c70151c057,14986827999,1.4986827999
0x07440c4158537c41dce7e5d665049cd4b5c8ab49,13492756,0.0013492756
0x07454c4d1d0a71f49926d68804cb6f65f2607723,54765121963,5.4765121963
0x0746c3fcd71fe2a893715707ae912a3f9a484b5d,599478,0.0000599478
0x07494efb9fc623b74b31714192826c70eba7423f,1,0.0000000001
0x074b5768a65b6d30d1a0c3219eecccbbc40ea430,599479,0.0000599479
0x07508f96b3d07aae0fe1a411de301628d9f9ffbb,100971816,0.0100971816
0x075a6b3bd60927f300f584f7fcfaa3ebb9b0921f,181943632,0.0181943632
0x07632b6786883dc3eab8ad39b30662d064529d0b,4216359901,0.4216359901
0x0767e322ce13a93deff958eae62241c81a2bacd1,2,0.0000000002
0x076a7594f61222a7538df3f22d10a23786415056,7,0.0000000007
0x0778fa831ecd6f2c1ae58370de52b1ceb852bc9c,9977305754,0.9977305754
0x077ed175e741a0401e16d5f2d723253b9e95fa54,2483743514,0.2483743514
0x078c8cdbfb67a70f858dc7585e755f829dc381bc,5973328012,0.5973328012
0x0790d0f4bc29907608798cea75ea0f00068ad382,1059,0.0000001059
0x07a373de4078bdcb6c538ca46180402bb9dd2116,104727016,0.0104727016
0x07a5792ae675ff4da23727c164c601f8c4eab597,77133301,0.0077133301
0x07ad15fec057a28256e7d43fe162832d1cfa0526,8,0.0000000008
0x07ad900986af3cae58b4d77bee82fee3091446ae,172229358,0.0172229358
0x07af1e9bfab134ce91685f6af0c8c278eb8fb742,366388796,0.0366388796
0x07b37a45b11ba893bd8dd817bb422206a28d1c83,2,0.0000000002
0x07b49846fa0ee43f1fad6483dc945fd3db07f02c,14024293187,1.4024293187
0x07c086b3ffeacc99ccca3a074eb6808a73841d47,81053308,0.0081053308
0x07c1e09f41f217367a85dc46f4c664d86fe42a9e,3345428741,0.3345428741
0x07c2ea1e9eb284c28f169d9c57e8f079835015e1,31764,0.0000031764
0x07c5521e1d47800423a62934d06374a1e97538ac,27536,0.0000027536
0x07c96cfe2353f994bb5b6e2300f85a60904910ef,9008,0.0000009008
0x07d21d13ab8a3d18c5eb523b1ef9bd494787b422,43957812,0.0043957812
0x07d489a8695ecb3c1f538a59c9d4bd528e4bdc9c,1,0.0000000001
0x07e0143ebffd31df85104e207d2c6d1684270528,80938807621,8.0938807621
0x07e37e8b26f103579ab711e6499d9457e8e4c1cc,17567309764,1.7567309764
0x07e3db4f7fb948a12d60a3c15cc74e7711f05e43,2971816,0.0002971816
0x07e9b97434f8bd00e8d3fa980cdb12291b770bf2,2139,0.0000002139
0x07f122c7ce16af06df22dfaaed10647825eacc4d,381171487,0.0381171487
0x07f2051efe2a06bf5b731d843eb9e929d33088ae,90971816,0.0090971816
0x07f834130b298b8a21c0c0961cc50e37fc3d60b7,38,0.0000000038
0x08055b671570b8a1a8b3b068991560d5d526812c,113114524,0.0113114524
0x0805eec7d15bb8c5265335ea1a38fe61e11ec747,173317629,0.0173317629
0x08099e2fff9d4255c213534d1b78e2833f0382e6,381183576,0.0381183576
0x080a75c96bf646cd9f78aaf8c9869a510e9c68bb,9155395078,0.9155395078
0x080dafc7f1fb1d4029698d4ddf2a259879fa1a87,60645257441,6.0645257441
0x081404d78bebf3c41d6393d4dd6d3509e2fd6818,19887950974,1.9887950974
0x0815dbabd8610b5f950f1d3e746fe9778f90b740,7,0.0000000007
0x0819e2af932217e96059029d88cdb17f347df397,599517,0.0000599517
0x0824726485ce5cebc3f359bdf6a9f8e63d2cb674,32099331406,3.2099331406
0x0828f9d78e69c8a878cb8753b3dc19f219f94cac,85803684,0.0085803684
0x08323f28338c873ed6b8fd3dc5e7e4f3f5779c00,90971816,0.0090971816
0x08349d5a63a582f525646aca3e7f62786d6ff46b,4646487,0.0004646487
0x0839c4b82145487bc15d30e723de9cc58ac743c6,7,0.0000000007
0x083dde3237f76440aeddd881f49c849a8e43d8ef,5206628659,0.5206628659
0x083e6ebcc4249ec9641fb3c2f4332f3b273ddd9d,11478794423,1.1478794423
0x08411b761ba933eb9857b234a009b12857a14ff0,102490971816,10.2490971816
0x08450334e92e3dd6bec9675c3b1798e1e9a76253,3,0.0000000003
0x084f5daf529a1f9184814691a64e5f81cc9f765b,403035121,0.0403035121
0x085421cbb02a34e6f5cb2782ef72d9f5b99984d0,55876137651,5.5876137651
0x08566fdedd8d71865eab40978133c00216054e64,199972229358,19.9972229358
0x08727b4a71232de8bb6a867fffab062b076956a9,6758,0.0000006758
0x087a49c12c59a6ca0afefab7aeda483bd054ae22,10000000000,1
0x087dd253ec7d42e3008ee8c0ea06d1237f08b99c,34677965,0.0034677965
0x0882bf94cca0b1d991f372bda1d5fe658369a530,9,0.0000000009
0x0882d0bbd4499ae7808cec608e857c22e731ec04,9929961,0.0009929961
0x088697fc7bf219f5efe5cfc006f7d79e38874658,97358083,0.0097358083
0x08936e94cf037ab00142d3538598c4fffd2cb60f,379552059,0.0379552059
0x089d7b7dd3cb5cde643714bc58d3101e17a73901,5,0.0000000005
0x089edf9824222352d7f557f70c28afb23299c900,93218392,0.0093218392
0x08a103ca7e5f92d0f767c6c4eacffad251c3cf91,371045332,0.0371045332
0x08a29566937a98ae2de4787258aa8c9d4004df08,6655,0.0000006655
0x08a5c9c215291cab7138d84016889f5c9ddd9285,28065244,0.0028065244
0x08a9b4221a84bb39faa7d6fe0f7664efec9511ac,9,0.0000000009
0x08ae05e21d0da390f51b34dac086996a257ac89a,1756003,0.0001756003
0x08c68e2cea3ec60508c23cc96efc71e70164a7ab,3284036310,0.328403631
0x08c7bb1eb53764ec5772639343c73bd4a6822882,3271062837,0.3271062837
0x08c815f97a99101ab5c253d1abbe9f7f4f623df4,4730542,0.0004730542
0x08cdc58ec84f466903f5945fdcea6998badc7d3b,3815519802,0.3815519802
0x08dea18c195f00810d6ed908e229bbd0dd295458,90524226,0.0090524226
0x08e3254be17e29687f927333d6c5ad5809ee3216,91083535458,9.1083535458
0x08ed4e4e2383d668ab42de1b9736fdd8515ba177,599485,0.0000599485
0x08eef1c4a38256f6ebf3fa1bd039140684873ebd,8832763841,0.8832763841
0x08efff786bebd7e5cf53573296b0cdde5a12a874,149556682215,14.9556682215
0x08f8f2e7d15b821cf2a3bb6824279d473dd7508b,293247753352,29.3247753352
0x090253909837b3c96f7b74d1c53070d9474e8e21,4,0.0000000004
0x091872a8d2bbb066fff712cb152b55c4cb1f65b1,61581421,0.0061581421
0x0919c6a0c03aea1238f81c5c46ace5b706729e1f,3294406098,0.3294406098
0x091d15a42152a909f7a3ffefe4ab47b26ead3f6c,763148100,0.07631481
0x0920cb122f5771bbf004bd58b7beafb74aef5787,40559262837,4.0559262837
0x092bd2214c23f28b5a5f9f172f7b86e3c966b630,502395,0.0000502395
0x092c9e796839ede09806f0bf968c7f0fa19fd04b,5843645848,0.5843645848
0x092cda2230d41979999fdd210af1b73a7da46ce4,159,0.0000000159
0x0940a6de5c992f8e15bc8cc582176a3939482b87,90971816,0.0090971816
0x094f00d6a094472325d03ad00cbc467f8cae240e,8981378,0.0008981378
0x094f517268f20923b8010f4a4dd9622eec1383f3,579736905,0.0579736905
0x095bc169f592765de2323a059cf889fb9a7566e0,599518,0.0000599518
0x0964256674e42d61f0ff84097e28f65311786ccb,258484914518,25.8484914518
0x0964315687a523aa35a8c16174cd4f2e93ef45a0,1740537433,0.1740537433
0x0965f648139a1ccc0e6af5a6116af62633621edd,97811087,0.0097811087
0x0967e03e7eb4ee568f37ac5c9ee472dad8968ccb,2760971816,0.2760971816
0x097cca16153d3bddf5c4e707288e323f0135618d,7780853734,0.7780853734
0x097faa090a158e67e055b74b0442be570885ae74,96235138,0.0096235138
0x098c176070c52626bc702c4bb8d8c09358094498,45841444,0.0045841444
0x098f580699343aa32e0313142e60e125c7d5a43d,2971816,0.0002971816
0x0991892b02a2b752ad68f2b01dd8457f9c22c26a,17627589868,1.7627589868
0x0999a766185e7d968e5c05f92bfa53c1873acf7f,97335397,0.0097335397
0x09a3f996a08d57a733edf94d01acfab23c5b748e,44812467942,4.4812467942
0x09a81f3b76d8e54d89ff25f30f947f3da2d436a1,90457444,0.0090457444
0x09aa22ca45fb51e3f423a4d0cbfd23eac40c1c6e,9545056128,0.9545056128
0x09ad747585956435026bee7720291d18bb848152,79990971816,7.9990971816
0x09afd91a8b1f64b257d82caa8f34ba93cb14b13a,22619644450,2.261964445
0x09c452ff1cfc4ec9ad8720936e51890da30cc389,6,0.0000000006
0x09c46a907ba6167c50423ca130ad123dc6ec9862,3386575449,0.3386575449
0x09cb1f3edc908e8fcecf9973e504c8b6222a67ea,1000000005,0.1000000005
0x09cb26671d4e4569c686a6dea182572d0a5ab717,98057943,0.0098057943
0x09d418b6864a6612d8d5c7693ff7e1513d23b80f,2365,0.0000002365
0x09d4793cf23868974d574aae2002954fd3fa0067,11161399,0.0011161399
0x09d55e54903ffc274ee1ea528030fc37da36eec0,3130123033,0.3130123033
0x09d7b94795560bb740944f2a15c5d6762d12f85d,50016747,0.0050016747
0x09dfeb03893c810bac4713ee09ebde83138a7a32,4885666505,0.4885666505
0x09ef833fce9e2d9e717e6b9649753c7f23330968,389274721,0.0389274721
0x09f8bcb993fdb7d9ff2c6c86bbf9e6e48f187a3a,446731,0.0000446731
0x0a117ddd6e20aedb36a91349e7f60f97c2102cec,95310993,0.0095310993
0x0a146922cb56b24006d5a019d4b583900c81bc2b,1,0.0000000001
0x0a15032416a5316c4d3d9e3e9fb0a397800dec1d,21573407,0.0021573407
0x0a16ff212db3a584c8b8907a6dde1f0e7fb926cb,93219228,0.0093219228
0x0a205e43a2df5560da8977d28990e32e17461497,169722392058,16.9722392058
0x0a251df99a88a20a93876205fb7f5faf2e85a481,5,0.0000000005
0x0a26262fd81474c1338dbcd63d4e78efa841df9e,1236392390,0.123639239
0x0a28bee8c761820a56f6c3955691d6aac4c042d5,1,0.0000000001
0x0a2d4f2c5b2ff3b0e554bf11c2cc89a31c4dc4cc,37133301,0.0037133301
0x0a2ffc234b10eb2fcb662c64eebc14d5d463b1ed,381299012,0.0381299012
0x0a34421a730ada23e7a4ecb8af4a4bd60be761ef,90971816,0.0090971816
0x0a34722da6a6011e0e3511f903bfe08ed0ca7595,102698627,0.0102698627
0x0a3f833dfbb46f6d7b00cc22a8814b3aa5d37874,9331776,0.0009331776
0x0a4ca638a893ffe326672a4e2347af32a5b12e98,96563296,0.0096563296
0x0a4d305a1c618f0227af253fd1f9c36f8bce1d6f,8,0.0000000008
0x0a56dc071ea4ae1eed5c34ec3cfdef3d71a17e4c,100000000,0.01
0x0a5960ee3d261a89f563b2fc105487ba30cae475,507266,0.0000507266
0x0a5a41537e66de18867d2df715e177f4babfc4ad,6,0.0000000006
0x0a5abc4eef196994abb9cd34fa8fe9229ce53e4f,55043314,0.0055043314
0x0a5c421fd4929d4c91521470ea06530310e0254e,85804297,0.0085804297
0x0a5e1766366e278ff415d0521fde933c5adb36f3,20029617940,2.002961794
0x0a65d9bf28a81fcb8bade1de83f671ea54033ba4,1,0.0000000001
0x0a66a579d24671500c2c313bf6ac904b0455124f,6422082451,0.6422082451
0x0a684932ddcc371083a4bb356e54fa4820b8e633,65298459,0.0065298459
0x0a68f81fe8c23cf19fd0f90be3734f68ff2ef451,102243936769,10.2243936769
0x0a6a6b05a7ae2dfc140d7999c5ae08a5bf171053,10000000000,1
0x0a6eae20d29c668fe4222e6cb53cae6e3f1e04f9,94604137,0.0094604137
0x0a6f259d787f9cb854bd7f8083b4606a751a1a2f,22503351859,2.2503351859
0x0a6f2f5ad8954edbadfdb508e599cd26ab668b97,85408159292,8.5408159292
0x0a736ef027d6ddb40d03179c8bd61a969a3cb79b,1192234512,0.1192234512
0x0a737f4f2bf7e67d1a925b431948312848f087de,199977133301,19.9977133301
0x0a75be9395645eb154aded362dc1c6741704a65b,98569458,0.0098569458
0x0a75e0c413bc8df71bda8d583077367aa9570703,1,0.0000000001
0x0a76111a8c9a6ccfdd85b6272a56023c14342c6d,93534311,0.0093534311
0x0a767806be662daba41e306a19e788ef577acdb0,49990971816,4.9990971816
0x0a7826a5ba9e119f6d2406d1d7c284f1b2fe8969,10720001712,1.0720001712
0x0a7c667d41fb74659476f5dac8658fd1d5230e37,61,0.0000000061
0x0a840f7ad0cf4ee999fa453fafa881e40a99c12f,64,0.0000000064
0x0a927397310a06b3df98345c982661253e88370e,6996329871,0.6996329871
0x0a9a2ffb71cdd46626486b1fce1ba845ce64e89e,94710218,0.0094710218
0x0a9ace4878300e73ca2bc1c163909ddc2c275ccc,94604158,0.0094604158
0x0aa0214e750f941c6b6da545ec0d097f91bb7806,473544974,0.0473544974
0x0aa04bc30c2dd7b539fb8cdb2ffb0b3531d5aa03,2,0.0000000002
0x0aa3358d7c2913de2f67cf4425dc397ad3085bf5,4973544974,0.4973544974
0x0aa472314533c52878445d36aa5b76a483fb0e10,3071816,0.0003071816
0x0aa5b0092c92d9817406d87d1b30b1e076785fb9,93540267,0.0093540267
0x0aadaee0189a8acc2aa10424cfb27eccfd1a4624,97355046,0.0097355046
0x0ab66ed9ca0deb340558d2e4c32139ee145bff54,9282180,0.000928218
0x0ab8c760d719443bbcf479d1123ea1ebf880f574,9,0.0000000009
0x0abf38a836553552d2f064c1255b328a5ebbd5e4,6932483735541,693.2483735541
0x0aca42a05c35d14bb66684a054f1863781dc9d9b,1200,0.00000012
0x0ad0ae4ef78e3c575b166ae5f32a8e9f3b6537c0,28790060,0.002879006
0x0ad3ed5fae0a882d3c155cb6ea55e6d7efa468aa,831402251838,83.1402251838
0x0ad5cb87e5bcd6b679b2c69c25f852110c906a5f,6,0.0000000006
0x0ad70caac2ed36b63772f36987c821383093666c,10773544974,1.0773544974
0x0ae6386ea4ad679f8e38b9dd70b99cd763669c51,36776316596,3.6776316596
0x0ae66e4323ccc943eaf8032dac1e97601895c80e,199915994848,19.9915994848
0x0aec23a9f7453d249beb3c8d9058af882bdb8e18,1000000,0.0001
0x0aed9fe201b80ee7053b4001a060568e9db63606,17268786760,1.726878676
0x0aee89b080309c6c9a74c831e217d0f25c0e6d06,272278240766,27.2278240766
0x0af882c31a31a157c060bd517b46547a006769eb,1,0.0000000001
0x0b019fd2caa1623bc0369e91cba3a5708ba454d8,1670891318,0.1670891318
0x0b02b08dcfd79a31cfd6e608bc5b048a34b74cf8,284466,0.0000284466
0x0b02eb823499bf4ba46583339d13a3831c223504,6682366,0.0006682366
0x0b0db545517b9dabd652596fb26e044841ace4cd,6,0.0000000006
0x0b104617f5fbbe0f5a0a58dafd1942b4eb34f8c5,4798,0.0000004798
0x0b16d9f28c3c6dd3a89b5ff40e2ae860888f2d78,977133301,0.0977133301
0x0b185da59ac2e02c7f789b459d353e48480baa26,93065706,0.0093065706
0x0b198782b50716ac161213094ec1f571831cf58a,599478,0.0000599478
0x0b1a4a99a75226230356dd79ca0ce31842e3101e,3071816,0.0003071816
0x0b1ec7edd6e14f1a7df617f1496a39a2ff19152f,6,0.0000000006
0x0b2349823315ed7576b350832b4c5d4ad3c1444a,2055487619314,205.5487619314
0x0b264d3b824e5fc9597855df249adbb0558c276b,48347366,0.0048347366
0x0b2c3ba908e54c29edb17a16ab53b6d699e1a5e1,1,0.0000000001
0x0b3ac4a8672276163182078339053921a5c6a6d0,1,0.0000000001
0x0b3c77bb6ac448ed9086f4ebc643e804cf7e1b54,1,0.0000000001
0x0b43b9f3995032f33624e47700659facf452a008,571279,0.0000571279
0x0b4b9c941b725d7c013a95b8e144360b77ad90c0,20308119743,2.0308119743
0x0b4d1424d2ec5db744d243fb90ac2f579a870703,3811,0.0000003811
0x0b51222bbfd1cc620beffa4b7dd3f2255b208599,705001790,0.070500179
0x0b561992d39a67879679ef34c052d3220dd130e5,7,0.0000000007
0x0b5e2a93048f07465fd2b8bf37ba23a3098ce688,312526,0.0000312526
0x0b5e6c65f7110107f6973d3cd275173c0dbbf3eb,49620152588,4.9620152588
0x0b60411a8b74fdb369c04a55a4c9782c7176c279,947508075,0.0947508075
0x0b64648b58211aa19e8deb71784f559646dfe7b2,179030767027,17.9030767027
0x0b6513258f0bc261c912ab8917de4ae1b891fa6f,8,0.0000000008
0x0b655a709d473a0cd3df453002ab1402d5ff8482,22110607023,2.2110607023
0x0b66bf83b6568457a659c9f44fc2a79e90bef9c0,79538592,0.0079538592
0x0b6aa63f1a95bea0f9a18fd2e3888d4c7ec54574,185695823,0.0185695823
0x0b6e79ba994cf84969bc73104818229612526dae,95227861,0.0095227861
0x0b712390ab8cd52ef9957cc4dbee69d2ddd1190e,67279,0.0000067279
0x0b7633d47c6bb5106d33aeccf1252a9d7413b90a,1976685833,0.1976685833
0x0b7e95795678be3f4dc4131cf0188cd674bde3f3,63699,0.0000063699
0x0b807fcc3f7accf79540b112c67442509f7338eb,61721309,0.0061721309
0x0b81183c2ae94191749c23c1834d7a5e0a3cba02,9973544974,0.9973544974
0x0b86a9fb3c0605441d70346855b6b1b2ebc10bf9,9986114679,0.9986114679
0x0b880ebdd6ae035c9c348b957333c56cf64d107b,4436769734,0.4436769734
0x0b889c1a57c3b1683893e88d24189e4f4bdcbe17,61401705385,6.1401705385
0x0b88c38729ab1ed1bc8160c716f1c4583a935f40,8,0.0000000008
0x0b96940d7409fa9b5e5d86f03c4847ef5b97746b,973544974,0.0973544974
0x0b9f0bfd8098e2a57b279c8eea02bc0e0a08617c,20298554,0.0020298554
0x0ba1aa8e98257efb07cca9bdcc410a38056897d1,4947089948,0.4947089948
0x0ba9fc339f64a42211d9b04b06236b3e4d859fc9,1239806624,0.1239806624
0x0bada0508be02e19bf752fe3fabc9edac3300004,96434,0.0000096434
0x0bb7e02362800918972b371f4fbfea7cd634936f,1697,0.0000001697
0x0bb8386c1ce24d2a1d47d2a995abefb590c50810,33411,0.0000033411
0x0bbd52c7f92d321717db0c6d07d34c674114e64c,7,0.0000000007
0x0bbfb434c59321fbf457dce0ae2a4bbc50c5324e,246373445,0.0246373445
0x0bc0ca423ac7db9b3790fa9dc5296cb93d54c676,663766671,0.0663766671
0x0bcab08aba1c82e7074b5bc197649f471f73fb83,106886785,0.0106886785
0x0be1c525a6af22f54bd0e0833efd720d7f4a8a16,443376491,0.0443376491
0x0be6bc598ffe294c5e35d8dc686d4fbe083401de,110971816,0.0110971816
0x0bedabbcc8f4bd177e2526c0b94b4d4805d2c0a9,248805,0.0000248805
0x0bf74290440f63e89a25e29876a57d855737d9c8,72856086271,7.2856086271
0x0bf7835cb94e103d9c48d014bc43652ead19a550,2173,0.0000002173
0x0bf7a71a22b7ba291bf8ea3661f1d590515fc1ca,39990971816,3.9990971816
0x0c067d0a95146500c360960f5dd0f9f22a82186f,1,0.0000000001
0x0c08f62f53b954406ce03e34e236d626700723ba,9,0.0000000009
0x0c12b446d1bc5236888b7ff730586b0e69d320c9,9,0.0000000009
0x0c13088ffd894497ec3bf72fbd391bbed770a41c,11063918800,1.10639188
0x0c1633e0ba164a9def56d86d7c46afcbe4d28a77,9,0.0000000009
0x0c17144e3fb17a7f6aee82008386f53b498d37cb,53067506,0.0053067506
0x0c1bb5588e5a7d3a1e0761957c63738228f0e6bc,96644273171,9.6644273171
0x0c204b513bdd7e7cbb4ddb82b24fc020ae388166,79299457,0.0079299457
0x0c358ac0610eee1298ad312a7b87e04e7e5f7fc0,733711339,0.0733711339
0x0c3e385fca172b33d65c8f6eef62ea30138102f7,4,0.0000000004
0x0c466c122d455e79d3c79d9c991196e271983de9,3770,0.000000377
0x0c468c08009aa450271e80e67820c2474891290f,599568,0.0000599568
0x0c4c71dde8cddfd21625f54ad868bbb05832f2b7,13240000000,1.324
0x0c4fc3b948845644b11d51782ffe1d3fb7e707a8,93322869,0.0093322869
0x0c515fe150bfc264aac5a6d652289d224003398a,8,0.0000000008
0x0c5b4485d96a15e691f77b8b1d7eaee70f388f19,1726047459,0.1726047459
0x0c5b7bcb5e0e1631ade1179659d9bb17af736b75,111719,0.0000111719
0x0c5c3170b539f0379dc4c9f541b193cb1f103712,29590732840,2.959073284
0x0c5d2a24ddd5e1f83a3da51beebd438cf0a85470,544974,0.0000544974
0x0c5e23ec0d00b3d687751e458479429d10284188,85801354,0.0085801354
0x0c610dc0321d77fb25a155ec3bfb0ba5b028ef78,990971816,0.0990971816
0x0c63dd4116084f4ceab5559c745e74720257ccd4,1,0.0000000001
0x0c6a6b3c3be61ff2d48ca495c238262527fd4d25,99315036,0.0099315036
0x0c6bae048bb64bded54ee8fa2050327b5fcb5519,4913484800,0.49134848
0x0c7c7f87da98bbee4815071f0470ff4d6ed8419a,5795363906,0.5795363906
0x0c8288d8444637a43e1e107de0744a0c2abd343c,79778859551,7.9778859551
0x0c84169c113987ad25359c2dc763f6fe0acac3a9,8,0.0000000008
0x0c86d5257633d95729dc8bcfe087485951036bfb,599485,0.0000599485
0x0c8bc0ef2064314fc5e3015a4e60191a7b0c47dc,90971816,0.0090971816
0x0c988da8a34feae94bb076bd7b92d378e60130ab,307537702841,30.7537702841
0x0ca1360cf1fe63275a1573a9bcf1bb526079a311,7,0.0000000007
0x0ca31c1cf3d25f4e0179461f0d9f6dc3011b0ef3,84,0.0000000084
0x0ca50c73fef306e20cdb9796c4f17d5a9e421fdb,455817964,0.0455817964
0x0ca6017aadcb4fecd63bd026924fe4f6b8cb3cfd,9677731,0.0009677731
0x0cab8614cdccde6645240b24f11ee1818b71eaea,8,0.0000000008
0x0cab8bd47b3573ccfcb6bfdfa419af12c218a289,85673016,0.0085673016
0x0cb8a62cb4be34b6dae3d5e5700985b70834e850,8,0.0000000008
0x0cb8dea25ddc4700693b17b8b12d96fcf03df647,3725,0.0000003725
0x0cb9006484cbe7dda87ef4ecea1ac850f6f9934d,95787585,0.0095787585
0x0cb96b749e57f2ee5b61711b4bb37a9567d7b090,6,0.0000000006
0x0cc3008df77953503f3304676fe2241bd911e411,8,0.0000000008
0x0cd47fb8852e0cc1441247fad84dd2a22f9fb9ec,93768837,0.0093768837
0x0cd613b9f05950bf96fb207c895aeeeb5119174a,20000000000,2
0x0cd6db7b57d6d942955e70bc0237532f0e75600f,13703210,0.001370321
0x0cd906e2cb3a6548c5c102c33217c7f196743ff1,599447,0.0000599447
0x0ce390f18af702cca546297845a4a51d102123cf,2,0.0000000002
0x0ce6d9787c5d04d6b172db7f5ff1377d8ef1ffbf,34807733,0.0034807733
0x0cf22c03aaea107b1cd062dc2a25f38ee0bac7c7,4970212029,0.4970212029
0x0cf5c3cbc8649b18ff1d63ae2f556662a06ca446,32153858,0.0032153858
0x0cf6a7ff616d0ad5bb4f81b34d953fc94ba70de9,2971816,0.0002971816
0x0cfb7ce7d66c7cdae5827074c5f5a62223a0c230,1657255780,0.165725578
0x0d0062fc903d1fb832ae9b5373e1963495d37976,599446,0.0000599446
0x0d05d736db2b9923cdf3fe967ea8b4e17da94c5e,9,0.0000000009
0x0d06be74b7fff065c6c47f93872eda643f1d0a34,95740480,0.009574048
0x0d102b59fb431caea3eb768efc0ed598b59cafd5,551959980,0.055195998
0x0d186d82dd7ec0cc7e08f1ff7b4019ef9356079c,29855580,0.002985558
0x0d19d6fe6b0ad0a6f75181dda130ceca75cb0973,11,0.0000000011
0x0d1dda76e7effac20ae067abe35910c0bf7aebfd,97500357,0.0097500357
0x0d20b199ad2377f1bcd4d20e881cceb7480d2f43,1339116228,0.1339116228
0x0d2ef00a9f9a3c9e1aa25a6497ebaf38a8ebb6f0,8,0.0000000008
0x0d421b61b42433876cde49d84f46757d4a633199,3528,0.0000003528
0x0d469774ee44da8c6c8d6b2ad5a9e2f6bab8c65c,78,0.0000000078
0x0d48501097a1718388b2b06cf31e859bed40007d,3,0.0000000003
0x0d5531011ac9bbe7fa9288bb297a733628a805d5,395245631,0.0395245631
0x0d5b3a100cd56a708239593866ac2530d0dd8415,96100619,0.0096100619
0x0d63bf9fcdd69323eebd7d438d864c48b1bac696,1,0.0000000001
0x0d648783eac6adcc74c6f6254a59e068f77721ac,5525968462,0.5525968462
0x0d6a2b70600e972be4b426036b03ec07ede905c4,8,0.0000000008
0x0d6c67939214f6fd2ec316aeb210f3bc4877bb2e,98626241,0.0098626241
0x0d6e94d085a597f316be1833649e05a45103e873,9977305754,0.9977305754
0x0d6f8447707b7a5924fcd0e04e7d8f371f053fa1,126508000000,12.6508
0x0d7e2e374b20b2207615b4ecb8c16300e1bf1861,6,0.0000000006
0x0d8876c39ec37292f101bdc78353268c7aad69cf,537933,0.0000537933
0x0d8b8a41f5067d50601ec29de3b9daadba383df0,45182609639,4.5182609639
0x0d8c11462abf7a2482b7f4b686b9d644de8ef5fc,6024125674,0.6024125674
0x0d8f008b204136504a0a1283ff4539d8d77a177b,1,0.0000000001
0x0d905581cd4b61ae9b4975f0c2d998100112fc1e,9000000,0.0009
0x0d9c4684711369963209e17f60127ead0cd1b331,4,0.0000000004
0x0da7fa3b0165a8babba6f981da2394cb6c6ffcc3,2354258486,0.2354258486
0x0db28860f87074bdb5d1f07956c439372e773754,16,0.0000000016
0x0dbf8406b7bd1bbbd97b78ab5aaba9102c98b731,1563007475,0.1563007475
0x0dc31397c2374beb43ad4f9fd65f1f8f3e7d6650,9973544974,0.9973544974
0x0dc4204c051bbb10aba92839662722f6798caf26,4915994840,0.491599484
0x0dc509699299352c57080cf27128765a5cab8800,9336,0.0000009336
0x0dc99550acc01f97db95aca0b1a95b10b6c36c99,7,0.0000000007
0x0de3f84782427380c6588a9dca8675a5c40893cb,55503248919,5.5503248919
0x0de7f0d580871dd55cb2ac46a660b71802ca5f43,1695254,0.0001695254
0x0de8fee8489be889ce890752f707d634448d06a0,95484812474,9.5484812474
0x0deb4f26df626147e6a622e088fa15a3ba4a09d0,2009836244,0.2009836244
0x0deb845de6dd1399cd704ac10e07e8baa8b80472,3990971816,0.3990971816
0x0ded47a420637fd6ac6bf074d18b5d45d9de94a6,3472561827,0.3472561827
0x0dedb918825649b78d22635e6c163983c038d41c,10000000,0.001
0x0defecb9d5c787f77cf557ccd8290e8a236c5ddf,269978767,0.0269978767
0x0df24a72eeabf9ba0e08ad08b51e31b874dc96b8,93530076,0.0093530076
0x0df522b8df59ba5ce0423e58ee695b80aa253ae2,153055536,0.0153055536
0x0df53438c309ffcf1934e7e4f5ed4094a2b4a818,7432755366,0.7432755366
0x0dff191f37f216dc44777729162200ebdfab076e,177233963,0.0177233963
0x0e085f5400177ff12cd455419a477f5e4d4076b0,8,0.0000000008
0x0e0e2fc41b3334cec93694fed8f4eb951104f429,3,0.0000000003
0x0e10580b68c4535d0e768376a80efb9d950784c5,926886274,0.0926886274
0x0e15dc807b26717f7b142fc0fa15d25f176aaa1b,29389608155,2.9389608155
0x0e16f5ced2e60499c74e1333f7dda5f19102e940,5664,0.0000005664
0x0e170a52628cd836059f5f2e6ffb5c1230e10266,23211062837,2.3211062837
0x0e2003448c66866be1292fad706924bb2f36c4b3,11816,0.0000011816
0x0e24eb61403975b64b4c601268d1eddeda6aea10,249915994840,24.991599484
0x0e3109261940c95ef20fa759c9a7e3709a86b2f4,10986114679,1.0986114679
0x0e34ad56379acec7f09d815729b70c85adc1ec99,19968170,0.001996817
0x0e37baf4dc4fdffb1cc2b34a340f6abb2f367421,290971816,0.0290971816
0x0e3cbd67b2e89cb57fd3dc852484136ec768dd68,1001824301,0.1001824301
0x0e41bcef80d691a8000db2572bbc294ac24e26a4,8762405405,0.8762405405
0x0e4b8a0c697d5695fe63de2da003f1960a5e5956,11612615444,1.1612615444
0x0e5029fe3c4b12876c2da1a34559cededc232b8f,1313,0.0000001313
0x0e619e06bd8672844f9265a9c1c34dc97753cac4,1444923415,0.1444923415
0x0e649d15b366ee8f559dd272f7ce6fca4573b21d,1,0.0000000001
0x0e64cbca254788df4a8d29e3721d077d91d0d92a,9236830007,0.9236830007
0x0e6c9bad29314e8676c18721f450cba2e0e9ffc3,4479533128275,447.9533128275
0x0e6e8e8f54e3497e9b146e4f9d9bec16f89a7aee,214797000000,21.4797
0x0e75474521e1c98107b1b2e85f6c2543fb3f23ae,1,0.0000000001
0x0e8a7e67cb99dd90946af00e6e789823e86d3e09,2,0.0000000002
0x0e8f0925c0d1e238f1f44ba2985ca7c830599b2c,690971816,0.0690971816
0x0e9036d5e3e54c710899ed6957d0142e5d80159b,93379361,0.0093379361
0x0e92bd9f2926d423767c2a90e3e80483fec13ca3,800000000,0.08
0x0e95ea10f304e6d25cfc766ba26f07e33468d2aa,29973544974,2.9973544974
0x0e983bf3fa8a4defa29d59272dbbdc6a5f6ad436,93205024,0.0093205024
0x0ea4bfb46df256cbddb8888958d77d7f25ccf1d9,8,0.0000000008
0x0ea577ef973a99f033819439581844315028be54,11816,0.0000011816
0x0eab378db22ab9ab48148cb175ff3d9614b8f85d,37471825,0.0037471825
0x0eb8b3a2740bc52baace1432ed56ba8281fb5015,9929880161,0.9929880161
0x0ebb514654439e2fa4c6154f12d27571eed8b0af,2,0.0000000002
0x0ebf8fcdd826f134a386fadee3d817d0994aa011,6188923548,0.6188923548
0x0ec8e46080ab46735e568c81f52d0cf38be4cbb9,2990971816,0.2990971816
0x0ec9a2b522bac8f7fe0cc80cfe9246e0194bae1e,19556682215,1.9556682215
0x0ecea2860d693d16376e06301fc8c1428df66a25,93026168,0.0093026168
0x0ee4de80982cba808133f4771a33f88668ff6d93,2834,0.0000002834
0x0ee57ff2fba4ed966081c8dd69864770050666e3,9,0.0000000009
0x0eece9fa6f3d7142475c29b0d5aaee78cb260235,15958307691,1.5958307691
0x0ef09557062c2fb9f2071666e7d0759962b04bc3,278652119,0.0278652119
0x0ef0aae5c1b91c7d03f2458edff2b10034a85f93,96100643,0.0096100643
0x0ef0f3132635de83f8a8f5034d29bfa2e1f8eb60,1700979073853,170.0979073853
0x0ef51925674c7feb9dcedc3a9ba61ff2f48e9839,2,0.0000000002
0x0efa50fd19a2dfe22b31e3fe92527d527b469b68,26912994032,2.6912994032
0x0efe7487d7d52997bbe21d55586586b797e3cd2c,98402639,0.0098402639
0x0f048b2d3c0583c5d260a00335685bf35dd7ea52,986114679,0.0986114679
0x0f0c37bc941eaf632e32ea50ff492b31fbccad42,43095,0.0000043095
0x0f14f7307e057fad235b4d8ca879acd9692f5f87,992490206,0.0992490206
0x0f167bc266df42daf11615517024c62edf193394,122244879,0.0122244879
0x0f25837044826d0d20a6f0a2b08ffe924e2d012f,23544508,0.0023544508
0x0f276697db5f06c84fa484dc94ef63e31fa10479,3,0.0000000003
0x0f2912fe80bacd62851b14bb69663e281fdc782e,93065709,0.0093065709
0x0f2c39ce99cf3c9c9cb9f9cc15a19c09e2fcda6a,9,0.0000000009
0x0f300b667c55b28f4609eece5628cc27445a10cc,6,0.0000000006
0x0f30e88267a85955e043a255ecc0800877d38613,59999649017,5.9999649017
0x0f3bb74abde3af48b24164313f31c39922d83e01,381281882,0.0381281882
0x0f3c40bda0042a19d2679c125812c2f3b12131cb,8099,0.0000008099
0x0f57fdbca7eb3a91bc2c8b2408c8cb562d3d0092,1,0.0000000001
0x0f5dfd286156e88e5c7eb057aaa604ee773c5cc8,8,0.0000000008
0x0f6172f18f10ec1f92b6b4361c9556d8188b609f,4061062661,0.4061062661
0x0f6325ef7e034f5c5b991442a23c796e5038e725,792442155141,79.2442155141
0x0f643a83b34d088730c1fead1fdfb67ef830988a,9852043160,0.985204316
0x0f696812f40d52327b8cc419b1044b0e9c162ac9,8,0.0000000008
0x0f6d31e844b168c0a433e22f553893c3d4d4a587,4,0.0000000004
0x0f6f2e6b72291fcfd65e6ad8b356b41137b11e69,4958344046,0.4958344046
0x0f7216f810dfc553e9f840298c333cc871bdcbcf,95307990,0.009530799
0x0f854418a11376d3e821baddd00dbc5fc853ed55,5,0.0000000005
0x0f8617eefcab955e050d9d9134cda5b6501addfa,72202361,0.0072202361
0x0f8eb5abc31e779fba8c74ab5028beb6fe7ca34e,1,0.0000000001
0x0f926757cb230cce3bc1450a77ea9d3232a51ddb,15994840,0.001599484
0x0f983da88e78ccd4711c9129e312d47a86d37609,2,0.0000000002
0x0f9ab323f181cea23748fb14e9ab2da419b9d515,4,0.0000000004
0x0f9b1b68f848cb65f532bc12825357201726d3d2,50202320715,5.0202320715
0x0fa6b9c5f2c265e8cc48aca380c2e5e583b54b5c,1396103938,0.1396103938
0x0fb03e4481d1fcd5e8a851e72ada369617fd2e1a,9298,0.0000009298
0x0fb58692bceff407e9cfa9b7bfddeb219349837a,11816,0.0000011816
0x0fc2a45ec9d75796e14c6f68f5f6f64e26f3c5c5,11816,0.0000011816
0x0fc6501672897e4b4dcca3ab16a09ccc04c2b193,1,0.0000000001
0x0fc99a67f8c073214bd6e09335c3bf56c8b070ec,2,0.0000000002
0x0fcc6de5e36247d12b54c33ab3ad8a808e4c7c19,14170268756,1.4170268756
0x0fd6b2b5cba2b31db624bd9db218b68c595b95cb,27052709312,2.7052709312
0x0fe07c1b7dab02295538502128f80b840d060b65,185608,0.0000185608
0x0fe2cf44799c1d7dd7e3c0a8c7b9cb9fef617341,1635578476,0.1635578476
0x0feb6d3af1ddb786c87c8b22e7bda17f5b0dd7d4,3,0.0000000003
0x0ff921c3b9e0c090d34b48035e508a089036af90,560335814,0.0560335814
0x0ffc46cd9716a96d8d89e1965774a70dcb851e50,7453579653072,745.3579653072
0x100416bfab101b31c69353b747746973b17122bd,544974,0.0000544974
0x10115ea72868edacc4fda8f398043ca593f5b830,4,0.0000000004
0x101830edab605fc7a5db410be851d2731d4f10b3,1480731,0.0001480731
0x101a7564ca8963a7ea5d40c0f0ff51a1c5e7f233,4929347761,0.4929347761
0x102638115d9abd7775e7cbf8e654fb13f2b72790,46248692,0.0046248692
0x10270ffcd4fafb604ec2b37055d2a78e76f2506b,95307643,0.0095307643
0x1048e1ea6538a43aab59deafced71a742866e3f6,4,0.0000000004
0x1048edbd1a1a9228c3e233ddaff923bb59750288,2027164655,0.2027164655
0x104a1138259d043e067448cc7ab3d8276cf4ed6c,2,0.0000000002
0x104e20f75caa73cedf1c1227fbba3d21653b7074,81378,0.0000081378
0x104f418fba41da27603f1aa8cc0ac09d8ee79902,7665346202,0.7665346202
0x1050c43335344ad328b96fc835463126de993c2f,3,0.0000000003
0x105648629de38ea2567dcb4d517a52755f61e204,8576,0.0000008576
0x1056bb7ec945698c2e83160e7456dfca1600a3d9,110275,0.0000110275
0x105f6fe63cd44b5d64d8c1a0b672a198d2a2a48b,3,0.0000000003
0x106017126d1e05bb8416e25b3bc8d8e9d2027416,696611,0.0000696611
0x106166834496776c11b2130bcec76e58db809bc1,99990971816,9.9990971816
0x1064f58bbd7ed0a6ddc638d5f26ba772f56716e6,5,0.0000000005
0x107a4596c5664fddd918fbd2605e69feae5fb4c6,4282534376,0.4282534376
0x107b451c956d147c4978337e4f8684e2d446a341,35284993410,3.528499341
0x107fda3de2015dbf792a4f20d0b826df4f4a38e7,2702,0.0000002702
0x1081749de9bcb8a78a5c5b1e980f83d855205526,358441,0.0000358441
0x108d53e01636c8530ba0584d029713670fddf75e,1546481179,0.1546481179
0x1092344bd96f351a00d07e75fa4974076342b779,18488835037,1.8488835037
0x10964dabdf4a9c003ab57b1255f582fb071df7af,57601511,0.0057601511
0x109a3ad27f894bb89a6a98ffd5d4aef983aad98e,63293,0.0000063293
0x10a2bd1bbb24f5d9e0c52f8be4771a2e8fa884f1,447497125,0.0447497125
0x10a5adc8c0e8d27aab2726e6301832b0eae90a35,10000000000,1
0x10aeda815442c83aad7ba990aeace28ad5cfe8cc,10340175902,1.0340175902
0x10af5e3acf14553a67d8f0c75f5f89956fb070cf,9691490712,0.9691490712
0x10c1af10e3703d377f69ba9f4d17a5f3b8d3f501,8755721481,0.8755721481
0x10cab78a8b0f3cb3c08f1b4ad945b506b208670d,535194,0.0000535194
0x10d11924bcd9c1d95c95dcb2c5d6dc74d83c0a6c,41214759,0.0041214759
0x10d4c4b1fbd4ae3a7c04bbc79ea879d577021b37,245402570370,24.540257037
0x10d579d3b7ab7e5155ae4fb1fa4a27cdbbf4dceb,82121677,0.0082121677
0x10d8abe46962f61dd0a58f01a619328f9df71aa9,36625674,0.0036625674
0x10df54509b85a6949ad00874ca9279b7a376d7c5,9973544974,0.9973544974
0x10ec5f9cd0677b8f78b1f693ff641d71ac3bea45,599563,0.0000599563
0x10ffaab516d51a906fa140ddf53e3b3f69dde8f9,90971816,0.0090971816
0x11051fe33d170490617d9ffca01cc69ec5cde44a,580964772,0.0580964772
0x110cc8510417f6e3da69d38d1441002141f3ec66,42159382818,4.2159382818
0x110e66f9e0135b1f7bfc132fc8eea6ffc634f1bd,3086114679,0.3086114679
0x110ed1914d30af9b933702a3f69decda2e30fd18,17032198173,1.7032198173
0x1113f0251787d2519764b6e02aecdcfdab04f659,5412682974,0.5412682974
0x1115ca164b273eb3ce386d0ebf6877ca47b9d783,73209,0.0000073209
0x1118c9f106b32f72b9f465be6ebde66acf417f48,1,0.0000000001
0x111c5ec140d55104af9a411f5a5b4d360cf5123b,2926057005,0.2926057005
0x1128633e9c65fb9e5b48fa3b9edfa7ba2aac8bb3,339826642508,33.9826642508
0x1129da039e16da3a06f7a76076f7f1a2b9b8b3ec,2271816,0.0002271816
0x1131655adb5f3861dd41c23e6c576eee3af43647,12935618751,1.2935618751
0x11351149b0d44d4a4377ec5e81e14cb612f489bf,26944134,0.0026944134
0x113610a3a1ba87efd6e1c5b8d6b87bde34586df8,6947089948,0.6947089948
0x113b1fdd851728188451071184d331b532e1056a,11939639270,1.193963927
0x1142ffbf98052d2d3f2eeb34817c051bc1df30f7,69494282,0.0069494282
0x1145fb87877def1e43a517f035e8c2c632ad56d4,4990971816,0.4990971816
0x1146425d9d89bc819abcc0d8177784150451e55f,9986114679,0.9986114679
0x114c4042b11a2b16f58fe1bfe847589a122f678a,8369573759245,836.9573759245
0x115803276e73c0fa440148cae020ed4f27954ca1,458735717,0.0458735717
0x115df6f4f46c6dc5118717ebc5d94197182bd1b4,990971816,0.0990971816
0x116832c9360680f445ab245a7f9dc8046b67ff0c,23,0.0000000023
0x116a958fc3d43ea1071ad0d8b9801dd3601ef119,32988481,0.0032988481
0x116c0f680e4b526e524b9b14b31a01a670f6ef47,95307662,0.0095307662
0x116e177841f218efafd6b0ef5467adcb8ef92127,56701231,0.0056701231
0x117ecec30f0385ff9c3e97341ef4527e69689952,599557,0.0000599557
0x11866f2417db1980d7328d56bf27ea5e383ca2cd,10971816,0.0010971816
0x118ddd603d9077ec0f972def82d6d22788b8d4ba,100971816,0.0100971816
0x118eadcc4f84a2749e43ffe0ea960eea4b2e3ffb,451541564,0.0451541564
0x119abbc86ac7c81aae7bb40be8c2a5c5a1fdab87,93541950,0.009354195
0x119d09838a6e2e4051673b1372cb178f73efb6ec,3,0.0000000003
0x11a4e9d1c74e15606f6c51c0f9826d4ccb82ad62,11816,0.0000011816
0x11a59457689b638c4f72918dac480b7322bb7ec0,11062837,0.0011062837
0x11c2c1c08ec17e734ccfb761c52486b88ae15a8a,135540535,0.0135540535
0x11c74ea53003c8b495c76c8ce625b9680bcdb2e0,8035503434,0.8035503434
0x11c91b4175e87564bc07d3108162fdbc721bac6f,6,0.0000000006
0x11cc69ac73a83f4b3cb1420f2faf7b09491f1d8e,790725724,0.0790725724
0x11d4bf8a435b7ea029867cfbd710c814feae8de6,9179618,0.0009179618
0x11d56dc6af2ef8f8f652462ce809eab85ce0382f,966469412,0.0966469412
0x11e1ebda25aa9b51e5b2bd4386fabeeadc0a6ad3,10000000000,1
0x11e797dbdb631b50159923d3e0ec66fe381c8931,2558680503,0.2558680503
0x11f026fafb033a2476dba7fe9a261ea3d11831a7,39556783845,3.9556783845
0x11f88dd203fb1454bcad242b18ccd19da0adb1b4,8,0.0000000008
0x11fd84dacd505e86b5c51603f1143bd8f81e3036,92908083,0.0092908083
0x1202797e1633d86196a53b813cf19861e1afdfa2,1,0.0000000001
0x12048f3a0014572b917d4a8cd4e6d672d250155a,389004591219,38.9004591219
0x120bbaad1b1f94431ff3fa24b3533b43c04a777e,350000000,0.035
0x121f6318c23b365bbbd41ecc05a2cd47b66f5727,20687916413,2.0687916413
0x122101b81663151639226b366f86a144a1cb57de,4,0.0000000004
0x1228ce4d37762a0f717709c0ed696ed96ada5d16,4,0.0000000004
0x122e0cb0f2b1cba9e369d43a5bfb6fa407612a5a,6566052077,0.6566052077
0x123409736537e2d3c401c17470a55790315085f4,740362981,0.0740362981
0x123a562447ce4d5284d276ae40f48bb4deb79c6b,246455471339,24.6455471339
0x123cc997cec4a5aafd45276dd7eb6ffacbf2ff01,42008551279,4.2008551279
0x1246d3c1b17bf5a1a404a6e47137b712b8f7abd8,92456021,0.0092456021
0x124743d06929062900284999b7a539f4f44b926d,3301,0.0000003301
0x124d821300a480e9b018703b05989f99520112cf,1,0.0000000001
0x1252b0a7b545878a32b08a5fb7cc3e8da35136f2,4,0.0000000004
0x12571d206f2757b319bc1edba91d390376f61044,800148191,0.0800148191
0x1257b6871bfca1da593ff5586e73eb1731b494fc,151288734310,15.128873431
0x1258f5b132bffc1c261f8a5eae6288562b489e45,11552823288,1.1552823288
0x125badb680bc3deb5a58be49f0595d084c67c3fb,2,0.0000000002
0x1260121fee8f2395b2d0642f66cb088935e79ad6,8107,0.0000008107
0x126902db5abf36f809ffe14b6f1b8065b53a4f42,143433785,0.0143433785
0x12702f3bd394a6b3ceaaf8636bb93e3796134fdc,77,0.0000000077
0x1273435236c014fb36dcb029ac736427cf9f4fe4,85804176,0.0085804176
0x1275086dce99945c3e438f549c85dd4f8f0b1705,90781710,0.009078171
0x1275ca4bc535b31a61d77d00f39b9022fb0b1359,78706265,0.0078706265
0x128088770b10794a41b272186962854627d131c4,9,0.0000000009
0x128095e46592dc46f7c69c56e59fddbe7f0c56ef,17200011276,1.7200011276
0x128be2a0d61f4a6ab7a50f2a22a7818e9527cbb5,99997002,0.0099997002
0x129f860337a8922eacbc622223ce77644e8c391c,2,0.0000000002
0x12a1e8f498501c2cce0967f8b9717b28492fc668,8,0.0000000008
0x12a282d228b306e08aff9a9a98ad45df1822062a,44811062837,4.4811062837
0x12af13e787e88afdd587bc067064c8f33e6e528f,9,0.0000000009
0x12b838a650e27bbb47119d0d0c3b39ebb915cdd6,381123801,0.0381123801
0x12bae860d523f7eda8bd0e939ac3010b9d6e6a30,599479,0.0000599479
0x12c550f9bff2809bdbd6e503f8eb179ec9d8cd9f,673967,0.0000673967
0x12c80329b21c47f5bcd38317e173337072c28f62,2,0.0000000002
0x12cb6f5eb0d90f8978deb060c46539e8b8725509,19811062837,1.9811062837
0x12cd3dca194161fe3535755075499f115982ee63,62743586365,6.2743586365
0x12d0ff41efdbf63990f832f03628ed0e1daef329,9,0.0000000009
0x12d227920136cb2990134da9485283f2291bda88,2,0.0000000002
0x12d3999a72c3a90fe1ef326087012444fb3167c3,3993635995,0.3993635995
0x12d9bdedb79cb521d49484a8bd462ee83a0b270e,99731587419,9.9731587419
0x12da6e5091166cfe653abc2956f020f0ca660d54,2154934504,0.2154934504
0x12de1d8ee5e93e36d639f3ef60aa271b3c49b17b,2616854661,0.2616854661
0x12e43316741450f8321b8ff255a024e4300be6db,100000000,0.01
0x12e85cfd63da9e2795e4d9d97f597fbdfa440a9e,599519,0.0000599519
0x12ed17d0061c89362a1fd0ba9aa960d68b97bd79,58068274881,5.8068274881
0x12f07e761b131eb081dce8e181416c758ab9105f,67258169,0.0067258169
0x12f551177a0ac9d16defda8069210bd294d3b593,94772496013,9.4772496013
0x1307076d16e9baa9acd96cf19e35ea976ce8b54e,3,0.0000000003
0x130cdbce22bbef39b74c9554a572f0835b05eeba,5000,0.0000005
0x131f84adbfa3af6695d76527eec5b26cf56151de,3760782,0.0003760782
0x13270501d3c8c02d5b0963a5e3a2cb753d6bbd53,599562,0.0000599562
0x132af7b2d6c8bafb82bce8f64e095e45e52878ac,49990971816,4.9990971816
0x132f9ae7233007901aad245e1735f8d9b927fe3c,4413988141,0.4413988141
0x1330d23659a81d64c9848534502c8fe6026bbc9f,10393584,0.0010393584
0x133788d4f1293887776638ac7b6e7e9910d917fb,5,0.0000000005
0x133ba0510a22c04791f240afce93b70cd216dc3e,26811,0.0000026811
0x13407a15140ecc5018d2ade582812d3dddd20d7c,77171094,0.0077171094
0x13421552057d068ccbb9d9967b16aa173a4127e7,95307632,0.0095307632
0x134de9bbd5782410d6ed17bf29576e0a39784332,402385051,0.0402385051
0x134f51434e0f9638d8c081b3f7aec33cb48c6e0a,23029590,0.002302959
0x135208fd833a3633ae8f8fe3019d28f0116c2eb6,599563,0.0000599563
0x1352e70a5fbf6ba6e2448353c40cd9ea9ea7354d,95023274,0.0095023274
0x1357a5fd211d0bd1394c7cca900dc1b43126d124,2162,0.0000002162
0x135d8efed93c99ed9b36d9bba10f0c68919359e2,954004089948,95.4004089948
0x136405ec5a0a65080cd58cbb581f2b264e4fbc3c,54558459,0.0054558459
0x13647c69f95b50572e2454777aa4d42b22a94409,1922707185,0.1922707185
0x1367e59070ec898867c35c0600c0ec7483c96af9,10000000,0.001
0x13682a88ade7ba3f4ac8614efb41b717e207fe47,1,0.0000000001
0x1368980fb8cf447e6899a6165181bc568b7cd5b3,19674923384,1.9674923384
0x136b6d6dea78a57bd21a705e4c6b094a25092bc4,599115,0.0000599115
0x13736e4882b4c8ef33834f1e6f8f73f61e67104f,977133301,0.0977133301
0x1374ab66f72f4a325d0f628a7559338303e49f44,12751838952,1.2751838952
0x1378c1f489f327724d19856395007f6a45a94555,2,0.0000000002
0x137eaa2c103b08dfd8a4ed8835b577b2035cc191,95306657,0.0095306657
0x137f1f5c303a180f8953995c87816d04b007bef0,90971816,0.0090971816
0x13878c3076cb3003cf3c5b7e499890e1cd91fb25,2111971816,0.2111971816
0x1390f87f3b742e3162bd510920d47c306b2e6b25,374741213,0.0374741213
0x139351987cd1c59d0b5008ce11690a42a64522f8,43661020,0.004366102
0x1396ae2122bf03abb4c0e1dc5892ea22b12e93d4,77866860144,7.7866860144
0x1398af033cd9b4857a05579c31e8a0f904ea5c44,11990971816,1.1990971816
0x139b7592c79112b817c8354a0a836ceafb4eef38,9,0.0000000009
0x139f2916cf105a494efa59645bdc0598a5d4c256,10000000,0.001
0x13a122f180bde210cbe9b8caf61ad808d44fcef6,95307120,0.009530712
0x13a224b3d763935b46132269907dce1e459d59a3,9000,0.0000009
0x13a2c0ee5c5ac96afcd0026740c0788367a8afcc,8,0.0000000008
0x13a5255aed8774e9755e58f46a75bcd086ac8143,588734345,0.0588734345
0x13b2d56de62f65cfd389cb6a2f275c272d7c850e,1609352314090,160.935231409
0x13b73e61f64dc0a285279fe34081cfebf7cbc8f8,1064689833,0.1064689833
0x13bc65c7067ed96a7b4294ffebb4ba6e5673f4eb,2770627613,0.2770627613
0x13bd4c6b94069a38e0a971f2589febc1d0ba3a23,258173083,0.0258173083
0x13c0aa56c203437eaefaeba58a304fdfff49ece8,6135805959,0.6135805959
0x13c385a2aa976b637d2a701dec0e2479cdae3bb7,26555562,0.0026555562
0x13ca1a949675fbf612ca19e0d3b098040c1edb78,4977133301,0.4977133301
0x13d54ba99232bddcb5bb819bd0759cd9bdd082cd,8,0.0000000008
0x13d7ca60a8f279a9f5518f25028630fc8416a2fb,94604169,0.0094604169
0x13e35b33b929bd96a004ea88d1fec552b205a23b,881943632,0.0881943632
0x13eeb3c499c3cd0a03d4ca01275d51d8c28d2ec0,142842987,0.0142842987
0x13f1c6aa9480f5950f5037d56c5582b6e8395624,3879,0.0000003879
0x13f44ce1767f04bdd7df720b678863fe7c402730,92639241,0.0092639241
0x13f95cf076a89c9c44010a5a3cbee8a98aad6591,4568,0.0000004568
0x13fefdd563a930f07b1ac8a2227acc27c3c12946,4502,0.0000004502
0x13ff91999c5fb8665cafb148a9ea7dfa2c59da59,4,0.0000000004
0x1402a59b134f8b673feb75332781d68175a121ac,10971816,0.0010971816
0x14034aab3ad4acc2568e5755f74d426604bc00ba,7742084835,0.7742084835
0x14036da0bfeff225a47fafb6e1eb40a200e64fb5,1762962833,0.1762962833
0x140f7fb3a77769493de925e396fb9d1188de9e3a,4,0.0000000004
0x1412a1eb9841f87c9bd2e81e5fe147622def0aef,839804059,0.0839804059
0x1415362f92f9ce77f93171ac7fcb8419f8460c6b,453674403,0.0453674403
0x14171594b047f1c3ebbf71dfbc33611da8b80b01,599568,0.0000599568
0x14173675af673aae0b6ef28eb83140c5788e82f7,5000000000,0.5
0x14280476ac7b0994745d952732048064ff6e4b38,5098100768,0.5098100768
0x142c5a7dd744f4a8e314c7a9a3310b66c624462a,7,0.0000000007
0x14317db38f1468bf6c4437ef5001d4168c59092c,146454134,0.0146454134
0x143187acaed94aede967c47f34ebfd9fd6f27ae1,5,0.0000000005
0x14337e5c3619854dc31db1c21150aac0125837e9,4977351879,0.4977351879
0x1440c9c385963fa34406235d2632d6c98a63b116,5990971816,0.5990971816
0x144b3bb2d8f0e24a81e7d455fe42065779bb59cd,8065167,0.0008065167
0x144c110384abe39cf0fe41d384f198daf6c7e909,94719219,0.0094719219
0x145521c7256ff3e7d9fd3130cce83578570692c7,68368273,0.0068368273
0x1457b7a933fb38a2d866c5e0d9b585ba0f1afdff,1990971816,0.1990971816
0x145887d1825561d77279f9f5d96fc7d794b78687,43656969915,4.3656969915
0x145dae57665aadf118260957fe0483ba1793d24d,73451079,0.0073451079
0x145dcc7e291441cc8348ab6840f7a695d3af6ac2,17981943632,1.7981943632
0x146baade6ecc534394a26c5e22c431c1eee0e3c7,1512890935295,151.2890935295
0x146cf168ec737344fd3888bbe6d9444aa2541db3,117033860,0.011703386
0x1471b8751221d02a6b627fdb382cddb80f7bf52d,9977133301,0.9977133301
0x147caefe609ef1ede5b491c3694c3ea07bd5b227,1,0.0000000001
0x147cf09e7373b8fda6f12021f1b0f98d6da1a566,24347781870,2.434778187
0x1487e5f88521c891f514467df190d6678bffa69a,16038626628,1.6038626628
0x1488abfbdb40e8f9c13863e5ff516792b95dd156,9392,0.0000009392
0x1492697f19046436a772507adb87a29458a455d8,98956081,0.0098956081
0x14a0af6dbf1a7f891f98207c0b50661e2c2aa6eb,6464339754168,646.4339754168
0x14a7cae7acd9e8cd949bd1669ab8bf5c4cb54e27,24230032,0.0024230032
0x14acede3618969b7c803aa5fd2083d26211ce6ad,97354925,0.0097354925
0x14bb33c47507ecce65e06a52f4a0c6dfc606fdfa,110000000,0.011
0x14bbd535b2aa6a511b1734cfc22bf1f142ebd8c9,10656691617,1.0656691617
0x14beedc726107ea0b6168f1df5bf8135b93a9038,1220441169,0.1220441169
0x14c436fbcad58c4e235212c63a6e34383fe32f23,27,0.0000000027
0x14c9018a6a4d08c62694654cb2e8211e634c4917,68,0.0000000068
0x14ca8187c14b91653dffeb6aa4c615a370d49dbb,85796816,0.0085796816
0x14cbc196161758ce33a3201357672efcf99a9e55,100971816,0.0100971816
0x14d0cfde509eff7d4f8a57b016e0bb54f233191e,11816,0.0000011816
0x14d15f15f1151d82e0aa5f2443b7da68f981424c,7172915448,0.7172915448
0x14d683a27c615a33440f995caa32499355a99b94,94708019,0.0094708019
0x14eb2029018ffebd26b61afcf954ffde232af0a0,93768725,0.0093768725
0x14f4f66b990b1ab567204034ac2cd9ecc9825138,1778464951,0.1778464951
0x14f4fb58a7dcc963455fbc29e6c3b72708687cba,599563,0.0000599563
0x14fb264656b8dd65a8d7365728c526bd72886644,92709447,0.0092709447
0x14fcd4dd27b4f3b1b7de5e774ec070565005b802,40828366,0.0040828366
0x14fedc18529112418fc1f277e70e2099703e2a32,2,0.0000000002
0x14ff0bc9417b6796f79768729002a793b51205b8,109972316011,10.9972316011
0x1501c1413e4178c38567ada8945a80351f7b8496,415994840,0.041599484
0x15029567539f6b4bbbe3d28986cd59682dee3048,1,0.0000000001
0x150401cf3d28ce470103d7efd738e65f985e6976,13044656085,1.3044656085
0x150d115d36970c49506b676a98e413f98cd358b0,10000000000,1
0x150e9c31870a99ce35e95c319474edc84ba93448,104968331178,10.4968331178
0x15167354517623f28956ad8ac144122a7c63a4ec,473710958,0.0473710958
0x151b6eb6a554c3c06a1f62d141f2678e816a6798,189629235304,18.9629235304
0x151e31efe1d0369c567cbc717d2d413ff8387672,14570287841,1.4570287841
0x152b96e08c543949de3adb6cf43eb7fe74f3d2b0,4,0.0000000004
0x152bddf0150a9a4e5b717b01ce989b5147e38403,1,0.0000000001
0x1531b4def60f549be78996d7e9db567e6989be52,95740508,0.0095740508
0x1531d01bb4c1ab3dc2032f446381f1df022c5042,7441753,0.0007441753
0x1536ef1c01e2bebdea9bf056734a801e96ca25fd,38806082204,3.8806082204
0x153ac5d99ce16da9f67f56052d7a853817e60179,49133805,0.0049133805
0x153d6c4f4f2cd1c2ba42aef6499e2286a1025d32,7,0.0000000007
0x153e3ebdc4440c51c431bd8ebc681f064cab1db6,7342416419,0.7342416419
0x1542c2006154387b7c62abe190a880acb3ca0ec3,40885200225,4.0885200225
0x154b73ec9d2cc3867296e42a5b03e6fb8ac86152,149161985,0.0149161985
0x154bc74a67a16b7f0a1ee0e7bd4bd9200189296d,49914000000,4.9914
0x1562a3dcc2459d9cda1ccbb4053642b7e8893823,490971816,0.0490971816
0x156f5c70a157a381610f1dbaae4f336a2db70e7e,1,0.0000000001
0x15769a3807e0ada88a4ac8460367a5becd0a93b7,100971816,0.0100971816
0x1578f034078d5b5dc9d017af75779ae436048415,669512,0.0000669512
0x157dfd1092c1c5b79e4980ea949aadc7bd617a61,729036970,0.072903697
0x157ebf484dad1bc07e9c16e3144f9e8d22a26024,46000000,0.0046
0x157f41b3b83a8e41354a2393c4e6ab6702c0e7d9,69354091,0.0069354091
0x15853d01300cd9f6431d9bff427e183555373bd3,12386114679,1.2386114679
0x15880187f66c6a87ddb565f8b4bf45e3dd5e213f,2,0.0000000002
0x158c2b15b8e272976e12e188ddf76abdb0b0eca2,3110723766,0.3110723766
0x158f6b2c736e21cf126c45393438c3ff06a475c6,5,0.0000000005
0x158fc5c57c179139078732b7746acfbb2122de95,2,0.0000000002
0x15953ecc16ac0da624cb230035ae0e6112555462,21492774792,2.1492774792
0x1595c160c81f1b9f0d5831204e3c06280ba61a48,27624828889,2.7624828889
0x15968e1f1f18686a1c2c25ec3350ba6fdc2f8755,1015634685,0.1015634685
0x15ac9926d4f31e51209c812ac3a7cb300fb3edb6,599478,0.0000599478
0x15b3b2fbd31126e1ad359079ab027c486cd3e938,13964747428,1.3964747428
0x15bbbd0151ac58eb3047f88c9646b8bf3647344e,12586604257,1.2586604257
0x15c48645ed1e9d60b8b911ded60fcb6c42150604,720925724,0.0720925724
0x15c5dde8e3ec26b023dfc8526654f4fd8072fb25,5139859993,0.5139859993
0x15c5f3a14d4492b1a26f4c6557251a6f247a2dd5,6,0.0000000006
0x15da2383273c39157683a08981d39477e438bb4e,6,0.0000000006
0x15de4c2ac1068b10c0d052343631972a0c6ebebd,223224,0.0000223224
0x15e3dc6a8d1c1587fefa9f7cd6388104a2e268c2,40005994840,4.000599484
0x15e499d893b8b3dc867e82eb948f939821a78d95,5,0.0000000005
0x15e844bdcaf1a38b55ac76e40921c81282ef4c20,3394215890,0.339421589
0x15edc136b41003f7ef263a824dff60fd45939329,9701967,0.0009701967
0x15ef6da98aca9b7d43e4cfad03252392423a5d53,400000000,0.04
0x15f0bdd463a5175d5c2b7201c7703b75a9b72a32,9,0.0000000009
0x15f31e1315196a104eeaef2d575e327fbe9c7fff,35791184,0.0035791184
0x15f688feed7f014b933d306a74bc5d11506f54b9,488069,0.0000488069
0x15f6b1b0114608b3c66f15916c8ce52829d12446,94480450,0.009448045
0x15fab1cc5262d69853b1196f74d38c7fc96fc6d7,10225755073,1.0225755073
0x1602e644d80036ee566e7893bce6009fe63db47a,1490971816,0.1490971816
0x16062e73aaabd4db92f4795108a344ca5fb410b8,391473673,0.0391473673
0x16064d4aa19bd06f7dc6579365cbb27f92857b2c,57953950,0.005795395
0x1608f0a84d2110da98dad797e5e89fcf0202d1fb,2,0.0000000002
0x160d946cffaa36cf34c0ed9e0613dfa6d5a3b8b2,10119212683,1.0119212683
0x161270cddb909f293f08bc78937853fc7a0c85c5,85804025,0.0085804025
0x1613b42e865624a3a3be4968e76fcb35b6d8d505,39894816612,3.9894816612
0x1615a6ecc01d23251cf908ea400e92382f334a85,5,0.0000000005
0x161ab51ba6c563ba56457bdc7d48aa38c74ae009,904821346,0.0904821346
0x161bc69e375c2fb7aa65db6e2d7d9943898a8e66,5167,0.0000005167
0x161d61e30284a33ab1ed227bedcac6014877b3de,14309797097,1.4309797097
0x161dbc3f770dc97288eed3c864daba618a209a24,85796686,0.0085796686
0x1621203b5d334d9a3f05ec4cc8495a483f589493,82022373679,8.2022373679
0x162791d882265cf90fdd0bc56162787b67c06ce5,6,0.0000000006
0x162f2b5d0e982a79f9ce9d963b43b0afc0154b67,56977133301,5.6977133301
0x162f4661de80eaee303b3b7a314551243b177ff0,3746682,0.0003746682
0x164a64f5617edbc63cce6273d9b04a65c89a4539,89948,0.0000089948
0x165322c2d07a06ea61a737cc8339418034b2c280,6083053294,0.6083053294
0x16540a4e11a8476c08c75f5aa99b200b336cad34,93769077,0.0093769077
0x16556c03ff395758c84eafa691bd92b9b562f3a1,165077,0.0000165077
0x1656f53f804dac7f90aed09393efaabde4e1c026,2944240322,0.2944240322
0x165db028740c0d21afada4384ae6db653e51854f,15568773312,1.5568773312
0x165ea452fb0eda008836f30d5da34b39d057c5e6,288482387,0.0288482387
0x16674814ea6a7aac3decb877ea8fd01deb5c333d,8,0.0000000008
0x166e58ea56399d5809fffe195196554e9934bff7,1,0.0000000001
0x1671b592610fb7427ed788b66fa3e9217ff41047,4371252,0.0004371252
0x167292b065b117e3ae05d208a3880cd02483f4eb,1000000000,0.1
0x167dd1517b4ca5520aee35ca680b7080bbc1f75e,7,0.0000000007
0x16802b27cb5417687a3f56d2d3c845502cd6fcee,90971816,0.0090971816
0x1681374f743cfefb3b5f6337712a74ee8c806df8,90971816,0.0090971816
0x168419e06ab0d4b9b30c5e6c668f300e573113fa,47406,0.0000047406
0x1684a08b7fd8d8c4040a42b857d32f71d08a7a90,138592842,0.0138592842
0x16858fb865b4bccb9361a757695ff3f27805dc88,5,0.0000000005
0x168fef2fd1af371625b2593468620185cea904ff,452541091,0.0452541091
0x169162cf7f4332f7f4fcf4411269f80a82b7f55b,677804970,0.067780497
0x1691d5abe6e209b9e27a423075ba77f9445fdbf3,5,0.0000000005
0x169233f6b6d50371f8b529863cd47c8cc2d1c1da,3,0.0000000003
0x16a3c50f1ec275335cf2feaf96738de54c6ae9a2,2990971816,0.2990971816
0x16b06a860814967225c2fef57002e8b84353d460,769656,0.0000769656
0x16b0c1467fffa418f98c83767fe494ea2ef7ee6f,10008981378,1.0008981378
0x16b2d72b4488f881bbb4e2695e339bb4149498fb,1134919803,0.1134919803
0x16b672d78a37fd7872ef52375e9924df1fcea202,1,0.0000000001
0x16c683f7dff0ab0e9ad9565229259d62a088da3a,33065690,0.003306569
0x16c68951ed4a5738e92f531a1b065a04a1104070,4,0.0000000004
0x16d16b4ea8c98a998bf630b88fa7dbd397db1b3a,649537391,0.0649537391
0x16d8499c8626243469cf860afe845d113109e732,19113499,0.0019113499
0x16d895ab16882708dd4c4e7d949242170a8bb6f5,7,0.0000000007
0x16d90043c577100060857d109121df1fb30ec414,13572229358,1.3572229358
0x16e648cc7242d21267769761bfbb2394c263a5dd,33822655,0.0033822655
0x16f04722feeb47799749b711ed9dd6bdf6f46328,3750345431,0.3750345431
0x16f31c6b3dedacbf32d1dc36d49b7bee985881e5,99973544974,9.9973544974
0x16f4b3a9bc0f9f76fb734cde4ddc4bdc69ed4e73,8,0.0000000008
0x16f65df4c322731ef7be9e951c42cd785fa78570,9977305754,0.9977305754
0x1708e4788af2b97d278dd4c2cb9726e8f4a643b3,36760912769,3.6760912769
0x17097e61b1412ab67cf2cf784497161b5d5f7dcd,10000000003,1.0000000003
0x170c97f0558618e2f2f66a5ebf3f2ebc095c9036,92698417,0.0092698417
0x170d62378ec040d05bb10fe95559d66a4e22c6ba,15485587427,1.5485587427
0x17103cfeb18c4ef8bfa1463b92aff839c65edb0a,6,0.0000000006
0x171469fa4d6e91c31398fa0c0715d97dfc8ecfc4,11816,0.0000011816
0x1717376c89056e920cf953f6127776da50b6b8e6,118274341,0.0118274341
0x171a3ec52f697399e77e6e511fb5e95c9aa70498,599557,0.0000599557
0x171aea671e82d2fddb0a310e85aac8b3cbb0b241,3677576092,0.3677576092
0x171b9e9316659f48e515d61b83641abc045f1b65,85684800,0.00856848
0x17252f46210d81088da52d21602211b31f0c94b9,9929880161,0.9929880161
0x172dcd92b1dfc60af9c53d8ddd5b29458897ac4d,8700,0.00000087
0x17335a68624f6238dda851974e978cf8534b74ba,37,0.0000000037
0x17365f3b0a2d63cf833a81c25efdd60382f5e502,177054207,0.0177054207
0x1739acfda7fe976eb8e2df390564d1c96aa7f107,65023238427,6.5023238427
0x1741b864a2dc76cff38dab7a7ad192d7d4a273ea,60000000,0.006
0x17427c6e770f83d1e003ef14d3347d8576481a1e,784294,0.0000784294
0x17449cd1dea2ad968a50ed56b6d8ff75174ee043,8,0.0000000008
0x1750855047c8c9368da00f8f9c88c8e5ab8cf8dc,95309610,0.009530961
0x1753c24f1894d7fa77e424ad997d147029e5ab2a,99999,0.0000099999
0x175c1c0ba64a9fbee9c4cabea1ac8d9379ba9300,85803968,0.0085803968
0x175fb20b9b5bcf80a0167d403405e6f3a074cfa0,379292296166,37.9292296166
0x1764f4d6ebd4ded6959e942209cd82b200df5bad,599562,0.0000599562
0x1767a4662979070124e0d27a14d8ba92fed04888,9977133301,0.9977133301
0x1772ecd8fab87c28f84df2f8f94019ba95c19118,19977133301,1.9977133301
0x177fb3a12b00debd4d4b884fee347be7b391dd6d,100971816,0.0100971816
0x17807d5c8024aff6b1bd7516f230a77ecf63e89b,926818752,0.0926818752
0x17838ec836508053dbae1f590b2a5333cb8872da,599517,0.0000599517
0x17906a73aec8c2b8ad9f3d7cc1bbb9a56d24e77c,152938488,0.0152938488
0x17918f0cd537e0523b24b590139fa0f99c06c4cf,4880969432,0.4880969432
0x179d2be3ca4eec6106bdf83a0674dd44d117c342,500000000,0.05
0x179d56b83519ef6a76ee3e9d396b97609744dacd,9,0.0000000009
0x179d5de78f307ad1ecca99eb25a3db895ff68df5,46835214,0.0046835214
0x17ab2f3f5732377f5b0a3ec566c9d24674cd4339,569758762,0.0569758762
0x17b265d2f0a3ddd8618142734b933e4b44ea0016,6,0.0000000006
0x17b2bb7f834dfae79a551f1bfb8630020b6be93d,5,0.0000000005
0x17b494c82949d6b06890bcf5609f5d072e6ec592,26983290770,2.698329077
0x17b751dc650fe7112817310e0a1aaef01d794999,4371639,0.0004371639
0x17d4a257f1ad328f2ae879a774bb2bb96964bd7a,43204100839,4.3204100839
0x17e674a8ceb2d36edd5ff54d368f0c28a0a210b5,12276143329,1.2276143329
0x17eb56e0628765504f04151368b3002be2a9d36a,4281545626,0.4281545626
0x17f68d204bfe1f7ee6e9ef3c79a3086830388961,100000000,0.01
0x1803cedad42e85239673ec883ee6dc526113bab4,9113809,0.0009113809
0x1804f3dff993f83399a2a02824a3a939efa20273,1,0.0000000001
0x1809754df5ac133a1cc7d4eaf45ed38cf9b39ec8,6591062837,0.6591062837
0x1809894137dc58b9c9d82bd0a32ff7fdc299dd88,598872,0.0000598872
0x1809dd3218969329c23198669ffdc2fc71cea1cb,696348524,0.0696348524
0x181152695bc2f72c1a8bbc54fb27f04c32d6fcef,1995745562058,199.5745562058
0x1815c2191ca341f382cba7dea88d66a0f133af37,37574339,0.0037574339
0x181f3fe0d4fec376e4899a2d03c9edc23b41aa9a,28062807,0.0028062807
0x182e2d8febfd56ae72631776e7f964ff42036f05,85743461,0.0085743461
0x18405396c4cec8447e74d408fabef1a9c2dc6269,8,0.0000000008
0x18464c8f67c6f8b63d651f4a11c90eedbe1be3c8,95312003,0.0095312003
0x1847597fb2ece90099b75861ddf6e4abce21057f,56461184037,5.6461184037
0x18521664b60b46525c7fcdf450383d68fd52ee04,2437321199,0.2437321199
0x1854687901ac0f3eb72e9ffd11697ffebeee8bce,35575751,0.0035575751
0x185ef57a12c68f17003b718200780c01fa8905de,13544693689,1.3544693689
0x186458c01305cb8a1daeb48276459e1d8f8a2b72,2990971816,0.2990971816
0x186b16e6c7685915e0a06495adb37b8dffddd99e,990971816,0.0990971816
0x1877cca300137302b1e81d7112ea7ce17239e135,6058352377,0.6058352377
0x187ab5faa27ccd24cb9de0557ea60d4aaee0db37,27567203799,2.7567203799
0x18874c47d2db26a0557add9ae0488c09cce39185,21762787071,2.1762787071
0x188948d9aa5a382e8e406551db5fe7e48bbef358,599447,0.0000599447
0x189589abc6794f1c9b385099849c49598e987a68,9,0.0000000009
0x18a3875697481924356ec19005ad14b0c8d06e8c,1973544974,0.1973544974
0x18a52fa87f11324a106f1a153528bda91a953c21,6,0.0000000006
0x18a8831bd701385ab658f649047d1e4d41d0728b,10971816,0.0010971816
0x18af1e57d789cb03e2a0ec94d338f1c84aba1de5,34418839,0.0034418839
0x18b279e725d03f18ff26a2e9cc30d03777bdf915,186472614330,18.647261433
0x18b853953a0721cfe815cdc9c29eb2ed2dbe5eec,3,0.0000000003
0x18c4ac26b6252b600f4d702436926d6b75fe108a,92455716,0.0092455716
0x18cd02d3239c56007e418fc7a60919d7de9f7747,219106587,0.0219106587
0x18d23dc8ae951bc4c1153445545ec36147a41ffb,135421517,0.0135421517
0x18dbf54620e3a7728b7b6746e39238135dba685d,17921351399,1.7921351399
0x18e20846dc9c5c22294e008891d348c6c8153a88,4,0.0000000004
0x18f3a61f65519b44a9e8265071dc1787bcae4ef3,607486623,0.0607486623
0x18f3e0c0de7a8fecdf92749343019da43aa16b73,11,0.0000000011
0x18f6a610529c6f2a45bbafc5fc84fed7b3672db8,813063,0.0000813063
0x18ff45c27c26a5cdb9f95b08994d45a00b487bf2,150000000000,15
0x190236c3840f258a95fe11e8c45e623dd8174e1e,1609560555,0.1609560555
0x191a0c4d608ecbc9998a3556887fd2449ff65142,11690243236,1.1690243236
0x192135fca382c5bbe2d64f348dcae28d3151b2a3,75407228780,7.540722878
0x19250e653532ed9cfa907e0001897c80b85bd823,26477477541,2.6477477541
0x192d6cd237d80277d90aa8ff7d1c2cbfbbb4007a,56327272,0.0056327272
0x193bd90b68eb1df24d9c52d78960717b5e2ec9bb,19990971816,1.9990971816
0x1943e2bb2e2242aea5416d9bbcf573e7a672f64f,40000000000,4
0x194efb0162878723318e91fc5c5bc856abb41155,106125082,0.0106125082
0x19516fcb9bd5faf1f020f6b19fdf876c648f7dc2,4306,0.0000004306
0x19583f938efd0ddb47639f062e085e41e5a38ddb,13255336348,1.3255336348
0x195aafb2c458defb2af8e1460e2b71e44839d204,58,0.0000000058
0x195c10f13d4876b7fad38c5cb60aa34c9e648568,1816,0.0000001816
0x195dd7e43721dc17fc3150e049ae547e0fa24eb0,5,0.0000000005
0x19645d25689b7e028f9e8fe297cdeea404057bc3,3505501,0.0003505501
0x19646d406c04f62bad4c22ca562f3e5656a3d542,8,0.0000000008
0x19725f1483db0d6c3b72922151a912014e6b0a3a,7480712738,0.7480712738
0x1972d8e5995cc29f7edce0c0e3aa0394876f216e,198487094,0.0198487094
0x1979f9a751cb24d1c00fe1b1ab58aeb5288314ec,990971816,0.0990971816
0x197e2b3cd5332562d25966b5fdf9d7277e12e516,4,0.0000000004
0x197eb90f2166eadf6050eed7861554e6d6614e37,4559932810,0.455993281
0x1982594f0532e240a50a7b7ffaded7542577873c,928758,0.0000928758
0x1992a22739b48f70fb83ad00afa36e7d5304d1c8,1504179056426,150.4179056426
0x19960bca2e3f49553cd0e2db2ece0e63f4b4933f,1,0.0000000001
0x199c139af6ddf662cd7a3761f16d3106ea2ac4a3,37735631,0.0037735631
0x19a3051598c1067cfe327754acc9dfac46e4acef,2247037105,0.2247037105
0x19a3ac61778de0fd79578d5a8e20481a6e8d6178,8088530,0.000808853
0x19a8483dcde03a0cd7e293cc40761be68f079dff,9990971816,0.9990971816
0x19af0e393ba7b9d010a1cedc978399a2e962ba76,92835867,0.0092835867
0x19be14a6e18031339f2b4c5e0fcb579c9552167f,48500000,0.00485
0x19be1650283bb5c5efc5867830c0b1091b7d7234,5,0.0000000005
0x19c448727b7d3e07650409d70d46e43b6b3f2bf5,34496768647,3.4496768647
0x19c9fda23de82e8713d61f4efc2010365e323200,70713460150,7.071346015
0x19cb508a49a474c33d5d7b9446ffcd19aab81eb2,973544974,0.0973544974
0x19d1e6decdf22186e82b7dc1c6e2268414fbbfc3,62837,0.0000062837
0x19d5300ab900bf39621259671db4cb93d694192e,4973544974,0.4973544974
0x19d7a7086e3a96e0aa783e59594eff743eb12acf,4998494310,0.499849431
0x19f15abb13d61345fb4e3dd650f15c0a51e91138,275490954568,27.5490954568
0x19f84b873247aa39be672f1b252c35cd7ec3e283,75713884,0.0075713884
0x19f99f365d5b79c94b404130e222ef96c2224f3e,1,0.0000000001
0x19f9a22538217f1d86623cd47c6983fc3254b4a9,599563,0.0000599563
0x19fb92800533e3fb58da4120028d592701c327d5,264189397324,26.4189397324
0x1a0a3d955bf6bef759f3ce077ad695cb93780e5e,7,0.0000000007
0x1a0b5f2eade71626d051c29ef425d9c49dc87aea,11018702360,1.101870236
0x1a1283c85b3d7336f5f6804b34282aa27b2f9540,7,0.0000000007
0x1a18de5999f224f376f9d1dc84ccb83b307a9f35,4,0.0000000004
0x1a1b2f2e7fb9862b5caee5897761c7f7e6f0050f,900000000,0.09
0x1a200d7dc2deeee9452c6d82e9c45b3fd8ab9689,95307109,0.0095307109
0x1a2509691c60d340b1ba5a7b67d6c9db8646efce,93768140,0.009376814
0x1a26eeadc0233ec936e61896572368cacd91f28f,10954266602,1.0954266602
0x1a2a72d399c805a7f5599994c9456c1579edddc5,36538890,0.003653889
0x1a30c6ece7f3ec384f03e78098e01f0f26dfe0d1,90971816,0.0090971816
0x1a3155f40a96a0f98aba45a39b809018e009776e,1990971816,0.1990971816
0x1a33001f8bfc345f2623d009eccf73be2b201293,727654874,0.0727654874
0x1a3707551203e7fefd9510e144cab9610ce058c8,2467,0.0000002467
0x1a4204cb46137f0acb9816a67f295dcabbac3250,3937,0.0000003937
0x1a42e114b76c4e6b146997a3775bd4f85c18a08e,599568,0.0000599568
0x1a493e1173f8eaf62f529516b6d5cbee8f12e864,28081548031,2.8081548031
0x1a49671802ea369a60b4f6b313d673a7d1423be3,1,0.0000000001
0x1a4d052277c360c75362b12728b873b7b3629cd6,5170155582,0.5170155582
0x1a5c83596fad3649b7a64e327db40c2b4b94b6c0,8583915,0.0008583915
0x1a5f8a931ef06d1f26b50ad4a769a7ef7bb3932f,98739871014,9.8739871014
0x1a672568018da2f29f1f1dbcf50476182ceb3ed0,6990971820,0.699097182
0x1a67f175ffa73e12c274ba2d4add99a020ffb112,2971816,0.0002971816
0x1a6d43f856eb44c1b098cec1d171be88b6400b01,1045856980,0.104585698
0x1a70ffa8b662f8e3a121516e7610a565ef6e2e62,7,0.0000000007
0x1a727a38c0ef15373adbf98aeb512245438f4ecd,599557,0.0000599557
0x1a738adab6a19c75aee2b14104e1bbc1c7907e1c,61398,0.0000061398
0x1a73c8a6abd21b5cd8969a531e2ace452cba5f73,15611431743,1.5611431743
0x1a7779a9c62ee13bd534f2ccd8fb5f0c4a832daf,94713666,0.0094713666
0x1a79121f990dea5fe6640cb0f9618d45c4820a78,3638674871,0.3638674871
0x1a8390cdc258f3232595519d1c84c76670fc2d7a,559226286,0.0559226286
0x1a8904818f361090fa99464cab2a3cfc208c9c3e,9546717009,0.9546717009
0x1a8d216558999e8d12766bd3e2abaa1c89fec540,92639251,0.0092639251
0x1a8d43813e3371f831fcc8d380dd840670683921,11816,0.0000011816
0x1a9196fa9dbc908df53e86fe74fe6a2456f06083,672229358,0.0672229358
0x1a92b211b156ada29754114c6eaa6cd7ff6ee8a1,94682249,0.0094682249
0x1a9c7be78434495da173938f0ee9bea4eb507d9b,30057,0.0000030057
0x1aa92044fc962abda6c32992a516f52552603769,15711062837,1.5711062837
0x1aaf7ebf56b203cb69dfb010c34ed2a5be0278f2,3,0.0000000003
0x1ab89de00f039d9de0e17cd1f1a5e7372c475ac3,78780337945,7.8780337945
0x1ac81fdcd10b27d2af73ef0f097159cdf0f0aa8a,6599912745,0.6599912745
0x1acc12ac7381b3190200614e579430952b5dd038,94682261,0.0094682261
0x1ad678420a933f9f9186b9bb09aa632a17169ca7,569281,0.0000569281
0x1adcf07389b1f6605c44a7683c50a5243829a92c,2,0.0000000002
0x1adecbd697dcbede66461ae3822e9da931e6a54f,1597,0.0000001597
0x1ae9f5d41d78e5704943250f9a596b5dd1bc8c39,336187964,0.0336187964
0x1aebca6584b5dccc90817b4768d2064e2f302ed1,50189865568,5.0189865568
0x1af3469ee64be477283fd7bf46a63afac07bf88d,990971816,0.0990971816
0x1af840e4a99d599efa5acf2ebde8981f2fc3ad2d,18404499444,1.8404499444
0x1afbbcc86bfbfe12fa4335dc5bd6eb07309ebe90,332851456792,33.2851456792
0x1afc6e561d008d0de1c7549932b4bf08d239f405,10258586034,1.0258586034
0x1b01fba9a65f3be8d6877a486d1aa0dad87c0500,107438622091,10.7438622091
0x1b022c7111e9675e8b092e814feddcdb59f7e001,95310090,0.009531009
0x1b074702ab0a29cecc5717eeb0cc1f12cd655448,457390858,0.0457390858
0x1b0b0fa68ad1cb0aa4bf8f0819bf5f494cd9e121,295707,0.0000295707
0x1b14a9cd25f18de4d90d0ef9eba4c9d4d7da8d6f,93377725,0.0093377725
0x1b179f77bf329a3bd19cbf989e007aae5cb823c8,2192976496,0.2192976496
0x1b1fd563a7fdd413341022acff4e81096eda0e62,477136915,0.0477136915
0x1b2921b00bb43f4fb63381d6715b8717c1ca5729,26657173709,2.6657173709
0x1b2d1526cdd7ef4b0529c3bebd9d9e2429bcd08f,9811062837,0.9811062837
0x1b39ae80828be459440cec9260d3bf5725d06cf5,181943632,0.0181943632
0x1b413d058405ab81a0515112dc803791da76b337,2,0.0000000002
0x1b41814bb2e7034138f3fdb976a806444d540fa4,599518,0.0000599518
0x1b49dd208a58861b3e2e789396cc6c8c25a182ef,77870985577,7.7870985577
0x1b4c60261173020cc2c96a529c3e24fdb66c66dd,11085767816,1.1085767816
0x1b545170a6000742a0f470d1030b21a5134d58f9,3342,0.0000003342
0x1b621b16eaf892593b418978b4e5fa16663f1bdd,9931399903,0.9931399903
0x1b62b913208dccd5edb7dc887bc14b86c4ccd141,24990971816,2.4990971816
0x1b62e65c42ff00e402d9339cf8326bde74ca6736,5121516374,0.5121516374
0x1b658411b71a22f03947d134104a3a890cdc4e7d,5950650500,0.59506505
0x1b6a74879dc3a38ecb5cb37d5a3fd4bb83dcdef5,570608418,0.0570608418
0x1b6ca7e3770efa65f5a8d6f6aec8d6c066339bf9,621775633,0.0621775633
0x1b6cbe7828192a0d6e5a3d4c2b4d6bfafaa889ec,473544974,0.0473544974
0x1b7304268bbc54431e35e438129f76837342fc21,8218028,0.0008218028
0x1b7432dd06b6b8c76d85f9129532d3ff8c6a93f0,10240971816,1.0240971816
0x1b8677e3fcab51ea61c5658e6b34c61c8d2e55b7,3,0.0000000003
0x1b869dd4f60b670e55ef1e5f120e6600a84a06f3,36,0.0000000036
0x1b8e642a82e6e91c36902c3bf9d7c5a8544c06c9,51415216728,5.1415216728
0x1b93b88462b099fd32e0fb0a0eb48affba944a70,14624377,0.0014624377
0x1b968fd3e63fe59ac1ad50f6ee906ca6f1359b50,2971816,0.0002971816
0x1b9da6a404df58c6bef6336e207c92b0d330bea2,6,0.0000000006
0x1ba03b4bf7fa7751c257d4fca2f1b1c69dbafb5f,3,0.0000000003
0x1ba1cb88a291a059df9c18bac43623ecf2f0e02f,2760,0.000000276
0x1ba92527e2ba74f6ba0d22f51bf4d58eeba9cc21,9973544974,0.9973544974
0x1bab16ef300c87742f71301fe0be9367256c99cd,94480443,0.0094480443
0x1bad7856ef1bfc0b3e99587f9636026c4c6d6f6c,4,0.0000000004
0x1bb159d7e54c240b539da4187296b2e23f188a79,448,0.0000000448
0x1bb77e121b1ac9083c3c958437086d93bab4b128,19990971816,1.9990971816
0x1bbd5412afba0eaf2b9bfb12d7930802ce5b594c,186706376,0.0186706376
0x1bc6a722d2a759510589c05126d0b95094a5dcf7,8,0.0000000008
0x1bc8aa1bf513d84450cca75ce0be158d72e11f38,963565134,0.0963565134
0x1bd00642155e8350f7d15728c1df8673697064c2,6,0.0000000006
0x1bd2c7ca8e7454da65b024fb7d60a5a8ea1b2e6b,69790955,0.0069790955
0x1bdee5d6dce237426e71cbb37b84f2169ffc1b6a,101937,0.0000101937
0x1bdf56e17ea0c07ed739306a6f1258f03e30dd83,4915994840,0.491599484
0x1beda7dbc564a5a4179af76abeee34c344dff7af,70829479640,7.082947964
0x1bf2b28da9dffbc43c4b629f60c5ae2519bdbd89,4488480311,0.4488480311
0x1bf47bcd6282157484d741ae73df42657367a218,2327622660,0.232762266
0x1bfbc0c91287de1a13f164bbbde61d1c959b9a59,9994663533,0.9994663533
0x1c0dd9e285005e3bb62a873bbdbb9ff42e8e288e,37095447,0.0037095447
0x1c0e68b94a8c8bd16812c8e020ff92d2ae502ed7,3,0.0000000003
0x1c0ee122ff0d29e64cd375b117749e6e47579eff,247043519158,24.7043519158
0x1c1140bb667c855ee9deaedc56af464df90d134a,113435413,0.0113435413
0x1c12479b77da0ba6b78ac3ca89d373142126fc4a,58384105,0.0058384105
0x1c1d5c1e5851f7cb9f3cd21bdce6c61d54aae8cc,53071921,0.0053071921
0x1c200920074ef0dbf4291515ea7bebb3aca9197c,9790971816,0.9790971816
0x1c21dc3ee975bd1f3222da118fc97f7a2466e010,53551,0.0000053551
0x1c342d08de97d20c9d89cf8246562eb424df5efd,4943975487,0.4943975487
0x1c394b538a56cd4544e43eca1a0e75732b5cafea,4208293413,0.4208293413
0x1c3ba89cf6b6db68fa9909542399a13a8f1f9c78,3,0.0000000003
0x1c3f44d182475e0d0d9b9672fecf2c065457bc0b,38816353881,3.8816353881
0x1c4244857c711d918ff47f24d33ad95bfa7d76ad,251974814,0.0251974814
0x1c4acce3bc1aa9569fc094b72afaf409f51b9c73,20,0.000000002
0x1c54c331ac240cbc5e8ab94937ce42729fc85d75,1086124016,0.1086124016
0x1c56bfccad5ebbb87f6a7c465d381ed6767ec94a,95787578,0.0095787578
0x1c5802273cf1e4d246284b1a359b86ce077f8de9,10971816,0.0010971816
0x1c5933b0de0dff161efd4f25b94a384cbea037c8,3280,0.000000328
0x1c5eaca3fc96832994bd150d9d3b8bdb15c8a902,9973544974,0.9973544974
0x1c704fec7e9443fa878d176634a98028562a961b,90971816,0.0090971816
0x1c721671916560c9ab5b7c5406e152b750eb03a2,13589083053,1.3589083053
0x1c74125ea64297c2dc1535bfd1ee0c9135674ddc,380971816,0.0380971816
0x1c796aa2413e482427fa39c75bbb1d4971eb2f41,161326686260,16.132668626
0x1c7d965572a70238ad4badde9fbdd23f1f1a44b4,9990971816,0.9990971816
0x1c836ac60f8569e9acbcc17aef7618641fd324e2,85803954,0.0085803954
0x1c8b0b6b853b073bf435b05416ac2a4dfaf0b9ca,150283718,0.0150283718
0x1c8bf1d0c78653ec49d621a83716d11deff355ba,7,0.0000000007
0x1c8c0c14689ce4f3f314d3f92b8699c6ff2a6276,79990971816,7.9990971816
0x1c94cd69f4cc38b394d55fdad7395c4ebec3f7e1,98578088,0.0098578088
0x1c9858cb153f20cc9a2ab03b6ac6ffe38e0d7cb4,7316096725,0.7316096725
0x1ca384abbcdad345a9e41823f6ae318ef4b5c52a,2,0.0000000002
0x1ca99222d60e885573f0c024317589d4edef70c2,90971816,0.0090971816
0x1cab42961382ebb18a856c05faf95e56602b56ce,5767797542,0.5767797542
0x1cac020518c59425338a7b8b792e4d2156f96675,81378,0.0000081378
0x1cae93d64c7be8f487078ef52b29064238934e6c,85723309,0.0085723309
0x1caf63cbb2794a19161f0e5da9192e26ce845750,13233,0.0000013233
0x1cb1e02cb47286b3ef2d753d55439522a5f312e7,92093122944,9.2093122944
0x1cb3c6b77fde279cf7403a5c0ae2d5fc9d356a55,502799832,0.0502799832
0x1cba0b01dc6987f755e2023579eda5a3aa71fcdd,2,0.0000000002
0x1cc00cc60f0b031bb8d460358e27ab2857a07c0d,9977305754,0.9977305754
0x1cc0d910350dbcda4ca36ce434ea4c039e0d6052,95308039,0.0095308039
0x1cc403cfe45e0d7780f2280b3033933ab1f2cd8e,295571003536,29.5571003536
0x1cc93ca4b5023bab22e6884035910c43a3c3cd25,93656,0.0000093656
0x1cc9623c7eeef2f188746811c4ee201ff0ff883c,263332401,0.0263332401
0x1ccbf18e12a1fade98a410a0500c9ceb5e2bf911,1,0.0000000001
0x1cd14602425efead850db5b2ecb6f6fb9059e7b6,2714000,0.0002714
0x1cd27e4f9597426add384bdf5ef37a481d6bf09a,4636310,0.000463631
0x1cdb97a79960ec456d5dd90364a41371cf9dcf60,5843294022,0.5843294022
0x1cdc248174ec9e9c505fabdbb0e037b5acab5c13,653939200,0.06539392
0x1cdff72289728df607af126d505791c403427acf,494941410002,49.4941410002
0x1ce607a81a4dbb66f8a03a56bbdc25eea95847fb,181943632,0.0181943632
0x1ce839d7540f677f6fb6c2f19d616dce65659f4d,10095104366,1.0095104366
0x1ceabfa2a901e87e5d9dbfbf7549b2d934301f7c,1004611508,0.1004611508
0x1cee32876cf66e90c0aab0789cd4de6d7993cd34,51637839,0.0051637839
0x1cf0868fe708a61fb9b63b77132ff32c5d5a2623,43167561263,4.3167561263
0x1cf4e0490d9b5e5f7acc4035a690a8af12e3b12f,1,0.0000000001
0x1cf98210f34cb989be9694de2091ca35dba9d928,5411,0.0000005411
0x1d096397a09f620b350bdffc11d518fde6fd7e62,268077996581,26.8077996581
0x1d0a6d3b663c413e294d7f876b74a35e44d0e3a7,90971816,0.0090971816
0x1d0b10032bd425bea8f2cde0d52a280243c66965,790088277571,79.0088277571
0x1d0cded12abf148ecf35ac114cda38aee8f82cd9,6,0.0000000006
0x1d0db40cbe668eba361887c14bbf561814fa4859,40412143,0.0040412143
0x1d1afbaa8277cd7f9e00a3bd518a15e31ad9a932,10971816,0.0010971816
0x1d1cb9402eb5e1978df138625eb30840cec3c024,2922125674,0.2922125674
0x1d2ca2994b13152869fe9a24a3aa56bdbea2f9db,2,0.0000000002
0x1d3286a3348fa99852d147c57a79045b41c4f713,51804368,0.0051804368
0x1d32ce02c2b79ade3ed88439d504957e64198f64,98911022,0.0098911022
0x1d3467387891ad75f2d20fb9edf6a92e59242ad1,19986114679,1.9986114679
0x1d4284e8e59f3ed378dec60f5a5ff5d039862979,5079410616,0.5079410616
0x1d45c1a54243227a3ceebaaf473663d4218cf9b1,90971816,0.0090971816
0x1d4ba7129d5578ca543433b19c75cdd196cd614b,31992991,0.0031992991
0x1d4f07ec51856d481f3b7c796e3daf9dee99d72d,8,0.0000000008
0x1d573a2f5b535b26b6df0a6ebe847008ffc20b51,1023407713,0.1023407713
0x1d58328205429d39ce21a13dcd3feb73180c9b20,99843,0.0000099843
0x1d5ebaad8ed7e82d1d1867b93290a99b790ddcab,1,0.0000000001
0x1d69d3bc0c214528b47348f525611ec913d58fb4,8523800,0.00085238
0x1d6c408a59211254b18099136f387723595e9144,4,0.0000000004
0x1d790deedf70e9fd27811b054b9d142a437e3ed6,11436891,0.0011436891
0x1d7d60585e0b937d7c8796e16bf6b3a235d2ef48,2000000000,0.2
0x1d7f6bed249b5d0d33d99c5b4a5108f68823a926,970459008,0.0970459008
0x1d81f24c7b3e471a229ee9b427d55de1b80b6e95,5,0.0000000005
0x1d8308ba3086c4b3108c7de9bbb93a53d7372b9c,3228,0.0000003228
0x1d833e85e779e33851b335ac5b02f6d50ce289d7,8111762381,0.8111762381
0x1d88530de702496b320900a18f142f0360466887,200000000,0.02
0x1d8e4ea876b434ccec2947e403876ace1cb1f997,3199,0.0000003199
0x1d920b910b6c807f45292b2a31d58015ae7bb0a9,3,0.0000000003
0x1d945e9ea2da9cb9a36b3e53e78b5e22bea1e3d9,2,0.0000000002
0x1d963a61767a3e84fe10451749b491bfa0f58bed,7560,0.000000756
0x1d9e72fb3b5409342be4cbe8e9a1ac3e4817c22e,11816,0.0000011816
0x1da2dae29738b6ff3e95cae373dd8c07e02b392b,1,0.0000000001
0x1da900b6a23c40d12448c9c893363aeeec9ccd93,381209778,0.0381209778
0x1dbceb9f4338af15b390b422c5612eaed6f082c2,78973544974,7.8973544974
0x1dbdc121f80e80b33e52852e7508bd4fd99bd355,8,0.0000000008
0x1dc69a3c3382872d0419d3a1cd428d1abc195142,93768489,0.0093768489
0x1dc7f3dacbd9ac839255875bc625ddbfa48ddcb4,85066524274,8.5066524274
0x1dcb3d76df92262fa6d42c255505b5e78785cbfb,1970057,0.0001970057
0x1dcbf79ce6daffc6e8a8bc2898c4d72ef362f7b1,5969240836361,596.9240836361
0x1dcf6b3a0779c4e8f71845de113e62ee2a8daa99,4,0.0000000004
0x1dd218f47dc2ab099533b26bfe9e14a93d933e66,98133178,0.0098133178
0x1dd9294474cb56e3b294f6ade3edb2546b53600b,144766849353,14.4766849353
0x1ddca7e0aa89d25956a6492ed1b0948d2e775a3b,1963,0.0000001963
0x1de58d46d05a379e020b1cbed0db98a2f55831b2,1947089948,0.1947089948
0x1de757d5d0e5c4c17c58fc6f4d0e9a6ed82f27ff,47634922,0.0047634922
0x1deb9b5c11feccce75c879b52f58714287380ec3,39963247980,3.996324798
0x1df28f857b4f32353f57623ae66967ed115eaf1b,70908114,0.0070908114
0x1df6db610036713fe15aaa1eadf9dfcbb9f2d7b8,500000000,0.05
0x1dfac1bbfe4f98ce308e42782867f946047e1739,9,0.0000000009
0x1dfdbc6a0d876bd898bbcccdefd7615e12824c26,19674167512,1.9674167512
0x1dffae2d7375ec101cef07af2079212a95b2dadb,990971816,0.0990971816
0x1e023cd831c2cfb28dcf06530b997b886fef593b,769919361,0.0769919361
0x1e09203e7ea98da0a3926577e522e72a76a2dfb3,15212,0.0000015212
0x1e09abfaa453a663df3eba885f9e14c99bcd5156,94185231,0.0094185231
0x1e10e58f3e409b5c8862e7e55aee78e71dd6902a,5,0.0000000005
0x1e1d3801955fd9be6526fc3e8adb03553c58e4ff,10101312968,1.0101312968
0x1e1f1758c8d6687c9ad13bed8a9f058c5341a359,2,0.0000000002
0x1e22998800d4bd48db98200bab1aedfeb67ef606,1557736263,0.1557736263
0x1e2913676f28c269645da0e22dc03467afd774ed,992516275,0.0992516275
0x1e2c03b1f8eff7ed611a34f32b1d577dc3a3c1bb,451687223,0.0451687223
0x1e2d9552bb586fdc478e5afd1dc0879fdd7f006c,20502,0.0000020502
0x1e372d919fa97242aa89eb0c6aad4778ed45e57f,140634482,0.0140634482
0x1e37ec51d9c2dc45b8d6128b5a7c9e88e754d3e2,94480414,0.0094480414
0x1e3b7e658b398fd0231216ab54b18d3ce06287b6,24862799806,2.4862799806
0x1e3f5741803afb42e7d6ff1d1ee43341de3001dd,130616399,0.0130616399
0x1e46632e1dd9151c4ae87ba02b2ee477eae88d57,37920634922,3.7920634922
0x1e46ec419eecc652b20e91434722625642c8b767,38734403,0.0038734403
0x1e49250f203fe3926ab1b8895deb0bf1460f99d0,254,0.0000000254
0x1e4cfc9d97d49cab02a9cd42d87c873bb304eb05,990971816,0.0990971816
0x1e4de9330604bb53ea73b260b3c754cf912f3720,120000000,0.012
0x1e5258ae19fe3eac4c48a168ff73850b0fe3e480,599115,0.0000599115
0x1e59dbf92fffd25663322262d19734b596582875,94707593,0.0094707593
0x1e5e4b0e49ab05541a7f2b1f9fa7645beac96814,3350440966,0.3350440966
0x1e69fdc52771ff8d8bde8afb68fd6321781bf534,2851027001,0.2851027001
0x1e6d98a8c2e119961972ea83dae41151dd2783a0,857136085,0.0857136085
0x1e75582e31bafa6e948ac1de5adaddac08297825,3849040936,0.3849040936
0x1e8023522acc672f4d0f01e815415af2f300fd6c,4,0.0000000004
0x1e8301de7f5fff7190e6c507a1cb9bbcedd8f8e2,599562,0.0000599562
0x1e86a593e55215957c4755f1be19a229af3286f6,1,0.0000000001
0x1e86d65d5a6ec6502d4ca2937864034f5c302445,5,0.0000000005
0x1e89470a44e29eded4d118fb01ee3a66d958d4a4,9912835479,0.9912835479
0x1e8ea77b6ed646536f783432c243487ba0b9b0e3,4,0.0000000004
0x1e8eedc66f834e927ae1cd0d8049257b16328393,181943632,0.0181943632
0x1e925b7238276696794970cc798bebddc515a8cb,2,0.0000000002
0x1e9e9a722ebfec84b155d68c9ebe2411b68b1000,789448409383,78.9448409383
0x1eacdf531cfd1e8e2c4c59a61bf18b1c3740a5d0,3071816,0.0003071816
0x1eb2f285456097e6a7ca907a9e7defd71f96855c,1679748877180,167.974887718
0x1eb8f930f61fe9f72f7cc6b2ce069e3dea43589a,2040346,0.0002040346
0x1ebbbc5b47c7a494f99fa9e770cb2ff2146810cd,3887248442,0.3887248442
0x1ebf3d43e8c1295ee7505e9a8c8df66d30c418f8,96099462,0.0096099462
0x1ec1ea892aba8867bcb2e12db1411eb5f74b6162,9,0.0000000009
0x1ec7f42fcb8d5c78eac95d4ded83391f20bf6e3c,1881943632,0.1881943632
0x1ec950a58307add69266d45cf2f34c838ae7899e,6,0.0000000006
0x1eead1b7ffb200594d0e193204e3eba5ac26793e,4096710,0.000409671
0x1eed2987b3b26b5f036e4abf375b51a60daa6773,1137658,0.0001137658
0x1ef268cde3a8950f77004a71f7c7e2647f9d6989,5131225478,0.5131225478
0x1efa9eeab1a1679fad4d668ea127ee018ef9c7f8,754320668,0.0754320668
0x1efb3038de631cfce0c0a231952c6b90d5d9cfe5,8828425017,0.8828425017
0x1efd1b4a8d56a6e0a52b6375e2dfd635f7db9949,599445,0.0000599445
0x1efe65d6283fd7baa639a0f0fc342556cb1bad0c,10232309735,1.0232309735
0x1f08496a5b655627eb598bdba7c2bf0d3eb50a39,3253016,0.0003253016
0x1f11746171543c1d90a018e0be7fd251cf0c27b0,25248420,0.002524842
0x1f137f133df19d65669165a0963fe72485c7fd0a,23159459,0.0023159459
0x1f13c83fc56243f847895793f4ef1634e3e046f5,9973544974,0.9973544974
0x1f14c2f40400471fb4a3aef1390f6bbbf2ad8f99,890948148,0.0890948148
0x1f1a62dbc3a31f8767e27fe53df466187369bb02,293,0.0000000293
0x1f1b5537b7a464e9b42e3874ee74bac8f25b2607,85803586,0.0085803586
0x1f1fe608250201ff2feae6c9aaca8cf57eda9799,945699325,0.0945699325
0x1f23a89353351a92f19bd147b0e0a23c0900b5c4,2,0.0000000002
0x1f27af0bad8a2c7c38e68f548716e4ac003a2f17,977305754,0.0977305754
0x1f2b318c4633ff3038e812b1fe331f62198bb23d,56835,0.0000056835
0x1f31e674fda30f2eb7bbea3a6f91d872c20d3dc3,9986114679,0.9986114679
0x1f3bd426d37864c0c97ff40aeadf5b11e7189f9f,64622072581,6.4622072581
0x1f3cc59bff668d8de95afda249f558c2c9696a04,3,0.0000000003
0x1f4b743f40c5f37cac6772877bd1cbb29d98dbc9,1067398562,0.1067398562
0x1f4e928c1a3a1530cecdea68a70826b387717f0b,102122513848,10.2122513848
0x1f527d9f5e5d015d197a683d7db91979be05ded4,5,0.0000000005
0x1f52fc222a32d304da28729341fff6775b3d6da3,6252037,0.0006252037
0x1f542e04fbabf907e8e8bd88054df98f548efc49,599563,0.0000599563
0x1f572681bcbfde94cc2797bd317218b67f1cfe93,1,0.0000000001
0x1f5bbebf8c023a6889e26ce70ad6cc1c19e2af75,162021262,0.0162021262
0x1f5ecbb61648b0f2143092981162e0affe1d56ab,383025429563,38.3025429563
0x1f6257965764ef701caaad866faf0e7f6cc5f010,97732,0.0000097732
0x1f70cd15b7b43fc60e1f542961bc8e75ceeeee60,2089509495,0.2089509495
0x1f7116da94e6eb42ed90d2c6274af2e9f3350ba9,95740515,0.0095740515
0x1f761806c5ecd80a9279bf3b60d82cfd7d0a8700,73400936,0.0073400936
0x1f77a19c0ea4484e9dbd0713ea4c0ec95ed642db,14,0.0000000014
0x1f868e9c67246625cda7b8ccc685a1326a988838,296721,0.0000296721
0x1f8a579a3e16cfe04197b6fdbd3be2af82631645,1,0.0000000001
0x1f8ef179fc9ea626d25a8731279b64517837bde8,6866026981,0.6866026981
0x1f916fee9a9fbb404c7782ec157f9e83ef3ee537,18050160488,1.8050160488
0x1f98673aedf96be92c6cb7f330b65e2e3cf90f39,2376053656601,237.6053656601
0x1f9b46626b67ae43a8ea52be6af8dbb5c3455afe,100757492442,10.0757492442
0x1f9b6a4b051a38e99c7aafe81b0e46065529c024,7,0.0000000007
0x1f9ce64c803df1cb665d5d9f754f0188c84bf278,1,0.0000000001
0x1fa4d89f1d044dca763610f30e51aada92c6c38c,100610692757,10.0610692757
0x1fa81fab6a3bda62fd8ba93bc36f8444d6415573,25851000286,2.5851000286
0x1fac783d6ac2cef3cc42024ae54ad48fa6fe6a83,88730000000,8.873
0x1fae82a7ec0f6bef536e98d7057ea94f455a646a,14133,0.0000014133
0x1fb2a454c82b62c51d17913b4f71320dd4472f8a,832945065,0.0832945065
0x1fb2d01fbf2c27f279528b6fa343d9cb71c0425a,1963247980,0.196324798
0x1fb5701339bbc8b5dc801659c381228369e17a68,1941121946383,194.1121946383
0x1fbb44b5aa20cbad3e7eb0fbfafa400f990fe2c1,79139670599,7.9139670599
0x1fbccf3f84e52ff6a5550e82f95c89f8a548e59e,9990971816,0.9990971816
0x1fc1e6430c94d04c9dfb9b6359d8b811329d6e67,2,0.0000000002
0x1fc2131f2c60bd43f2567d15528eaf3cc9d97bd0,5,0.0000000005
0x1fc310f45b5b22a8e95a8f0e1fcff9d3c825edc6,6,0.0000000006
0x1fc376d056bb0cf2d22e00bf5859415b45c136d3,95740426,0.0095740426
0x1fc808051ec0123f9dd280606bbb8e44777f084e,3,0.0000000003
0x1fcec817bfcc78b4aefde34770ba9fbcef1a8d4c,204271224,0.0204271224
0x1fcf77cbe57464414399465496f92e15cab2b216,5,0.0000000005
0x1fd95b8feb71e6e6dc12f4783a2a71e04b7a825b,990971816,0.0990971816
0x1fe040aa12f2e17ef862e057f2e54e6f3fc6cd44,8,0.0000000008
0x1fe112f6bd77ee796a2f6b20f0b060af1f44d395,748996,0.0000748996
0x1fe3cb7c17ea3306e8831c7c5276ec3d47b44ec6,433619214,0.0433619214
0x1fe565eb1918b31b8c95eae05145c6c0b5c76756,6519476650,0.651947665
0x1ff03f5f8643898649732e68cb098eb441cf09a3,3,0.0000000003
0x1ff105b77eee09c4f558d74aba141575bf6278c8,16359477721,1.6359477721
0x1ff16729f5b8c248fe634c9a725adb321bf377dc,96281095,0.0096281095
0x200015056245005de59f5abfed6d0c96d682d3d1,7931637515,0.7931637515
0x200168e714aff05980b4de415f35ac1f2f384b6e,2314037518512,231.4037518512
0x2012e7d3dd25ca77bf5e5e3a9b516345e65e1769,867044362,0.0867044362
0x2018c72cac145da657371837fb6d48426ba2e269,1000000000,0.1
0x201930f7b5a5fa20496fe90411f7babef35e94dc,9,0.0000000009
0x201b12b10bfd7205dd38895089b3dfa570cb56be,3,0.0000000003
0x202833d452810946440c32ed06576a6585ad805f,61637223301,6.1637223301
0x202c051f0fc5f3810e329232a2229a2346a1fd83,3688259,0.0003688259
0x202d81b04632ca4f1e0399da0470446f91ffecd9,731946863,0.0731946863
0x202df670eaf301dc44827ce2f3a8254f6c2de665,9050,0.000000905
0x203143f5a416061a1254532d2edc336489c14b53,202633,0.0000202633
0x203d9b5cb52f2820afdf3c97df3efc26fa8e0a52,2468,0.0000002468
0x2041c8f099be43a972d6fe852475f3d944f910c2,94713719,0.0094713719
0x204f1ba7e01522aad1dec693d3a521932d422bb0,599568,0.0000599568
0x20512e0eac75d2ddfeeb6f6be167fcacd4c8af1a,1000000000,0.1
0x205e748980aab1aa5364d7f44b7cb7c2b4471776,2,0.0000000002
0x206739f22f107d63426dfc1bd3870b083fcc1367,8625313000,0.8625313
0x206775e91db886d7ef787fc20988647f5313e5a7,99093952,0.0099093952
0x206dabd20154e5f9e702d92e18f48510963482e0,111062837,0.0111062837
0x207bf9da487492df57cf338b0199ddad4ae91e8d,40536062,0.0040536062
0x207e108f90a5acca9c57ac10ab853d3efdc8ff1d,290323,0.0000290323
0x207fc7795211cac1444bfd84374fba6821ba6213,63587736,0.0063587736
0x2080a7b3837218d0f04813bb187e617e0018eeed,35941,0.0000035941
0x20841e79f5f958d6ea06dafdd88bd0f36a095b37,599446,0.0000599446
0x208645bf1f4c17150be881bcd7167891789dccc9,125070877,0.0125070877
0x208bdcf8926f2d559fe996395298a03e8bfcad05,878919,0.0000878919
0x208cdd50ca5f678d620376713b84f4bad085d6eb,9929880161,0.9929880161
0x20945b01c94b70517f9d489c512f95634142c893,30120327457,3.0120327457
0x20985a25cffe4950ffd15c5fb5f76f07da2c2796,3,0.0000000003
0x209ab392ab1d37df3ef827915e57340fdb1fa78b,9999827547,0.9999827547
0x209e40e800aba277baa171afe782214e1b7e8a0a,85803940,0.008580394
0x20a1e36cb8e1e15aa1f75477e2e8816c0b393ae0,9912434938,0.9912434938
0x20a270817ea8c3ffa9a5230d98d8aed92a5e70d2,974523454,0.0974523454
0x20a944f314de1caa8187015d66155dc3413cc135,918374,0.0000918374
0x20a995362cf2beee10158817b0bd870998af53b6,2,0.0000000002
0x20aa1ea4a0810410f47e42b0414277ba430c03b8,658869470,0.065886947
0x20ad6cd1d99f07aee981be44a71b8d298e224e8f,146259603,0.0146259603
0x20b17d9cff4fc2db9f72022c6dcd9d6de7bab874,8,0.0000000008
0x20b3fb70cfeb01ac7ea11a412572848139a2b748,11562558034,1.1562558034
0x20b94cae392df35a939f118011f410ea6e8f16ff,1219971816,0.1219971816
0x20bf6b0aae80906f4ae802f973d8dccd02a81c83,5,0.0000000005
0x20c34894ef4ecbb1d0e1caa52095ca98971739c1,9986114679,0.9986114679
0x20cd72306730ec72ed834ecf4765c87b10a28a1c,72344618867,7.2344618867
0x20d691616b279d1122d2e99908e9440710e7df6f,96309875,0.0096309875
0x20dd2045f950f17d785c35158890437a4af74fc3,599447,0.0000599447
0x20de7720b27779aeb96dfc8cafcc2764b2cb1f30,281715988183,28.1715988183
0x20e0e7f77a730a6dd12c08d594bda7affff2b2d5,2053974348,0.2053974348
0x20e6acd7b99e1ea3231f617d52802d6f751084c7,7,0.0000000007
0x20e8e9e409fc63b15863921ef458da911f33c143,94709503,0.0094709503
0x20f3e25259b57ce73056f02baf756c78ec6062e0,9,0.0000000009
0x20fea930a0ad2490f3565f773e0ecee634e8a5d1,11816,0.0000011816
0x210777eb7dbd2bd3a699d0535f6d393bca7e6208,71170735,0.0071170735
0x2107dc09fd3c7127749c1a47c84e4a33d6e72f1a,9,0.0000000009
0x2108a7d308e8e9c4de44a091e34186ba37962ab4,14821028249,1.4821028249
0x2109e76ae8bdd5f4c02fd281b735a2f5b2884163,42068814,0.0042068814
0x210cc1a1523c5adb2a0e6e10e63a26b6c88ab807,99358900,0.00993589
0x210d1c4c1e94c52edd53039190a3ea43c35e9506,9986114679,0.9986114679
0x2110c63887862e40b44660b916074b590d43a022,6,0.0000000006
0x2112b3118df3121efebe8125eedd618ec7681d6e,8811062837,0.8811062837
0x2114471f619916a52e39dc08081cb9e650e80b22,2783469978,0.2783469978
0x2115180d4b3416679baf296def4f300faab2b5dd,5,0.0000000005
0x21190aa40f6e4864c274c282f03797a3c0f5b49d,62837,0.0000062837
0x21209549eeb767014a0c7ecc5c186d71b48cd46f,3871570,0.000387157
0x212e2862e8457401709cbbd44c198571901bae3c,79809572,0.0079809572
0x213ac2921ce9374803a08dfe64ed6192854ecccc,5075853692,0.5075853692
0x213ef572afa5cc1d8d60f3af33f2bcf839bb9e9d,8507246,0.0008507246
0x215818bdf9df102a0fdc332e21dcb9b134f7fc8e,261310820,0.026131082
0x2161bbc5304d113731197fd0e4d694998c326bba,6,0.0000000006
0x21649b31ed85ccd9fbd0b8df24ad1b0325a4b2ec,381075919,0.0381075919
0x2168577af945529fc223e3a2f6d55cc68d8f294a,1070584865,0.1070584865
0x217437312639a09e86f977ef943a49b5eba1bd80,5000000000,0.5
0x21744735189b52a962aec7ff553ed37cdbe109d2,50000000,0.005
0x21800ca993e3f7dabc8a2f1e970cfc67e8b55f76,429983701188,42.9983701188
0x21801b974215ea74fb2707816818e748fe81aab1,34491639,0.0034491639
0x21885b5f0e7cfdd0d31c75e9502cb336badbb042,43565,0.0000043565
0x21897fe0ff43214038454cd33aab1facbd59f8a9,1,0.0000000001
0x21a94d09c5d48fb361c55a125ec454ea887cf878,92627741,0.0092627741
0x21ab85e3c5c38a947cb229d285b155406ecb8511,14816,0.0000014816
0x21b01519ce0f7050aca5d4758b5d53df01ea41ac,146633894158,14.6633894158
0x21b17502edbd0847460e89e30262bb6a69c1c8d0,8940841061,0.8940841061
0x21b804b236b8755dc16658ada956a13f22a77c18,5,0.0000000005
0x21c090337497bb81cbdf9cb7ac893fbab4aef271,5,0.0000000005
0x21c503cb82ae4f770d2db66ba589b2086187c2ab,2,0.0000000002
0x21c914d4b1b1f80b4de43113acf5e78a00e37837,181943632,0.0181943632
0x21c970afa9b76107c46e2a8cba7e2b6ad335bcc6,4538357893,0.4538357893
0x21cf7a70e93725048aff0e12eee82baa47263d4a,92639275,0.0092639275
0x21d6bcd066dce64d329de833fc15e5b930891a41,895215000,0.0895215
0x21d74d8bf25673951c338e3b1d7bfbd6a09114b0,662918143,0.0662918143
0x21e3fc973b311ac47cfa68059d9f0d948764175b,5,0.0000000005
0x21ec705ac0632312effe4c4d1f737b4718675e59,7,0.0000000007
0x21f06d4b14d7e951d954a50e42370294a64e7ff1,3769,0.0000003769
0x21f0cf16ba307aa5b61c99998c8fd29b030bc889,2000000000,0.2
0x21f201ceca464377b536ecaea26559f5a84f3d37,6715,0.0000006715
0x21f98a7787962560e93bec4d6d94f2c2ab9e891e,2,0.0000000002
0x21fee689c84471bf3b205c9fba428efb2cb6f29e,4902235948,0.4902235948
0x220093e2c333b0c9173692136aaf6f7d67b41958,5,0.0000000005
0x2201d16f5985c3121981d350b416404fd93777d9,44974,0.0000044974
0x2206c2bb68b7ee9521e19115c00394f086c9ddab,634794407,0.0634794407
0x220812330ae9349d5d83dc4e515279f100479023,93377728,0.0093377728
0x220a1fdc1030c30b661713a1a2c2c51c73585991,2459408392,0.2459408392
0x221b9c03886e2131a3af57268a3bcde85b98b6d2,599568,0.0000599568
0x22216c68b75038ef88d18a979dfc881b5121acde,141966893,0.0141966893
0x2232e98829f985c95c6930342b607496cad7a560,2834845548240,283.484554824
0x2236e44c159f577909a1b189fcaf711d10c6a562,258033738809,25.8033738809
0x223b70afff06c2b8b3184278bda8b4f3a06d07cd,93070478,0.0093070478
0x223f2f0ceef9adc501f4235498527cf728ae8929,7622125674,0.7622125674
0x2245d630fa423e3a8d72898f5bba5eabaef9f70b,964834361,0.0964834361
0x2246fcec7e216b92ca11f4d4649b18d38efe06ad,4286114679,0.4286114679
0x225509847509f66c9bd49cda9714f481a3a6200e,1051355325770,105.135532577
0x2258036befc7c1995ab298fd321933357bb070fe,522171,0.0000522171
0x2259508d611b99dbb27d36f0806007ea1699ca02,1144881341,0.1144881341
0x22678ba54086cce40f5600207c9d88ed5f9128b9,1567536,0.0001567536
0x226924749df696840b09b7e588a70c13815c37e1,97184330,0.009718433
0x226cbfe28e8aebb6d77aab1ca3ce0390f1ff5903,22873597,0.0022873597
0x226d44cb91824941e9267f2549f2a25b815432b9,10031399903,1.0031399903
0x22714951e0a50a91e3b805d9088f663c4fb17333,95740953,0.0095740953
0x2271939e120bd097cd865b4ca11bb28a6fad1337,8456123,0.0008456123
0x2276bcc6944d3bc1fbe231e469a078b05e397fe7,93026148,0.0093026148
0x2277e909ec2cd98b5a45f135eff82d4f52df572a,181943632,0.0181943632
0x227913b8c77dcbf23f0b751c3f67dd1b95204200,9,0.0000000009
0x2283fa3b154878fe934933813515709fa0728c73,8300000,0.00083
0x2285051a2e792da5f21e924ca9b04542f23f3d1b,1318206561,0.1318206561
0x228ab473a29c713477c073d550c0949d00c2d665,9,0.0000000009
0x228b35a27c09de03af33995e47aac010a60914bd,1623231,0.0001623231
0x228f4e1c3ed9bd48a8b5bf221dc1b34995f9f58e,95740458,0.0095740458
0x22963f931baa98d5ce2a43ab7681a638a693f560,5982191027,0.5982191027
0x229761047bc1b947dd4e1d7454ef20c73f5ab597,100000002,0.0100000002
0x22a0cb564a207d05b2f331eba1b12beb4430389e,16727581668,1.6727581668
0x22a6b2aff68bd13e284ffe70005138999daa51a2,181943632,0.0181943632
0x22a7e44839a5a475aacf1ce5612bf3162550e966,9751821,0.0009751821
0x22a935b162192e15c4f88222b529e246a1d51a12,95450599,0.0095450599
0x22afd2bf6baf87637503801182358231c40781f8,49110865257,4.9110865257
0x22b2ccb53963da600c83191db1ce3f61f92dcf45,80815247,0.0080815247
0x22b5629ce137d9b714fd22fbaf19ccbf5f04e58e,1782,0.0000001782
0x22c475308dcc97f76dd8ff9c275d0a155b347ad7,886000808,0.0886000808
0x22cafea1d9600d33334d429336a4bd8464c7c212,68379868264,6.8379868264
0x22d4c773bf44a3442b477d294ef88107e925f637,52992004,0.0052992004
0x22d751e4611af76b121dfc7e1471943d9d06b433,5991767958,0.5991767958
0x22dd9ff97ed3a63f4aa5225384ac452a1df83257,62461917,0.0062461917
0x22de4ff124f211bae9c1d43e48aeb929b71350db,4,0.0000000004
0x22e2ab8f6dfd3b9579cfac44ba623136432c3a35,139863209712,13.9863209712
0x22e4dab44374c25b2f954b4a6d50a0735df28390,567,0.0000000567
0x22e55e423124cafdd7d17123a8f732dafbef52de,529255181,0.0529255181
0x22e798f9440f563b92aae24e94c75dfa499e3d3e,3,0.0000000003
0x22f051a8d3a4e048877d965f683fdac7db09d92f,40971816,0.0040971816
0x22f5413c075ccd56d575a54763831c4c27a37bdb,2169853735,0.2169853735
0x22f6167a22c1765e2e9d124b61d6d723053a7ff1,879172540,0.087917254
0x2300f68064bfaafa381cd36f2695cdfeaac09231,90971816,0.0090971816
0x23119d000696981e0969b44c41bd969bb66d77eb,370714,0.0000370714
0x231203c09fcca8084932e1c74762882f458153b3,599114,0.0000599114
0x231d69d81903f2816a94b722a149a4222851b35d,57479,0.0000057479
0x2321def24b5feeb4f6d6c0e9fa55341b44920454,37084441558,3.7084441558
0x232d725ae705f5a775d8a8f8b5756a0c5f65d98c,599518,0.0000599518
0x232d7e277f19ac2d207a189905f856b9f8692f09,19279970,0.001927997
0x233fd0a33ae9565d0256287514bf6da2fa80056b,3,0.0000000003
0x235e077503e9d45ca13fbcc5a79617993bf7ad65,266000000,0.0266
0x236ffb30d18bd0070b767dc10778dd847190d847,2,0.0000000002
0x23769522516ea3868d49a6ab52e46ff2e81cc660,3090971816,0.3090971816
0x2379dafae6fd06e81ebde71c5b58a4602b58f5c5,93322798,0.0093322798
0x2383f2bd95ca5093a604330e9ada352c8c3b2703,5753326,0.0005753326
0x2386a91e98294bff9479236554b85555a40f7f64,80021262,0.0080021262
0x23946129b4664e18ac650e57b054769d8e87e0fd,4,0.0000000004
0x239d466d3e39dad9c668d32cf2ac2370e019fe94,9,0.0000000009
0x23a2c982f43b95bc0f59f0be8cb0945550d1edb3,8177223301,0.8177223301
0x23a881e335a116e8edf04ad2c254ed10ce489abf,11450619014,1.1450619014
0x23aea6c1883a6cb89ad4defa29ae44fb84ed32b1,487548,0.0000487548
0x23b33b7d66b31aacec3539d5ae36927afa7e7b5d,93219231,0.0093219231
0x23b4bee64918854108943e4ea0566551275bee2c,599518,0.0000599518
0x23b6abf3ae5738799e6d20738e955bc873025490,3,0.0000000003
0x23b80c893c3fa427878cd6253aca855cefe9504d,2300868593,0.2300868593
0x23bbe057382744744c5bbb9f523cc4b4c74a77e5,3000971816,0.3000971816
0x23bca3f361c89a4da94784dc26b70dd04b5558e0,110702971640,11.070297164
0x23bdc3f14b233546e5962ce9514bfad8d31b4c79,48500000,0.00485
0x23c14e77e980e8d90851c72678ec5f4255af7874,181943632,0.0181943632
0x23c65ed938a6a06113d621c27cc9fb570bf10f36,1019234675,0.1019234675
0x23c80039f83bc09ae1c2557a597d4344de4a2ff6,409347802677,40.9347802677
0x23d40e3eaaaafdd180997b224bc22401a3516573,181943632,0.0181943632
0x23da4a271300942c0fc82f464e95cc1d4cab3a6a,9986114679,0.9986114679
0x23db372f5c14ee3bdc38534e73e3c612688744bf,1108957479708,110.8957479708
0x23e148069c66a603b665ae7cff6070a429a56e13,7,0.0000000007
0x23e4e922348d42e19dd4d8f4300996ddafcd6ba0,8,0.0000000008
0x23ea43c1c8b3cdc80976ffd5eee7a914a9e8a751,9,0.0000000009
0x23ef65943c030238899fd00deb527b4da01a1c6a,635679104006,63.5679104006
0x23f4233567df6f0bb2838504315335a46b1ac02c,9473132425,0.9473132425
0x23fcacb71729ecd4b1bc9dbe6626b4ad5fc275d1,7,0.0000000007
0x23ff4059d7ddc5053afa1d19996137ac47fe8a53,64618361037,6.4618361037
0x2407eb6744087f1a2c08f540e65ecc32dcafb067,66161376,0.0066161376
0x241202a851dbb3cbe68a42ac2c7f11ab2628a5da,7662871815,0.7662871815
0x24177ac0c02f45c65d83aa313ec0f1051e90017b,100000000,0.01
0x24188f86efde62c1a3ad587f909a5a53244e3f91,67924971,0.0067924971
0x241e25c9d15b5e7fb007b5e028c4ce8694893870,2981943632,0.2981943632
0x241e8ba13e3c7b97cbc34ab6354d06a36fa24ba2,41273544974,4.1273544974
0x2422e4dbe4abb60312a97b4d61c89b8d3c8dc0d4,245185,0.0000245185
0x2436d0cd0eb88b097393b2790ae8ced7b30a2553,88565825674,8.8565825674
0x2439711fcb62b09a375eade27b12ac24ebd47532,3979849020690,397.984902069
0x244630acf5d072471e8080c7c0728d6a49625353,96227285,0.0096227285
0x24497e80e72141fb3d8d33968422542fa18a31d5,2419498509,0.2419498509
0x244980d84e077765f167cd0d64c5c74645c3824f,7,0.0000000007
0x244b99cb8f5f5465b10a2dd782e721b20e044a36,663974128,0.0663974128
0x244d02158ba97bd098bea4446522384f609a9a55,93298405,0.0093298405
0x24573085859da5369af9097b45ae19d98c9f1e78,1989002640,0.198900264
0x2458e3efa1340239cfd9fa9dcaafec85f274e8a4,98006033,0.0098006033
0x2459f1f73f5b9ff6a45e4e0ac83227858a0089e1,6,0.0000000006
0x245f18b5d23d8a37412438d6c2c81efbe59673f0,32591207,0.0032591207
0x2467fb4b2ff9ea487332e24b03f1af4f17bad7ec,1307971816,0.1307971816
0x246804c5cbf665f5c4a180987cfff7a0509221dd,16634241611,1.6634241611
0x246b35326fe57d311f73c4d95cce98f279cc43aa,775589830,0.077558983
0x246ec91f72baf023269316db7aa089c1c5e18155,599519,0.0000599519
0x24749aedf18208ab74a8110e07e820286bb5acf8,19990942,0.0019990942
0x247f094c9a9c8e858f7d3d401bed47c9f41805d1,527736736,0.0527736736
0x2484ae439894521f57fdc227e16999a636fb2fd4,1413484800,0.14134848
0x24866da3ee017a75227a79acf450ab7f2f45fcd4,2053759656121,205.3759656121
0x248a7b3522551739863bc1d26f185b5ebe31ac47,61778346,0.0061778346
0x2497ee57f6db6b32a1751da1626b15c6fec80d55,89076402,0.0089076402
0x24a000804704b9557466382a806b6baa31cf574c,40304,0.0000040304
0x24a141117a49713ad51a7e63c0c3030d4541e415,94965534,0.0094965534
0x24a304386099637e578c02ffeaf2cf3dcfbab751,2,0.0000000002
0x24a67643dd1814b1a95ece7507fd2fbc7adc1a3b,9,0.0000000009
0x24ad7d562db0d72e4dcf91b63fa0563146c91011,36039395,0.0036039395
0x24b072c968e6a39fad959fe9e757d00b85f93d4f,330770059,0.0330770059
0x24b3e9984eb93c207be67be0b632a24f07a0703f,18638932170,1.863893217
0x24c759a8a85eb8bc6b7ca974cbd2ff868ab87f7c,3977305754,0.3977305754
0x24ce4aae76163b0636359398f56ce880c57d365f,52042,0.0000052042
0x24d18dbfbced732eadf98ee520853e13909fe258,23897666891,2.3897666891
0x24d6cbe8a42a3f9cd03947b8b91e07c6ea932b66,3149,0.0000003149
0x24dd0d84fb12f5c1decd8826fa1f459a5a7bf5bb,100971816,0.0100971816
0x24de761458278bf32d972f16a7909387356c25e0,501672,0.0000501672
0x24e1a5b44d60a7a9be9280b197e9faebe9e93dce,2,0.0000000002
0x24fd3a91b83ac17fb4f31c15463cc867252e93a1,93115332,0.0093115332
0x24fdfeb6ba21d0f62a1ab351bb9d80b7d5e0628c,599115,0.0000599115
0x250302de8c3a0443dffc8e25f5d5d276ff5cde7f,74001286,0.0074001286
0x2503d7980025723043842ff30837f1fae097d587,202633,0.0000202633
0x25053531a6cdbffc548978e3c3b7f2a693d0f45f,3635995,0.0003635995
0x250544ee417d2877e9453133db61189a89243318,142215,0.0000142215
0x250fdb6a9831853c43b252ba1c174d1fd5df27c0,599557,0.0000599557
0x2511573896a4db733f19d8a6c5ac7b3508c30083,4262,0.0000004262
0x2514fdc31c15917c64b014f070bc374d35558a58,7381406742,0.7381406742
0x2515b754e606b9461fc90f9c5ab3f2df8767fbc0,203359895792,20.3359895792
0x251a78b01a3dd39b1de04a660a21b4db564dc310,9580900408,0.9580900408
0x251e929c9b5887e2d30b38dec708b7e40fb8c492,4,0.0000000004
0x25211d98f5fae2400a6f7b421192399f083ae11c,58281223254,5.8281223254
0x252ee6a9effc4d185d315a2c2f5bbd3017a98432,29954266602,2.9954266602
0x2531b9f490356b251963d6f29489c7a3ca9ae538,47631632,0.0047631632
0x25414e0eaa0c33eac906f9abdc531e3995bfb86a,2195846718,0.2195846718
0x25442adf37379be90ed1f7fccd9c9417b10aa4dc,479914883085097,47991.4883085097
0x25446d7c14df72823196a30a82e3d3cb90ab8472,6,0.0000000006
0x2545a7c8022f1caef37cccd7757b542e6c2ecb86,90971816,0.0090971816
0x25493837889cd049cb739d8904fbb0fa49b4536b,118763284463,11.8763284463
0x25529a1fc0d663f7a21117718f01f94f1a55a47e,5,0.0000000005
0x255749ce8ab1dd14c09787e7405a15ff17c24459,2303735772,0.2303735772
0x2562a7139dc0f52a34f6061521cc7cb55a2e6ed4,7,0.0000000007
0x25642616aaccf024bb7b68f516f2e0675656b061,3324675254,0.3324675254
0x2566e492fa1448f15650547936fd7d80284bf818,1545803713,0.1545803713
0x256ac2e7ce5f22b59a52b273e7beff1bf7610a19,381279751,0.0381279751
0x256c41d22fe0cbba38764f32e8bfdfca85ee3b55,240299,0.0000240299
0x25735502ee238bf66a6ed34464136a680ecfb178,1956353,0.0001956353
0x25806bb34c3decf007c58675ad782fe4151a5257,92639261,0.0092639261
0x2580f34dba16d0a0388c935686fe11cf2f8e4764,88564642,0.0088564642
0x2583fd6af90f4237f428f05d14dd67f38125469d,8,0.0000000008
0x25856abdcc98eeb366a710f528ff5ec622520899,3,0.0000000003
0x25909344df603355524ce530e70c702e61fe0c23,35233,0.0000035233
0x2595b91faefe229b8e5420311d63a3d1c98448f9,14650518374,1.4650518374
0x25a013714150de8bd7df9da2f2d79608b6bee916,599517,0.0000599517
0x25a0dc5852b972e2e11752733db3a53e0928623b,1781943632,0.1781943632
0x25ad266e398f0e1839cbb3edb0b6d0469036a610,9,0.0000000009
0x25b12fe4d6d7acca1b4035b26b18b4602ca8b10f,700000000,0.07
0x25b1f1f638ba01ee03db4fa62f319d0e913bed1b,972817,0.0000972817
0x25b58548498604bc82a646e04158a023f8705197,4,0.0000000004
0x25b6ad3b5734a23f1ba1605fd3aa60c96b16968e,95311270,0.009531127
0x25b99f078903f7702d3f44b1f8a4fe88bc5d1036,878098,0.0000878098
0x25bb8f4f418d900ef4a7065dc3443a2f9a8ce3e3,3719,0.0000003719
0x25bcbc1da7e38972e8a949432eff273bccce25f8,222,0.0000000222
0x25bea0643becbda786c042c5e32ef524817dce1a,550000000,0.055
0x25c494571d4763bf6723505f42598f57833f686c,276528537539,27.6528537539
0x25c5344cc258e36b2b86b750f0da0f89a94ce054,7,0.0000000007
0x25c551a913b2a2213ac133fed4b4052bd7413b7e,474,0.0000000474
0x25c72d9c3b37b6b9eddd7b9e7363424e9411b343,40994843,0.0040994843
0x25cc3ba53658fea301183a242e273c0d2b01f090,433432,0.0000433432
0x25cc4444cf5d3e2c03ea5790a418b2b224dd9c05,22465096,0.0022465096
0x25d4ef82374e02e8f94535efa18f224e1e715e6a,10926441479,1.0926441479
0x25df063514ff82d660b6c0df74a8f40626eb121e,113791807688,11.3791807688
0x25e0a64d77c66148784341bb98ad7927c02c7926,191396,0.0000191396
0x25e6bc33060c1fee8e08532d0c1c32c4cbf10e2c,1796369,0.0001796369
0x25e9a449ca32fe3f5ebb51e01528fa07baed6c5d,108331,0.0000108331
0x25f4f26639d4e939af36866c8ecc4f07bf4ce321,94713722,0.0094713722
0x25f500fc10b0ce86cbe34b2290dc476742a8e0b9,4744097277,0.4744097277
0x25f5204b6768773665f084e7d06eca3ccd47af5d,1897728826,0.1897728826
0x25f9dc1c90c8bda69934483a0b701041ad516175,360153,0.0000360153
0x25fc863369b6958b59685a75fa8c00eb9d852e13,97732,0.0000097732
0x25fce15c56a2d0c7009c028f65473aa6560ada27,9977133301,0.9977133301
0x2600a539b907cc897736c9059f6b2d4941adf37b,6990971816,0.6990971816
0x26011e6c20ba2a52afc698786641cadcbb9b6862,679,0.0000000679
0x26018023c20d1fa440c88077e183be72c2876405,93542253,0.0093542253
0x2603f4053d35bb7def6787fc2fff3cdf345127fb,157256245,0.0157256245
0x2611c846c36a2e97e722bbabb08ff26231cec084,29547700837,2.9547700837
0x26123d4408ecb9cdc36d3258b0c6f22b7c7653cb,12124311585,1.2124311585
0x2617630893b13132342f1f80f71e9f943706a0b5,7,0.0000000007
0x261b3ac37e418c9a0b97051534feae948ac98c8c,33252870,0.003325287
0x261bdb0a6579dc78dda7ac882452c3e1f8f96b4c,1,0.0000000001
0x262d5bbe9e6703fa95a8be5db660eb20ce7b3ab7,17305754,0.0017305754
0x262f6f733e5d3e3ae0eef964bec70bc71a0f8e21,599563,0.0000599563
0x263aa7cdd46507a25c05e9740f294b5836fcd1ca,53065993901,5.3065993901
0x263dfc30628a23ca75031dce3f3c959fdc1c1a32,9,0.0000000009
0x263e8f9ea775d59932963605c3a13e2309a407a6,99358781,0.0099358781
0x2643d56189897f4840d8864026582fcb669dbf6a,97732,0.0000097732
0x2651d865ce09348ddc68b602550f9c9027a30d0b,1,0.0000000001
0x2654c4babe94807b140ef78305a948ac917bb0f7,6,0.0000000006
0x266174a2e71a57ca00763a1fb605f44e57be1105,22493705128,2.2493705128
0x2661a405d78613d3384bb7c73dfb4f984a9c4fe9,2,0.0000000002
0x2661b0e3ba3481bc25e678568470c746d3698bfd,19973544974,1.9973544974
0x2663c13b6bda33a5dcac9b51b9cd3950f428c332,23051117,0.0023051117
0x26674d44c3a4c145482dd360069a8e5fee2ec74c,3,0.0000000003
0x266921c2424aac83244a245cc714d3d42329fa10,9,0.0000000009
0x267b3db47f466c158e1226284c7e08b7dbfa6e01,7089948,0.0007089948
0x2684394d43e28b3722ec28ebcdc8b332dcbf8575,2971816,0.0002971816
0x26860caaaea40bdf507772b1f386f11cd97bb4b3,6,0.0000000006
0x2691d3d627ab5ee3465ec3f4e864f6f97d9fb85c,1659078626,0.1659078626
0x2697a63a8f937ccafb3825c42b514caa6a450061,100971816,0.0100971816
0x269a1b498e00150a12999a446ea5a8618969b2ba,2,0.0000000002
0x269a65a6d524cf020e7f3f0a31059167d0898a46,6,0.0000000006
0x26a1d14efd5fa1ac8f4d8ccc59120ba8cc6dc502,1,0.0000000001
0x26a51c99b0791ae879915daa8c0d72bea80f52ea,10821736519,1.0821736519
0x26baf97b17f06173996f27cdddd69dc0cc581e0a,85804300,0.00858043
0x26bc601860cfbc676c4cfe8162587f44d69db49b,971816,0.0000971816
0x26bf40a47c70b244dc8c25dca60ae6be062c31c8,3,0.0000000003
0x26c34f526ce97c334984ab9f351b0f9dcf3f69d3,1,0.0000000001
0x26c6ca540aa76841d44809157e02387a32407cf8,3,0.0000000003
0x26cd9f2c4fbf156c5c483cd40b73f2387478c634,28418550,0.002841855
0x26d1a9e0b81b85a853ded28a85d4c1781910e94a,93306505,0.0093306505
0x26d82ecace3ea30a8f61cec406ad8b8df5c7de2d,12102677642,1.2102677642
0x26d87137523b63990c1c5114bb567ab97de4cac3,63268694,0.0063268694
0x26e10794f6e12f37ba6cb2029f0d33ba2582504f,623497609,0.0623497609
0x26e11dba9a41ed50492b25241a45e4fcc3687f8c,7990971816,0.7990971816
0x26e799b52060f1d21aed61156e0a9f5a8a8adc80,17881378,0.0017881378
0x26f22f0115672625d992b18ad71fc862cad91e6e,8996955536,0.8996955536
0x26f2c1a43c91290fb569b5da8608f47316c2c1d4,3637714924,0.3637714924
0x26f5c2370e563e9f4dda435f03a63d7c109d8d04,2484659183,0.2484659183
0x26f76d1d50e7732680908361db1a9cde44b07811,1957733851,0.1957733851
0x26ffa362b24311612c3bc60f8f45e57e14957596,99913484800,9.99134848
0x2701f0a5e2fc8bbb8f93bf90e53b6e9cfda52732,7,0.0000000007
0x2703836832905f3dba46863af897fbe25a950853,6249859760322,624.9859760322
0x270a43a83e6c787a6ab980fde55ec31844914dc4,98121057,0.0098121057
0x270a7443f7425c7f29f96b8886e5b4646b6ff24b,14814814818,1.4814814818
0x2726d65c91e65b3d5542e0d3b045612a6b300c6b,3811062837,0.3811062837
0x27274bcdfe2888872613b21de283b2966fb722af,93451457,0.0093451457
0x273698bf29925e2f2c85851b9bd22c6ede30c57e,599568,0.0000599568
0x273e3534020a16de6a10520df249864517a378cf,12188011509,1.2188011509
0x273fc8c318be9f4170d22cc14c83d0d76b47c7fb,97309347,0.0097309347
0x2740e981432521e6e38e9d219e8cf334e27a65d9,419264145214,41.9264145214
0x2759f741784741f3822de79f79e965c422740f4e,95621,0.0000095621
0x275ac687ea551b5d7489ebec79b9cebeac70da43,450133774724,45.0133774724
0x275e1aa9777add6d06525d81cef4ef1f9c9d871e,46691389189,4.6691389189
0x27678f31881b4bd9f03fec3423a8e524d814fc90,29990971816,2.9990971816
0x27695076ef87e7749ee7ca387f47549ee55dade3,13827227959,1.3827227959
0x276a71c361e6927c354767032989696a8144f6dd,662626507,0.0662626507
0x2774af1d077583019ee6360c25331c5823e6eca7,31478269965,3.1478269965
0x277bb625c8db6b9f8b46675ee928d2bc7a1adcd7,22764726810,2.276472681
0x277e4ea29b0f4bfa4db3d589dbe8c776da9c21c3,599445,0.0000599445
0x278539ecfe9a53a832a3a34ec63cb54addd35177,89948,0.0000089948
0x2794b667f5b591fedfe3f41a57890627bcd63204,33471009258,3.3471009258
0x2794b93d46fd2874afb716cb9b29ac6b3c18805a,100000000,0.01
0x279d325d1f906ebaed26e1a19ca5982f1b499db8,505158,0.0000505158
0x279f05e08775d445a5aa6e440a5898eb84d9e546,1547315462,0.1547315462
0x27a8780d387ed74a9285cd716a821a8af848da4a,9,0.0000000009
0x27af1643a7b8141a58134a99414822be322b2b16,19973544974,1.9973544974
0x27b08392aaa289219ebde5f386f7e1f8b89ad360,98617179,0.0098617179
0x27b3d2dbe6709c22d3d54c300f7381e6fd7c3459,262802000000,26.2802
0x27b9180d79d961b9a04cc549047b3078bbc28aaf,9,0.0000000009
0x27c69456284dc4823b4d309c79f9c83d5089671f,27767428800,2.77674288
0x27ce5936e6a7c96817419133e51faf5c8f75fcaa,1,0.0000000001
0x27d9005da7abef77753849c9e164edf8a2aa8739,11174648535,1.1174648535
0x27d9c7da567aff94d3c858916082e3a7e68601cf,2,0.0000000002
0x27dcbbd06c19f692e2e5e8ac1f201e911d1c66a1,9481900803,0.9481900803
0x27dd96a81f9828406cf69b64cf8bf05f3968d8b6,4915994840,0.491599484
0x27e45de8046940fd8140b5fe6da7aa2407fdada8,1639909364,0.1639909364
0x27e6a60146c5341d2e5577b219a2961f2d180579,8,0.0000000008
0x27ee1ad425823275ef975a4d515bc7bee4ea6581,10971816,0.0010971816
0x27f2c2ef023c7dbf5c36edefb4680764d1ddd866,6,0.0000000006
0x27fdd33c695874b57ccd732b8731bfacf90db5af,4,0.0000000004
0x27ffaea0073bf7af3466d9e5c455ab51223f6813,78938469117,7.8938469117
0x28046b3cdb72ce8eac1e8953d17727f87dd6ff2f,27981943632,2.7981943632
0x280b2c88e7a6aab91276e6bf9d419e119bbdee29,90971816,0.0090971816
0x281e6777f8f42e224df0a01a405315e4c66a48df,858963671,0.0858963671
0x2822d7255e404d1eee366c122034426c8c916e99,599115,0.0000599115
0x2822f8ef684c49888934c91c7ed541ec87122261,7627392887496,762.7392887496
0x283239112638d44d81985cb239db54a2d28026b4,599516,0.0000599516
0x283509057db6c4aa7d84cbb17e0d98e0a501f87c,3,0.0000000003
0x2838b2f12e73b9b988ea58409299f184f147615a,30284313891,3.0284313891
0x2839bc411a415b79845543e9bbf61f22984e3ccc,355924018000,35.5924018
0x283b87ba01f070175a558aee47808fddd43a4eb7,32643485,0.0032643485
0x2840220771a89bf1b8b3e480e3dff548af056080,73544974,0.0073544974
0x28429f01e02917932556a4930fb4e2850951d5ca,99359494,0.0099359494
0x284508b15d5e942394e74e117c67d351673b72f9,9,0.0000000009
0x284dd754a4260daad8e4d278a60a9aa2c8f462b4,10914301712,1.0914301712
0x284edac35636a72e8bb99f33b12d0fe521c7fc47,9973544974,0.9973544974
0x284f2e0779517b715e82f637defc6b3d7b0edac6,62948091,0.0062948091
0x2850edb9e103f197e498ed32bb3546a1259b5ee7,4623,0.0000004623
0x285328645df740fb8b1d82f385693dc3d3901fc3,599444,0.0000599444
0x28703264d025182567eb523d66dc1936838a7992,9,0.0000000009
0x2878927ec8a5f7a47a735e2f9defc729169f4ddc,9,0.0000000009
0x2878a55d65a3caf05c53c3fbdeaef725aafc69ff,1015139803517,101.5139803517
0x287c3af8f931cc50e4fc2f62f2fbd9673f035ed6,3,0.0000000003
0x2883518cc54932f5728475412a6749d67d7ca22e,44974,0.0000044974
0x2883cc93820ed7d9817ac6c1f9d549b840c50ed3,39781784,0.0039781784
0x288457ac35bbdf035845acb7f2a310bbf7a74c52,81944360,0.008194436
0x2894c10b6fbff418619691b39bb4f68e72ba1d13,5,0.0000000005
0x289cd57888b4a8981cc996c9a297701db266a597,18870000000,1.887
0x289ddafdb7753f49a434f03cc0006375bf074fe7,67380971,0.0067380971
0x28b4c718cfee6aeefb3b9442eeebc78086e4eba9,845,0.0000000845
0x28bcefc55d5342efb978a23bb224d31c59b9550b,93795505,0.0093795505
0x28bf862bf1cec2bb18ce25714cfbda279fe3c2a3,3,0.0000000003
0x28c15d679697208983195fb874b635bdac0f971c,581824,0.0000581824
0x28c38ecd311ef853aa6d70e3f9b6fc1b82cacdd4,9,0.0000000009
0x28cbb9d0b4b0b5359d3ea609a818a040a6574c78,98738896,0.0098738896
0x28ccd36324e5607f48280b6515bd3e69b5898323,4977133301,0.4977133301
0x28cf3c605216a841b1e3b77aad0c82d760ed7a00,11077641493,1.1077641493
0x28d7f622e8f356023d59a30b6a744fc15acce1e5,7189,0.0000007189
0x28dda30d63ac9ec1b0a2d27ed172db31b8abb31a,350088832,0.0350088832
0x28e5d92148aa12b0fccd268ff643be86bbb5265e,9990971816,0.9990971816
0x28ecfd728c2860743c8418828cb79933b11e4fc4,61414265536,6.1414265536
0x290158e3dcc3480e0bde4702b680609a8ba5f690,381205897,0.0381205897
0x290485cd842e7e32ee3d767f1c84934ab5badbc8,976798863,0.0976798863
0x29051f541a801e024f86e5d82eed57f8f876bd09,90971816,0.0090971816
0x2915a2b825eb1a868dad8e242b156dbe35b5f3e5,6,0.0000000006
0x291b46816278185498d808c7dd58384ed6363831,9,0.0000000009
0x2924973e3366690ea7ae3fcdcb2b4e136cf7f8cc,667603200,0.06676032
0x292c9b9ce12cb8f932e84eafcd3898dcdae45e26,167447490,0.016744749
0x2930285a7435bb9fb5dbf9da7b9cf60dee2fd2e9,8,0.0000000008
0x293b8cba4cb04b46a9a9f0193e456455b5428859,5,0.0000000005
0x293ede8869fe54d2240515b526dff9739a4b3ba6,4666237630,0.466623763
0x293fdd2561e28cf7b90a27e0849650a23c4d05a2,98120299,0.0098120299
0x29404514720b9b61cd957a68c496cf8fc7ad05cf,110038031,0.0110038031
0x29488e5fd6bf9b3cc98a9d06a25204947cccbe4d,263494617502,26.3494617502
0x294a754c25df3a79fdec3156389ca0bb258624a5,5000000000,0.5
0x294aa45303d134fb615e6e9c76a457d7f2fc0946,99999,0.0000099999
0x294fd17c700331aad5cc480400050e1005d2c531,2514645480,0.251464548
0x2957c2968ebcb91f5683768a9bdc468d08c2a2c2,799839151,0.0799839151
0x2968698c6b9ed6d44b667a0b1f312a3b5d94ded7,72915448,0.0072915448
0x29734767a777b58d42040230d9bb32b79c3bd87f,4,0.0000000004
0x298214bc18f653b3e2816fe3396fd89b450b170d,1400000000,0.14
0x29821a73c67c8fa628b95cfb9e4e6bb3e63dd6d8,52108465,0.0052108465
0x298a75106ee9f89053df5f16eff64df4abeeb30c,93795289,0.0093795289
0x298aabe348df323f334fb20d569b8bbba1b0de92,4,0.0000000004
0x299370c449ace809b678e5ee72d9c031206f1619,611621476,0.0611621476
0x299446edab20afe36f8adfb57609cb026588b533,1090118872,0.1090118872
0x299c9edc5d772a42a27e3d2b9fa07c6a5d264abb,4208521,0.0004208521
0x299cbe4b54299df22e0b045ee9d84990a191a76b,599557,0.0000599557
0x29a2582d8af312910219b8a3398eceea2073b26e,1590971816,0.1590971816
0x29a3905c0606dfa2add4139d681b191d942020c8,899952178,0.0899952178
0x29a3c67f2a4a50250342d23748beed0c19349605,20501299,0.0020501299
0x29b06be22f66f3bda82d224041c7948506e39e6b,9700910,0.000970091
0x29bb2d6f153e99b2f3e3be51e6e0d9739ffa90fc,4,0.0000000004
0x29c5c681af9cbf02532b8a103eb151751f31befb,530530,0.000053053
0x29cc3689b2d0570e4cf7d3f56f956981cd5cdb14,292852287,0.0292852287
0x29ccc141c7cebb6bb424bb7fe87511b9f159315b,1028971819508,102.8971819508
0x29d3a4f4a77c0879f3312f961ece559b606ac0d9,95307969,0.0095307969
0x29da4214a34132142b6fb8a0e1c422f7bc93f97d,3971,0.0000003971
0x29dad1fdb9b8235da1effc1157b82db7ceddea7a,78738986,0.0078738986
0x29daee1c43b67abef66a04a8e31b0b2db013b641,16999998968,1.6999998968
0x29e038a766189a80b9423dee061938ea199fd2e9,2621,0.0000002621
0x29e50f874cb7a5cd5c432d10f0cd1e0b158e0b0d,3,0.0000000003
0x29eb793af9908034afd988c61c66797a63270ecb,94435116,0.0094435116
0x29ece55d3e58e7346e0b0a1feb61acc2e20e691e,956974775,0.0956974775
0x29ef159c6d8ae966b5355e45564c360deaa96663,117629138,0.0117629138
0x29f040ad5fa4915cde5cf6a61c9a5d0f1b9b25b4,96000301,0.0096000301
0x29f4bc513421e123fd9a8cd4c159e40405ea02fe,9977133301,0.9977133301
0x29f4c68ea70585c1298c5bd258f01870e8407d8c,85718799,0.0085718799
0x29f5cdaacc96d41f79d95dfe4e1f6294c333f680,150990316935,15.0990316935
0x29fb08a81867d8f61bce689d2dc366687291e747,1000000,0.0001
0x2a0173e779329e94b73c350ff67bb2420b5e5aad,368360387,0.0368360387
0x2a01c842b327563d60dbef1a4e27e6058a2b8a54,100000000,0.01
0x2a06913d5b8748b222e1236768c24ca19198b374,96081050,0.009608105
0x2a0a9ee9aea6df11b24971c878ae4870e4543506,10973674793,1.0973674793
0x2a0b13a255e7a4ac68e8af874208ec5a1d2c3940,977133301,0.0977133301
0x2a11888f6200cb6d792e22204e0ab96eee6cefb9,148578098143,14.8578098143
0x2a20cc424bd3cab4f35d0ad067b799c95fbc4bee,18093,0.0000018093
0x2a235a9321723a6dcb6bc3a4e4995cc39a762cd1,1360865820,0.136086582
0x2a269486dcea8273b4a23d82791d19db559a751c,8,0.0000000008
0x2a2c5a507ef9989833cd7cc7e35684db6e8dff44,2,0.0000000002
0x2a2ceda30d385a819838d667886dbd698358532f,4,0.0000000004
0x2a316a12102c0b72a1091a324ea61b19b1398d4e,4,0.0000000004
0x2a35697e8f72ef075cf8f7324514d628827ccb84,346793614175,34.6793614175
0x2a402a12723457ce8243a70b63f745c462bd11f9,60417441,0.0060417441
0x2a46921ae3d4abe26a0e4590125184c705ffb20d,97309537,0.0097309537
0x2a4b09cce22a0c638d89e295604aa2ac391a00cf,300000000,0.03
0x2a56a6bf6366c6b2349318e3a6fe5c6fe6432622,19986114679,1.9986114679
0x2a599291fc0a989c03db4e18846848cec40dbb80,8,0.0000000008
0x2a5e314d1925b3f4e2ff66c9ca31e5edaac62dae,381181387,0.0381181387
0x2a688a8fceb4608407f79a4f58e0d2482d55777b,10014506834,1.0014506834
0x2a74bc1db6aa24eec654a0dd737475dabfa13a48,887015,0.0000887015
0x2a785e5461ace0b8972bd2d27661a896d58f90d0,172430181,0.0172430181
0x2a84babda58ddf063a6de10ae341483e53b557cf,7159697756784,715.9697756784
0x2a852969c6e5f3deb24f39b7c76822376647dd4c,9,0.0000000009
0x2a897ce8cd3af90bdfc52fc6da100c2541946a0e,31971300312,3.1971300312
0x2a90036f1335e4a69d3c407a56d758428576fb4e,99269527,0.0099269527
0x2a9c84727798e86534c75cd952790908f2b9c6e1,95740544,0.0095740544
0x2a9f0f68177c5c8af2679dc5bdcff24fa315fcf8,6290806917,0.6290806917
0x2aa6b66ce9432a67953d1f37533cf0b05a5f6e08,994840,0.000099484
0x2aa9a4d5c07e5c31809b17f511e5dac7e9eb597e,4,0.0000000004
0x2aab4c465a47c2197f646069daec6d1f86326343,29471385015,2.9471385015
0x2aae8bd2955384bda6da5faf2409c6cfbe90114c,4986119721,0.4986119721
0x2abcb18062ba8c501c21501f2f79956c7bebcc76,1,0.0000000001
0x2ac0d29bb37d52813fbd48a7a5c5a8748ad42d48,56276252,0.0056276252
0x2ac5246e1eee52b6340d64e2b5e9975531f0c0e3,56364,0.0000056364
0x2ac68f29cb5ad9abe26a9b1218aa773ca99de4a9,9,0.0000000009
0x2ad146cada782ced24d2c80b3d45d28eea261778,544974,0.0000544974
0x2ae96f0c58c0c0c70dfee879e9dc18fbfbf43100,635995,0.0000635995
0x2aea465f16647b663a60a45064c12d7cd7c95eb3,26013001875,2.6013001875
0x2aeede7192a8a90892357b34e71bf51ab375985d,725240,0.000072524
0x2af55e7f6840c241f48a2b1a25a4394d6746a64d,95740501,0.0095740501
0x2af6a6cf9a6f30c6734ae4904c9d207ed6c2fb0a,8,0.0000000008
0x2af77d9ab4fccb0242f778a211e36a7ea9eb16c8,19661635401,1.9661635401
0x2afb49c7710665f0bcf8ecaf6a95a411f0c29154,340428,0.0000340428
0x2b00bf0376edc7caa00152b6f4e1c4a4317232b3,871246,0.0000871246
0x2b01f2923ef9994cec26c3ea76117552ceb23cb9,954266602,0.0954266602
0x2b065fc22c67ea23f608de9fd53284db26ef0b70,9560789959,0.9560789959
0x2b0a4a5a20f7279f8dcbd33a55604fbe7f88f02b,85798646,0.0085798646
0x2b0a998f60d07e2d05c972f14ad64dcf98424c2d,80,0.000000008
0x2b0ff64258ba21e3c7c605a65186e19ee86e81ce,12989987623,1.2989987623
0x2b110cf6fbf3932b28f902512e54c7abe5163f3e,98902602,0.0098902602
0x2b1d900f1314619e99e6e9f01c4cc6a24844a8b7,17405615274,1.7405615274
0x2b1e50c01200dfcc8e01e3b0bf13563948460495,6402912604,0.6402912604
0x2b2ae5f1fdddee6ceb1081177e54a83e9b527fbb,1870856279927,187.0856279927
0x2b2e9d15264452e032fbaf851d38ba0d9d4cb536,346157765,0.0346157765
0x2b3050f83805feb6715095dba478d305472e3111,9990971816,0.9990971816
0x2b3718ac80fec349588668dcc108caa1ac0cc55b,90971816,0.0090971816
0x2b41540f05a06bfaf1a5bf8db091f08345e59443,9,0.0000000009
0x2b444f4350c62135fa5709274abaa6ac6fe5f12a,7,0.0000000007
0x2b4905464319b184aeadd265d8d59740178f1e52,3646698960,0.364669896
0x2b524c8245c74f193382e365adcf69c6e7876957,57871555,0.0057871555
0x2b59e06db4d463f20cec5a603ee7d2d5179d2bee,6061943632,0.6061943632
0x2b619e33c2a431e6fc9a887f6268d2eb7342088b,9,0.0000000009
0x2b69af990d51f857c1dfbee3b001c702680234c6,8,0.0000000008
0x2b723a2d319d777dc6d05baac17f0d160cf8365e,9,0.0000000009
0x2b73c3aaf9ce1523a3e98bd938ed24db0d81474c,157024159,0.0157024159
0x2b748d41060de40ee8f1053a89ff4f4bf6bb40c4,990971816,0.0990971816
0x2b7573db0d5c509deb7a540874340ce37d560909,574543,0.0000574543
0x2b7ed0c73a9cca46de50ea446438f05971c927f1,94710425,0.0094710425
0x2b808e5f5ed461b7ade4a39c315dfd2d2eec7007,1626900,0.00016269
0x2b81a7ca3424e80e41972cf495a273603f8bc4b5,961027384,0.0961027384
0x2b8a442ce4d5d9d2b928484f16f0b9f2d75434a3,10971816,0.0010971816
0x2b91b3a61e15f3a6cc1e9c0ffd3b4daaf8c5fe0f,96100632,0.0096100632
0x2b92ff5ea835695d587e8436bf59103b02a272cb,97353178,0.0097353178
0x2b95a6b87e24e883355efb498be3523a948bceb4,500236494,0.0500236494
0x2ba0cf3a45d78fb39cd2a75516c3338d5f36dd37,90971891,0.0090971891
0x2ba5b264bf424aba618f20bf3ae483c22e630d54,3338939,0.0003338939
0x2bafbd65cb44776a85d9b808ce05fe4f3314f527,381298635,0.0381298635
0x2bb14b58c17bf073461b88f70104792eb86da764,96100654,0.0096100654
0x2bb25a009a489be9230ab93b045905eb5fc4566c,1693579980,0.169357998
0x2bb2e56ae401c1d580e0dba165667f72c1ff96b0,6,0.0000000006
0x2bb8f5dacae02995cc14438c7a9d30cbf8e2533d,63276376512,6.3276376512
0x2bba6f35bc4e365efac0245cfe04d0cc45df1066,8,0.0000000008
0x2bc12061c8912505978472c21d4a23db43af62aa,838244304,0.0838244304
0x2bc3deccb39f3d45d0c761f20c15341538e5d38f,189537,0.0000189537
0x2bca8735d3dc834d7d22ad0cc6b6740f3f3bfef0,5294385662,0.5294385662
0x2bd37e7b1ea91b89d57a4de346bb5bfb291c29dd,102417,0.0000102417
0x2bd5d189d21c7b95140406872b1035f04880f602,5909711564,0.5909711564
0x2bdf1dcfd13d4f7e2c3d160e3d92aaf6a5e89150,4,0.0000000004
0x2be2dfe52eb92463a1005de929cbea30c1e48fb2,22164507061,2.2164507061
0x2be3469df201d39b735592163ff1847b8fcd2c24,4,0.0000000004
0x2be49a80edeff49aa81bbf6d7f2e5ccf77536039,6,0.0000000006
0x2be6792414d997a9f3fe66e813ff2f30c9334715,5874307039601,587.4307039601
0x2bf046c7b5ba13f50b2cf34136f3035035a7a963,100000000,0.01
0x2bf2ca3c0d8ef40d14b525726f7d97e7d0bb8d5e,10000000000,1
0x2bfdf1ad057185cb145a521f9e917aff6de806ca,9,0.0000000009
0x2c01642f52b6418042a50ff2698af51dc2ea82f4,51515256,0.0051515256
0x2c060b44e407b737fad1736cbd66f1f00c36f434,1063772161549,106.3772161549
0x2c0e66354ca3803060dd1c1b983a710eee45d999,97671818,0.0097671818
0x2c0ef0752c131c7e175d897daa261d07a4fb705b,1494390902727,149.4390902727
0x2c1c1d6e11c311146141b2af1d935d19e97ef58a,5598942307,0.5598942307
0x2c1d14ba13d1c7d994f88c01a319246267023609,9077,0.0000009077
0x2c255e9de337a3e3cfe0b838d03bb836f554c63c,9,0.0000000009
0x2c264c14ee726e36f1f2b45ee091961d5449a1bb,93769074,0.0093769074
0x2c2ecab995fa0d6ab3714e3969424ec4afae0a94,11739768509,1.1739768509
0x2c2fbbd2346989428f48f0c478e22a3d86d1a6f5,1093265984,0.1093265984
0x2c322157d3bdc707aa4d766f87f2b01a8cb530c7,9000000000,0.9
0x2c3f182b1dec1701f7c2e1c28022efe36028ee64,599485,0.0000599485
0x2c499adf6965b29771a61b3f5092001b1fd2d8d0,19284941010,1.928494101
0x2c4c759511caceb187a490da1002662270fdbf40,1892604811,0.1892604811
0x2c4fc59d091589fbdef3cff8d94fb9e3bf39c109,70233308528,7.0233308528
0x2c51635b29fb6a0e6b60b82979baa1830d68bcc7,70990971816,7.0990971816
0x2c519c2027eb9c765a9a24648eca8378a9ad059f,94319933,0.0094319933
0x2c546846d543cb16e28f585a687fd59f447c9848,8949234134,0.8949234134
0x2c557400ac2e6bedc46b6762c793d2057c85dc77,1,0.0000000001
0x2c576496548304ce4c52d34cce06415d78df14fb,97121765671,9.7121765671
0x2c640a6fd7c8bf29bad2ca879c6ad14b79afa934,202633,0.0000202633
0x2c6d41b3eab6a063259cc6f7dbbdfaa8d4030af2,7823,0.0000007823
0x2c703f198615cbd823daa45144de2b19bf1d56b6,2756240082,0.2756240082
0x2c7509054d0fa8f5f0bde1ca8eff6e73e5aeb7b2,95307403,0.0095307403
0x2c78768b6d6b51f01a8d269c47f9648420525cfe,50025970307,5.0025970307
0x2c89845530cf9815871832fa4ca0030c6a8c59e4,1827547,0.0001827547
0x2c8d6cf16f6b9323d08c49639cecfb5c9219e9c7,381279120,0.038127912
0x2c9033ffcc1624c7e66ae3f4aa3f8e9b046e955c,99358877,0.0099358877
0x2c90a1a51398a0c69a73968b27cdeddec9d0d971,1222,0.0000001222
0x2c90a1f7d2f7a2643e42a1d177505143190b061e,6249813922,0.6249813922
0x2c90b4e2fdb69304b83b1abc06df1243e02d9834,58004629,0.0058004629
0x2c9e0ff12652476fdd9192298f4362722ffece67,85798635,0.0085798635
0x2ca1b05748f561766e531b0156bc16b6fb9427c2,619903111,0.0619903111
0x2cbae6034d0073fbf93c70863036b4b3624313de,181943632,0.0181943632
0x2cc7da5ef8fd01f4a7cd03e785a01941f28fe8da,3000000000,0.3
0x2cd689a94a5bcd2eba25e4b9f47088af70562a3b,1,0.0000000001
0x2cdb4f172d5c79d81fb1447bbfcb9f273c73d3d6,9,0.0000000009
0x2cddfc735bb4745604ddae6cd37c9cef57fd3dc0,4935771240,0.493577124
0x2cf0086eed803cc0cbba0316eace30952bfc832a,92709444,0.0092709444
0x2cf0a4b23a0015b161aa072292852b52f55eb95a,5,0.0000000005
0x2cf4273ad22fa38cd4be7d069e839da04951dbbf,9620090000,0.962009
0x2cf4554efec8169cd2841b834d10a0d0e059da4d,308199670645,30.8199670645
0x2cfb5168915c0ab3ec062ab2bf6d62608a4c3202,131998,0.0000131998
0x2d099ce7436b0a0e196427a9da1151401f1131a6,2,0.0000000002
0x2d0a1eb8995048c8afb0d07390e11a386de02a0e,94611850,0.009461185
0x2d1089115081cfc0c6fc3525630542a76d80442b,9685,0.0000009685
0x2d10db77552844cfa6de5ba35d63ab6495f3c088,8,0.0000000008
0x2d17e331a7eb8073c647ebb70bf44a429f9d9b91,9,0.0000000009
0x2d1a9051a36aeed57fece5e08f3d3ea5686683a6,1527528819,0.1527528819
0x2d1ecfc10d589d90565f2e4f75b08f2b47cad71f,9,0.0000000009
0x2d2f29167bbada4e4425a2aa1b0906b9de34985c,4085816062,0.4085816062
0x2d30c3aa191d0599fd40f6907d33752df4b111f9,98597575,0.0098597575
0x2d33bd69907c0eacf642506a20f770aa4b18307b,9973544974,0.9973544974
0x2d3abcbb3edfc208f02ff5ecab69822bf93bc40f,4,0.0000000004
0x2d4269568e87ca14ae9d40cf1ed2aecccac3e9d4,18188305,0.0018188305
0x2d45ea2316a816d020cb02cd1266b53086966596,9,0.0000000009
0x2d47a98762db98e0b3e4fb833edf9c189e8cf569,11816,0.0000011816
0x2d5e49664fd0b65992b341132e748d09d7b5789a,6,0.0000000006
0x2d608f3b84732192298bcbac9af92fa94ec0c554,544974,0.0000544974
0x2d61cf30c4fc5f76bef0a6110dd65d8078c543d8,949764413,0.0949764413
0x2d6a71344e531084b09fcea02869d94fd879cf4c,28795907,0.0028795907
0x2d77c3ae94d9d59c96a78a776ebc55c7f1c1302e,2990971816,0.2990971816
0x2d7ee839a38be2e1edbba25d30a2eec85e96c372,59920634922,5.9920634922
0x2d7f5212e93740a74b99d8a0799b4514061dbda5,17981943632,1.7981943632
0x2d819b0a07a2a85e56e55dcf73aa47f06293b3d3,150000000000,15
0x2d832b4e4b39208109f4a6ffafeaaf4d6c63b57f,24102,0.0000024102
0x2d86222e339787a874179a41c598bca46d5d3c9f,2774918571,0.2774918571
0x2d8f0d96a7cb01eb3a07907834d65937ee4a00d8,12114446292,1.2114446292
0x2d904ac1291721d58e3d19debcc2a9d925a2ecef,1003760780,0.100376078
0x2d90e612409be35e845db25e2d1ccd4d1d7dc1bb,8149,0.0000008149
0x2d967628c90793a2f2c4c52e3b538e2258cb1ae5,90971816,0.0090971816
0x2da6e5868db99895ba9c8d308ba368d943f31ef9,35490809,0.0035490809
0x2daa3cf49e240ced9468429eca3a566ff26cb15a,9977133301,0.9977133301
0x2db2270b65d9609c3a9ae4cc13abf008b11616cc,73544974,0.0073544974
0x2db3632aad2e145476f8a5868f27f91e68123dc0,3671816,0.0003671816
0x2db3df9dbfcb5f6bda7fe89f4bb43eac9185d3f1,28346194,0.0028346194
0x2db508ce5f988dc55542ace5f48b1670692d9344,2,0.0000000002
0x2db5106a3940588bfcab728a9a654121f286d4f4,9,0.0000000009
0x2db960bf56ade75bc627597ea769d0ae38b0edd0,52287785530,5.228778553
0x2dc4dbe3ff63cb49c577375fa5af3c55c4fc3a2a,4915994840,0.491599484
0x2dc5221cd5e02950e151f2f8c5f05fdccd5152c1,1188389243,0.1188389243
0x2dce25f6b6543814cfca7a486716de24641106b9,202633,0.0000202633
0x2dd21677ecfcbb8793fc0e9bb9375c52f7af1846,3892280817,0.3892280817
0x2dd9c09a1b2fa93f2e1c47a9275a63e8733d8753,3590971816,0.3590971816
0x2dde5d43648401c9a0588169e4fdeb310fd124e9,2058,0.0000002058
0x2de3bbb0753d482eed92fdd24ade8f3bf8f3be10,4973544974,0.4973544974
0x2de69837a5a37359f7591ba5b2effa61f835bbd0,95740551,0.0095740551
0x2dec278a77b8292e131877114ced3a58d5667ac9,4,0.0000000004
0x2dfa2ef642c18f2fc95813a8ad93b45118b25a8a,54266602,0.0054266602
0x2dfbd82073c07a70e66746f94dac43f487e2b974,7,0.0000000007
0x2dfec97f3221da9d9bccb6d2f706ad1b53411454,8,0.0000000008
0x2e028e717fa43a30517dc6639457aa04ba39f9a7,16518461288,1.6518461288
0x2e065cc7ff854a9a22337dfa645adadb77d61fcd,9407676500,0.94076765
0x2e0c206d4df731ed3ac796434593205112d277cd,20,0.000000002
0x2e21025be343c569d533d24f8e3103f03bf200cd,2105982571,0.2105982571
0x2e21db5ef0769b18958a658565b97a8d6e1d6c92,95740957,0.0095740957
0x2e23a8ae6a034b809972a79ef0559b63b66f71f6,60,0.000000006
0x2e29d7260cea8cc219f734a9aacd889c1e72d862,93529302,0.0093529302
0x2e2aa44e31a193cf722f0ece4992461c1721d5b8,72100892,0.0072100892
0x2e31bd290416f095db77c56cb2a2ce7ea4511872,1,0.0000000001
0x2e380fd828b4b53cf39b3df0a68a22adb1461880,126867446974,12.6867446974
0x2e3988bcc4eca470783a4736488ec5f531869952,97732,0.0000097732
0x2e3ab2977dd852658341e8f50a21aa0b0ee16ff7,4,0.0000000004
0x2e488e7d045b31bf0c1bf32ab652623f5a37db2a,271182646,0.0271182646
0x2e4b878140228850ce54328e2efbf21e90331450,5,0.0000000005
0x2e4e97b2306eba1464161c77302cd8f305f3a1fe,83199193,0.0083199193
0x2e53e5e94211cd798edcd6c69c6803dda6c70621,5493,0.0000005493
0x2e59c261da7208c182798e02a47c7e714ca43bc0,36496536375,3.6496536375
0x2e64e797faa91d1639f8b851726976e80a41e912,59999954037,5.9999954037
0x2e66c2b436e5095107ae974618a593dae840cc43,85804028,0.0085804028
0x2e6f5699366856a6edbdb7133e9eec38e33373e6,915994840,0.091599484
0x2e77299f9e3a82686b5054e8754628ce2f322493,12257592837,1.2257592837
0x2e7796a8cf69b458a79963b35545f1744e682fec,21892076,0.0021892076
0x2e78a0d97479ccb3238a4cd5f373654ba09fef2e,3,0.0000000003
0x2e86c1e969f3c121ed865cf4d7879744c9c353df,9,0.0000000009
0x2e8a30ce7227fa5e0e0052e2030976afa36411d0,92705135,0.0092705135
0x2e948de67704f0438fe67990e158006822a874bc,6601441856,0.6601441856
0x2e9a32984adfa43e34530a35881f053b161e37ef,5,0.0000000005
0x2e9c6aedb6129256dfc09a3403b722a548496295,6409377,0.0006409377
0x2e9f2312c3726ca897278f245768a42acba931fc,7,0.0000000007
0x2ea4d73386eaf23d704fb27fb153ed65d9a866a5,7,0.0000000007
0x2ea73aca78f2bbdf348e5a42a8f79ea20ce4d2c1,12097838312,1.2097838312
0x2eae645e1ef0953ebc7fd1fdca79bfd847b5e28b,127904096279,12.7904096279
0x2eaff018002e4a88163b133d1657788633046514,5885771141,0.5885771141
0x2eb0d1fd88c93378631cb9b8605dfd72173ab753,306644163742,30.6644163742
0x2eb83fe78ad23d4ac342477624c9f97d11dbe096,999717274799,99.9717274799
0x2eb941af237c03d08944ad3d945c5415e4a07daa,599485,0.0000599485
0x2ec2336dbf354e95a49cbfb3e05c42415adcb9d6,10206532876,1.0206532876
0x2ec47544fd1e0da093b5cca53cdeb654b9b01992,6952612589,0.6952612589
0x2ec47a99d66b63fe304fa6f9ee93398398e7d7b4,93769151,0.0093769151
0x2ec7acaabf0dca6c59a10f11ae49f5ff06c39d0c,702,0.0000000702
0x2ec846a3332566b4099dbafa11fce259634bfd1d,2090379157,0.2090379157
0x2eca0be455683dc60406c1e1782a20692a14628c,7,0.0000000007
0x2ed1f91f219c6e4b4eca7ecec5dd8943aa5d6956,43412971394,4.3412971394
0x2ede41fd9c6cdb9ca51b99994ec50e22cffdeed9,474607363,0.0474607363
0x2edfca70ec20e946319c62013d3b5a9922006b04,90720631,0.0090720631
0x2ee56cf28ea3cabee3c5fcfb3c63164e9858a622,13940725,0.0013940725
0x2eed1e405f66a5fa3b563e8d21ff08885be71242,10000000000,1
0x2eefb6d886669b6a5f4ff5ec3053329c91df0e36,105143685321,10.5143685321
0x2ef52825a880c7d4781500cfc4594e295a54a7b6,2299971816,0.2299971816
0x2f0900f093fff9a341ca47be8c841f2f52986f04,23413743,0.0023413743
0x2f0a3dbf4ad5db7d6caf6842c4c9aed74cd46c1f,5515375189,0.5515375189
0x2f0b50e42a3d3b738545605c81b18e709e7f9c14,599518,0.0000599518
0x2f186d58a385a43e3d4833037f28c20d38530f85,97309867,0.0097309867
0x2f1bfdba7bc5b4b690350522e60fe3a5eb849ac7,2477305754,0.2477305754
0x2f1f5f1fac04eb44b41e1072645fef3c87e80c9c,57154563,0.0057154563
0x2f23da7b8bd35c93df9e51d5b5201ebcde103dd5,2793635995,0.2793635995
0x2f2a7f2aa826e02e5d0869411a79871e9e9467c7,23481943632,2.3481943632
0x2f3342a974bc87afec2aa807a269ff98b97b5ff3,2971816,0.0002971816
0x2f39547b34e69df9769e5af09503344c545986a9,1045148525,0.1045148525
0x2f3a1eef75712cc71f7fef5f6febeecaf3344102,96588232089,9.6588232089
0x2f3b3d793d601724200a1cbacbb16ad513264aad,2,0.0000000002
0x2f43eedaee56684b3d5885c98f22aa5abf200e03,59,0.0000000059
0x2f44428ff3af44f34d76190a88f3800bdf8e5c90,95310163,0.0095310163
0x2f57737918391529deafbe2bf2ff263e072966bb,3972229358,0.3972229358
0x2f590a1a43819abd42cee152c729e8726b9f6c1c,8,0.0000000008
0x2f788386f460f2ef41357947bc8ce0105f28a47f,6398403189,0.6398403189
0x2f7daf9b66a7bee6f9e046973e2e3d01d810207c,332374268787,33.2374268787
0x2f822afbef932823953797da5c9573fb2da81fd7,11816,0.0000011816
0x2f85f35534b65b3c2cdf21d7768351959df32cdd,9981943632,0.9981943632
0x2f925542d1689258be55f87e17fcd8b7480d76f0,11496336861991,1149.6336861991
0x2f9412997bd8c61f60f1c2fa18985bb695580491,26233089,0.0026233089
0x2f95f3701eeecede0ec246434b738a8106e4a595,3228418550,0.322841855
0x2fa4700c8580bd6cfa458d8a0d5d750f0c03ab7b,92,0.0000000092
0x2fa4eaf10bd3ab182a86ea139c252de2b4d11066,204666564171,20.4666564171
0x2fa5187c4bb3ec553b951fda9d27c4b943b95004,26801523440,2.680152344
0x2fb3cf561d8b888f1e8592d5c88004bffd7cc95b,599557,0.0000599557
0x2fbf1de037c0dec4362d68dc65600ed1a4c3c9f7,7,0.0000000007
0x2fc9896cb056cd3f28716ada06e509a1c8fed40f,4096217294,0.4096217294
0x2fcfcd26705acad289c8b2018ea68b51d9588c7d,10990971816,1.0990971816
0x2fd3314b68f1312a54576e6961e19f616aaf3519,4717,0.0000004717
0x2fd39faa01585127e6ff1b2b91020a7ff152658a,1552011225,0.1552011225
0x2fd6d6b3726a32c49127b609ad62d4f432a8f20f,93586433,0.0093586433
0x2fd951577dc44b25dee91c58ccc74d3c49bf3aa0,4313080966,0.4313080966
0x2fdb945081a99a6d0b9dec6b7264fbb56bf3b3ab,1257561450,0.125756145
0x2fe073c2f99bc6318e89fc968c0e517692a82a66,29524436497,2.9524436497
0x2fe1b00e8b3aa6b253eb55d0f30c1725f8d5c206,825817,0.0000825817
0x2fe707c20daa2891b9c4d77190e89b31472c31c9,478602,0.0000478602
0x2fe70a23becd997927ead0baa37663b99193efd4,1646914398,0.1646914398
0x2ffd1d048a75dd6a634c698b166f7ce488bbf583,43944579,0.0043944579
0x30003a77d5cad199f704e4dbe147df72f9f1f707,599447,0.0000599447
0x30070c3be65516b842f03159ec0ecb7e43247dc9,9746539,0.0009746539
0x3008b7b21978033de7381acab130d303199ae08a,95741281,0.0095741281
0x3010612ca1d39d4e7936fb01c5f3e58e186b3191,59127664,0.0059127664
0x30165f0f1b1c4563847bfb1acae30ab143453da9,122231806,0.0122231806
0x301a639765056af4df43ab69758689a6fb3933da,98405846,0.0098405846
0x302f0b71b8ad3cf6dd90adb668e49b2168d652fd,8000000000,0.8
0x3032ad8b3fbd338d3e5c6115640b18b54ceb375d,100971816,0.0100971816
0x3035b71a0e22a82acf053f745ff11ca310959632,1947089948,0.1947089948
0x3039100c33c20a7d47b70ccbbe74a948e9870b15,3450,0.000000345
0x3039c9296b4080e95790311ea16aa6cda94b8bde,8,0.0000000008
0x30411d25c5ffa169de1003607f8a0938b1960a45,97358108,0.0097358108
0x30487e80d95bd193c79fcff9084abfac94706ded,921454,0.0000921454
0x304ad74cb953af5619f48b81861698d5fc7dd7ec,92766874,0.0092766874
0x304e84f9d1c93153688bded4a9b8b341054594b6,3,0.0000000003
0x304ff497afc167f8ea54a44838d6689701dad52b,18734,0.0000018734
0x3055c09eba61f44c98bbbfb00f6412d3f466081e,551133,0.0000551133
0x305a91af249d0c0605571a205dc4a0fbaefad4a8,2,0.0000000002
0x30620715bcf265773b2973eff4293cee0bb1b774,18238465386,1.8238465386
0x306cff569baa5316cfbe1742f175b6679465d4ba,49519239523,4.9519239523
0x306ee7c447055b67d9b8d61ccadf27ae6f902875,1205265949,0.1205265949
0x30783cc0c5ebfa3cf1489a01740f84a89058a8b3,9,0.0000000009
0x3078664433424232624433664266643843633261,486114679,0.0486114679
0x307ba5c26af98658000debb07fa4df2564bdb1d9,21290948,0.0021290948
0x307f1246d7816c57b954b678e425a81f761b2edc,20303375983,2.0303375983
0x3091cff96a272532d3a462a8959a35edf6c1dcec,100000000,0.01
0x30923286dd00a6426d31d75b33b1d495a6d6290c,93768978,0.0093768978
0x309f60fd603134afea72f4770d959fffc3d6dd7d,5,0.0000000005
0x30a0c4643be244b163861559b11518a0d2c55d9f,309126,0.0000309126
0x30a2c7e4ec0d5e911e8a00d37d2d8ddcd0fe6984,109972229358,10.9972229358
0x30a7a5fb43e337e671e56504085d974413d85f67,946763077,0.0946763077
0x30a9ee23891932b423f9fa41c391cda3455836cb,190717045,0.0190717045
0x30b03223189f7e4edb56d00f58f8ed75144dc955,90971816,0.0090971816
0x30b254752714bce5fa9c5627fb6b18b273e4cab7,7,0.0000000007
0x30b6f855bf4e3ad5438d5fbc44f964946ff76b15,93530066,0.0093530066
0x30bda5bea0174e04b94f6b415e0e59cb7a9f0da3,1000000000,0.1
0x30be9fd5e3ae2f3470a7256f4cddfdcf1dfd5900,5,0.0000000005
0x30c104e3573d12f33f05dc689f038781e54fcab6,3535981378,0.3535981378
0x30c469826a1114ebe19c928d64dcf5294e452446,5000000000,0.5
0x30c6a8d3e3b873a5845562bd2a5bcc74dd50f943,6,0.0000000006
0x30d3e8bfff64f6be201fe79fcbf6a84c59b39675,7723766,0.0007723766
0x30e04fc620863b097878eafb95616f6c7514a30c,13832442,0.0013832442
0x30e506a0e11e5492641928f1e10bbe2bc9d98b72,159560665698,15.9560665698
0x30e6ff562dfcb677570f093340bb3052b9d9755f,2,0.0000000002
0x30eee81654958daa12345b5b1670dfa384f9dbc1,33,0.0000000033
0x30f6a14f31ce5c5ec220705975101e0c09ade885,45980742156,4.5980742156
0x30fa101871de933f98ce55e3448c3f8a2015d09b,11982850,0.001198285
0x30fe7647dd7ca72408cb46f4aa09be0fa097d1cc,3,0.0000000003
0x3102d768e3939ad969c15e8a325d94d11bd17747,1135408035,0.1135408035
0x310611390f808d5a9445b08daf21191960c05d2e,8933,0.0000008933
0x310727f5b7af5635521889b1548f2307175720c1,73782702043,7.3782702043
0x311d4b1d1187e0f48065a74a088db76dc378577b,349986114679,34.9986114679
0x31243bd940833d3c1fc41ae2f54e38987c10005a,1,0.0000000001
0x31283e952f5891cbaa2367ee2c48d29c6830d061,28499482641,2.8499482641
0x31307ef22c77cc89cd7e61246608f15b82d09fed,96639617,0.0096639617
0x3135b6430ef29f55f9c95c84f0de68573f7d828f,7,0.0000000007
0x3137291eccdbb27e09a7c7137ea38076429a8193,10978279289,1.0978279289
0x313f1d9594258023aef25983ad9515e4d33d4c03,77305754,0.0077305754
0x3144a0866d3086c605107b6d07791d0557ce7093,5,0.0000000005
0x3145eca15df2b76249283b13d1e14aea69ea4ea4,911062837,0.0911062837
0x314ad3aff1d5aa84298d1bbb028dc0aec0dd7bb3,93792633,0.0093792633
0x3154b23a71612903b64e64558be7c362ee9e127b,925457203453,92.5457203453
0x31579c4d107829d91af9c2a5fc707c04fc833ae2,11816,0.0000011816
0x3159753b5a70740ce41fd05b5055d86559072e5e,10008981378,1.0008981378
0x31602a75eb1abb31454e2f25126b7d1bee15511e,84563,0.0000084563
0x316703de066c35e0b4c891e2cd713deeaa90f3da,4197,0.0000004197
0x316b7005306e43b7b1e0c5ea1128fcfc7f9ad979,5,0.0000000005
0x31765d5fcad04286cef5ea610a349a3ae4ef7d3c,3791746652,0.3791746652
0x317763309398ac6290b1d1cddad77a63407d1cb7,3,0.0000000003
0x317828cdd3210b419cbd41f637ce25e8bdce499f,200000000,0.02
0x317ee35a01393ca21189d648772afcb5e6590a41,18644009,0.0018644009
0x3181c0b7255ff7b8f272d1a6d69e9157601baae2,89948,0.0000089948
0x3185ae52568c910b3fe60ff4a84e6d930b220dc0,381209598,0.0381209598
0x318f96b7371e872732df840125cb7fdee3e2b9f0,599446,0.0000599446
0x3190806de17425e0d74ec9ab790e08181e59fef0,32639,0.0000032639
0x31911ec63084030918be3ec6c359e6f03ce7bf54,268772829940,26.877282994
0x319dc91b2a9aa6e0600225a957667887818f3df2,41064,0.0000041064
0x31a05b45528e9427b9aeec0584a4ab945283a243,4895094907,0.4895094907
0x31a406efbd18897c85a028ca2ad9bbf06febaa2c,435085,0.0000435085
0x31a794d366fa9b94d15f9d5cce61bb946a09d630,37616,0.0000037616
0x31ab10cdca318589aeb3c09a7db06c7f39a2b308,96633631,0.0096633631
0x31afe06b4a3724dad7e3af213e1d9e2a5c644568,9986114679,0.9986114679
0x31b660096f4b407ee416bd0b96697d82b612f61b,2981943632,0.2981943632
0x31b88926d15f8b0f0d57a85070f382541dca226e,52273263469,5.2273263469
0x31b960e77c0bd8fb6e79cb429fad850b8fce944f,6,0.0000000006
0x31c308f2a1fa6b966861110abf10effe3a480242,8,0.0000000008
0x31c5d217c5bef49c114c27cecbb3022fb847cb2e,8,0.0000000008
0x31c798ac8159568d44c7f0c8678bf6fdc4caf57c,225659542656,22.5659542656
0x31c81630617a105faf08d0458cb718fff096a061,99315468,0.0099315468
0x31e292ba33e01c3a9d3467890e2e5c99e1d6562b,671290163,0.0671290163
0x31e94852127fd0a1d7d7d527b3fc06ac9f2c9d9b,181943632,0.0181943632
0x31edb88c308eed7b93f90fcf1e504ef7bafb5f79,76509840416,7.6509840416
0x31fd9680937b26cd4ba89390b1f3d472768aedb4,3,0.0000000003
0x31fe24dc4a8bf7689fc44b64d33e22dede1f1d76,51201562,0.0051201562
0x32085207c2084f9f4f0031df3b135bcae11f8ce4,5994840,0.000599484
0x32134a344d8bd04c6338cd8db99b16a6b14df32f,381182932,0.0381182932
0x321b6ab49ed10e11c5beae8b8935629d63717563,609275314,0.0609275314
0x3220f323f919830ef69cc22ae2e1da7b0db67037,3,0.0000000003
0x322215003143bb2a61e4b3feae51bbb9ee187bfb,2,0.0000000002
0x322679732d6800a919823350e204ef292d1a9599,5,0.0000000005
0x322a251e4d8a9ccc7df4e969fb581d74db1e6646,2363094089738,236.3094089738
0x323262bcc3cfab76d6e1f5fc3e294cc76ad59760,89990971816,8.9990971816
0x3238e4dbb25efefc5d00624f949bc40e719a6f27,4639962517,0.4639962517
0x323b69eaaa302b940f4cafa9fb8684016959600f,6,0.0000000006
0x3244a3ccd5daf5b5d1ec3cdaae841f29b016c163,1000000000,0.1
0x32511f3ffff535c434286f84c53c6ea965cfd316,2,0.0000000002
0x3257de58e32b50964c534c78c29c2ad12266fa9c,1200000000,0.12
0x32604df232ae8c027953df34ea7c9e9b83485a10,29979503903,2.9979503903
0x328425d663dc7ee00742331a8d8ebf7083bc70ea,13393102437,1.3393102437
0x328c9f1517df08702470aaef67fc784b5fb3f886,8,0.0000000008
0x328f51c0e887c34c626617f141d822e4940ca777,38006782,0.0038006782
0x32908f6d9cff0dd54fe42e7766caf54c208c907e,5,0.0000000005
0x32939bd6981df31ddae723cc656a7272e6a2f7b5,4270936856,0.4270936856
0x3297a2c58ab7cab1467dd744638f0ded46348b30,9326492,0.0009326492
0x329b856fc1c794cc3fcb6f6fa03272a89a632b25,4840,0.000000484
0x329c4050e06e1c8687fa6fc7cbb4adaff05c1425,144869308,0.0144869308
0x329cb26ac9320cb571e83f27db68f71b8c18940c,4662271915,0.4662271915
0x32a35e8ad07a835b453ec743b29802357649e536,4996676572,0.4996676572
0x32a86e4811a9d9d6143785fbd67d62a592d4045c,1024841841,0.1024841841
0x32a8fb84dc967975c13997470d6bca325c7bfa03,603544974,0.0603544974
0x32aee0307c4a51e9c1f2c8c31f6197e64d3ea91d,2,0.0000000002
0x32b720dfb7b49375dbee9aec91a1dffeec495f09,5981943632,0.5981943632
0x32bad4f129d9cf8b613a6f30d9b25c744576690e,599114,0.0000599114
0x32bb63c153f979f025f9db54ff3b6bd5c0e2ff4c,21950557543,2.1950557543
0x32c4e91bf5942d06e5b0d44b58bda28c2c7af517,18957962027,1.8957962027
0x32c91b5c1169c10ba47b316ba536f83232177ee7,9977133301,0.9977133301
0x32da5e91a33af2e046b491cd82ffd8a31e858631,4,0.0000000004
0x32e3df7bc12770fd56cf984ecfa50e4892ee00a3,1073112020,0.107311202
0x32fe6061c52ebbee6a7b5eba7c6428b764564d77,162138,0.0000162138
0x3300f8b9f721d84c02b5c68ba456ef14993aea1e,1,0.0000000001
0x330360d518906e9b1c5e17b9601dd1b39048edf5,6,0.0000000006
0x3303a199a631dd5a182ab573fbdc4570982ce91f,599568,0.0000599568
0x3309a431de850ec554e5f22b2d9fc0b245a2023e,2951479033,0.2951479033
0x330d11b5de17b7b664b653136c21b069a583e934,100971816,0.0100971816
0x3311b61793f2ab467a7087ce9f4d232b252ee1bf,473544974,0.0473544974
0x331268660718c334102eb134412a1a77b7ae1cf1,8,0.0000000008
0x3312ccf585ebe05420cce4091aa9a52730d480fe,8,0.0000000008
0x331632f144ffd09de9038f64f6f79fb4243fd208,18056781922,1.8056781922
0x33231c4171e4d6a864c05b6db61467ec2424efa5,90971816,0.0090971816
0x332351790932a8a834b46bf93864c537fbc9bd03,295892629,0.0295892629
0x3323d306bb12a82b4b3cea7262f74b9579a41fc1,483061654058,48.3061654058
0x334291586a8873812bdc679f0354645123515c70,599479,0.0000599479
0x3343f4c1a67166e986e8b33aa1268ae43a9ea65d,1530704,0.0001530704
0x3346999e5d77b12cecf566e8cffbb9fcf800845b,599446,0.0000599446
0x33510f9b4830e4a5ddac58d4f910122851ce22bd,8300000000,0.83
0x33595c8387ee709ffc30f83fd147281e3feca052,6,0.0000000006
0x335b26d05daca31d6d921f07466e19ef8650d4bf,8823257989,0.8823257989
0x335d2d954cec61cb4673780300d890340a29dd99,4099118355,0.4099118355
0x3366db387ba43f58eef91daef5a1fa040d3bf66e,784096343,0.0784096343
0x337ceba5568f9139fae411202c61f578305c8e74,17563286,0.0017563286
0x337f9441d4dc510a378f72c5feb89227afcef143,97309803,0.0097309803
0x33810619b522ee56dcd0cfba53822fad5ff48fdd,5127798714,0.5127798714
0x338205233e95b3d0b009b55b5466aedc18f56856,89990971816,8.9990971816
0x338606371f070e2a8e4a353510e021f81526663f,85719030,0.008571903
0x33885ff0bfc5cd402ece86c5654412977fa6b430,18341645385,1.8341645385
0x33893d58f01e83b8b43fa8fcab85c0fa26c8d3ee,11972229358,1.1972229358
0x338faa9462730f47ae6e46c41a075cc3e326cc89,3,0.0000000003
0x3394686258c0bbd45c6ba2adf41c3f0c02c2a82c,17962756,0.0017962756
0x33950be0d7e7c7ed5e8be08ac6223587e7ede8f0,287885312933,28.7885312933
0x339b9db9d2e445e411128f374f9e1eb62c330eb6,248728913,0.0248728913
0x33aaff116e25a556324bc7cc4a745148f83d7a33,4204678,0.0004204678
0x33af79ae1140558331954b919fb82bf771e938b2,6,0.0000000006
0x33b2451a05921c9a2dc5fe22240d1d26d7a0cd73,73544974,0.0073544974
0x33c0138175a7acf108ef9a085cdefd06356d5067,4702840,0.000470284
0x33c465cfd6932e70a3664593f87616ba9166b0a7,33948193364,3.3948193364
0x33c4d612d950c4856d7c441d585393cb981ea15d,11243002134,1.1243002134
0x33c621d64bfc8fa6ba706c1b8403bdc1ef9aa883,88580884,0.0088580884
0x33c7838a6a7f340d6c372a1a90a794e75ccb9658,29601861800,2.96018618
0x33d304c3db2c0b3c3648d443ec95fc5168e32852,1771,0.0000001771
0x33d4546960d29107d2bae9d58bd2786e6b5f169a,10429507243,1.0429507243
0x33d84d2a77d850b13053a1496d25cc58b145aa13,7021549690,0.702154969
0x33d896622f4a0ae7658b76b26b7ed5e7f6f36a91,5,0.0000000005
0x33e21be38c903600573d330ae6fe8234981629d4,42151305532,4.2151305532
0x33e4c1a95589bb31dadde508d0effd97ac563eb3,4,0.0000000004
0x33e5b450cf37108327848500af75991d07c360ba,100971816,0.0100971816
0x33e6ee2a0d81030493657d8ebd4d363c604d3f18,23169169826,2.3169169826
0x33eda6de4a87381ea88261bf1ce7bbb782b38622,6,0.0000000006
0x33f3902abb2fcd50588e82d8518de8fb182f18fd,94821554,0.0094821554
0x33f97d50af003ff1fb3cd19321c2dd07159987ce,5000000000,0.5
0x33fd8fe26e4e36e6efbd1a2b86d2a84a5051e7b4,8795307183,0.8795307183
0x34004eea9944fa9a2cec1a3bdce20015135bcde3,9,0.0000000009
0x34065817d7c6d6b3967fba79a524f6971d98a4a6,98505698,0.0098505698
0x340c5156264f495799eda7f4d05c3c69d0673d2a,92698427,0.0092698427
0x340eb9725a9b4e9fd0762c80287d0c8fe5c28c34,7990971816,0.7990971816
0x3415bd6257b9ee8d350cf172c880a723c5f7ec6c,10257918933,1.0257918933
0x342b38541b3b6b8757513ea1e0945c240d57d3bc,19811062837,1.9811062837
0x3436a7c2862b8353fff9fd022ff9ef2baf26e93b,2761916281,0.2761916281
0x343c2d46a403ddfe56fcf865f87edee94c6be8b1,5618,0.0000005618
0x343e6192bac2820e80dfce81cc239d48fd711e13,181943632,0.0181943632
0x343f1c070bcd91e8feee813b52dd822c0b023c02,95787635,0.0095787635
0x3441c4ae7cd4fdefb0f6a2a4eddf423631cf6fa3,26788819177,2.6788819177
0x3442fc49fdf4bb4b3967b6108a3eb76955bd1706,36050132,0.0036050132
0x344c91c9c44799c3824ec956361d48383a59d997,6405,0.0000006405
0x34500f59a6256def14d5cdcf1e8847edb8d4ce3f,699999948,0.0699999948
0x345277a99148553b63dcc6d42626eceb088ef45d,95787839,0.0095787839
0x345445b361b38a85bb3621fc5c34342deb0f3d1e,1,0.0000000001
0x345606e8aa2e79b96344b56fffc94a87b02ec6ea,30313542,0.0030313542
0x34626794bca35e9aa2bc3abfad6c3128a845906d,1996877019,0.1996877019
0x346289f74a8d7651233d54030b6953d4859ec8ad,180000000000,18
0x346358b03fa78f33365ddc73d8a969efaea97f50,8,0.0000000008
0x346676f8dc14021c9c162eecb26118a1b2473230,479496616,0.0479496616
0x3466c77f0bce9f8f33d73922bfcbf537eedc7528,60048339217,6.0048339217
0x3466da099051c3cd1d9ee8654f586f90d684b8e0,11816,0.0000011816
0x346ac358cfe7d18f08d1a6475233d615c1a1db96,95741263,0.0095741263
0x346cfb6cd195c3e0d834b129e9e6fe2f43a3a8b1,93974,0.0000093974
0x3475bc9eb70a947a915d7112b13309973b85bb9a,9977133301,0.9977133301
0x3478061e5bb2ced40df670ab6d8e529dcc72d852,85803947,0.0085803947
0x347b097dc1ece43576947581618b67f520db307f,250000000000,25
0x34815820f98ffc6efd56b38f9367125b902aa254,990971816,0.0990971816
0x3488021458553a53b14f4ed307e6ec3ec4c438cd,3544974,0.0003544974
0x348e16286533985939e58191df4d3f1784e8abd3,8,0.0000000008
0x34909ad6b82db59eabb729d7a0d9415ef8484717,11090971816,1.1090971816
0x3495d85b5a4be759275384ccb39d9acbadc85710,960026096,0.0960026096
0x34964c0bd926209fc8d33232f69ce1678e35193f,7,0.0000000007
0x34b07e482e6350fc8f3288cda4f01f1768a38ca8,73544974,0.0073544974
0x34b2ae53a2c04f692a8958076a93c0c8d6847e5a,1109000000,0.1109
0x34b4943d69285043d23a3f6f5510de9adcca57fd,499658516264,49.9658516264
0x34b5455245f986b8f5edf6270b6dec90c7b39b66,95787642,0.0095787642
0x34b557043f3d339f53a535b2a98fcc6db5777714,13856825,0.0013856825
0x34b7bc90dfced7f1d701a6d8acd384a58b978bed,6,0.0000000006
0x34b9d6456de7561655f8edc72dac4dc77e70305f,13785739910,1.378573991
0x34c0bdaea998c498ef612bbca2ef176d994dd832,1,0.0000000001
0x34c32789817259ab1d4d96ed233be9b48de43bfb,189971816,0.0189971816
0x34c8bde4d4fa2a7e45fe74dcbd0d132d6a49cc6b,665846,0.0000665846
0x34d80d4eab2395292a10372221c0b6b9d6c062d0,32294912573,3.2294912573
0x34d8d4558e68614ea5066143f4fad53945912e2c,85804289,0.0085804289
0x34db0e5b383f92ecd2eaa7276a2c40926903b8e7,12386476887,1.2386476887
0x34db3c1f8e5784f5c8639ecb05c171540fcc7bd3,47406803230,4.740680323
0x34e0d67eeb1d349ffcf60429d69cc26ee8640a22,9,0.0000000009
0x34e20a194b69031fccd6c018bbae9369bbd135d9,1,0.0000000001
0x34e7e1df6f746059c945b163fe634d8f6c40085b,26482255586,2.6482255586
0x34ef263498870b1cd041e2fe49a7581ce273ded6,5574,0.0000005574
0x34f4010006ec0a58bdfffeda2c5378dbcd0ba240,599445,0.0000599445
0x34f73a47a027bc3c1db642df9ca54625d9b6b77f,5994230924,0.5994230924
0x34fc04fa7e8e142001aaeed25da8cf7dd887a5f3,259003115844723,25900.3115844723
0x350800caa9a6d3bbd8c12c6a3b67bedf099ead60,14277368293,1.4277368293
0x350827465673e553ffacc12908362163f3d735f1,7089948,0.0007089948
0x350a4b5ac6216902e095ef47f3bd5fdc9d387e23,8,0.0000000008
0x35115c37c2b9f09a5158c29f5b0e941507c8a1ac,457314468246,45.7314468246
0x351356843a8cfdb726c757014b47e1291315217f,23504,0.0000023504
0x35153b53cce6d138343c6260830d78d4b0cda2cd,64579969241,6.4579969241
0x351c63240ccc9905597d6c39b507f2cadb827bf0,95307994,0.0095307994
0x352528ab66f2917fd88c981b668775ffeb5dfc84,9806537761,0.9806537761
0x352f1b61ecc2a3ad9c1584bcb7cb2794e55a4a75,7055446,0.0007055446
0x35384b5670f3eac605767a1266e42a3b8860f3bb,1,0.0000000001
0x354321eaa60588c148195ae26de875b82710e2e3,1,0.0000000001
0x3547bf970c0d05b83787cf0c862f2350adfb276b,95422881,0.0095422881
0x354b123594afcfe63a06feaa882531b037af6927,90971816,0.0090971816
0x354d7976286aa99b6d98bbbc53f845725d94f7cf,95787843,0.0095787843
0x354edbc94d36a1315ad7c33e1e2e1a6f4ac9fff3,2552642953727,255.2642953727
0x3559bc9927387bdbd94e512cc71e7fcd138ba3f8,8,0.0000000008
0x355b82594362d787e7d40462f41292750de5528c,198,0.0000000198
0x355b8f6059f5414ab1f69fca34088c4adc554b7f,1298578128965,129.8578128965
0x3569b3537349c63b272322dec597e6b4471b4736,99269519,0.0099269519
0x356ae8934c4b45357af9f3d0b716f26c1968152f,69,0.0000000069
0x356b683a63c7fc4324b629dcfbcf56859549885f,3831,0.0000003831
0x35706dfbe28425dc831af3517b41b176e009cd0d,570538979,0.0570538979
0x357cc8a6b19719d797ad77c239e6a0627007a478,4381944037,0.4381944037
0x3584fb0420ea6966857fde8b85fd63ad277e148a,2751304050855,275.1304050855
0x358b72f5786ac2d3805b206c6063b90d9b4fb850,1588798,0.0001588798
0x358d0ec0ceb0699ddf10b072c9d48c64a74a87ee,195890282,0.0195890282
0x3597d5717ed738fcf5a755e104f5dc7b31e83b4f,47863189432,4.7863189432
0x359b1423cb4210a89067edd98e80da94e92b8989,9734436532,0.9734436532
0x35a4ccaf520263b5d7db90b7b4456520ae0c9293,94437141,0.0094437141
0x35aa41a273a78bf08675549db514890d83e36b81,990971816,0.0990971816
0x35abf6ebd17b34c9a0a3b335c2a35ef842bf2581,58741062837,5.8741062837
0x35b174db4f8cd36b2b5868b478d84a04f09d072c,10058156292,1.0058156292
0x35b275c4f8ac2240bf9c63dcd352ed0190b81f3a,318,0.0000000318
0x35b8eb3a382454dbba54e3198f6d447da69ee6c7,1,0.0000000001
0x35ba2e9257aab76b41dbcd1cfdd91e40c1760afd,3090971816,0.3090971816
0x35c0d5c80722d3b87a2981526e7c50567bd02c24,84990971816,8.4990971816
0x35c7a7f241d31b1786b3ad5a6128da4c22b4274e,181943632,0.0181943632
0x35ce8d0b0e681862893692e1ec985121c87dc390,2,0.0000000002
0x35d2f2ef5ae1ad23e310f192dc4d751d75167bf7,95307629,0.0095307629
0x35d31a90a6493a25634e6360bbb8210b2bbed959,5,0.0000000005
0x35d3fda6a304b72e930b536001a06044f305793f,11816,0.0000011816
0x35d9aa2629e89ae11e63be07c015fca8b4a87620,12990971816,1.2990971816
0x35e3ea0b33f893c16c9cec08724598561f406da1,95740974,0.0095740974
0x35e4769503783476f6e8ad00904a835fe82238e4,599444,0.0000599444
0x35e53e7233bc46bfe84e30f328d8dc3f33978fb1,599479,0.0000599479
0x35e6ea4c0c20d198ef2c13aac20e02ae64f087fd,77499030,0.007749903
0x35f044f2009237305908bcb368c47baaad59e594,411359958696,41.1359958696
0x35f6d14275b76d993a55a9ab1677d603d4115759,9990971816,0.9990971816
0x35fda50d142ef3737a4fe4b7b06742a681608657,79872964,0.0079872964
0x36013fa394716c6509fdb622cc997cdff3e88e84,7,0.0000000007
0x3603fd4bade973538da438a5651479875d9a7faf,85800464,0.0085800464
0x3606825d8682da55d727cb121f3048cea94b3935,5944016181,0.5944016181
0x36090cff79dd01940c710ac3bf962d9c498c664f,465045624,0.0465045624
0x360d3ffe70b932e6048a1680b75455e8b84b025d,381124629,0.0381124629
0x36101c09dd5453721e29e6295be9006bb81a1127,1000000000,0.1
0x3611a255a7ca2ef863a3e8e87e2fb3517fc5ed20,2981816,0.0002981816
0x3617b69101b45c34d315e062702228a6dd88bbc9,544974,0.0000544974
0x361da448944a0cc0bdb1c09962c32b68294fd2f8,20247866161,2.0247866161
0x3623af50d7504473bab61e8491b93437eb4e9858,6,0.0000000006
0x3628fc71df04d435e237cc8cbc3e08804730e248,85800701,0.0085800701
0x36331b9a7bc6c540280bd85579ad1e3232245408,4,0.0000000004
0x364365e44b104c4cf0cf9b91a929fff4a9742656,93534315,0.0093534315
0x3645a229368cf29f92ff8ba518d76c9bea7e75f3,1229289,0.0001229289
0x364add09a9612f99250a1eecddffd973ff5c1bd3,7295915448,0.7295915448
0x3657dcf2e264fb0c9077386e4653b97543d1b7bb,569326102,0.0569326102
0x365a35643990c94b18227a3140ef892c39cfea1e,96,0.0000000096
0x365e6194092d81a3eb94090a041be277231dac00,3,0.0000000003
0x3661f6f59b6b29f9e7b525b86aae651c21523dfc,90966875,0.0090966875
0x366349da7988e5af04291c4b4350394ae2326d96,95310496,0.0095310496
0x3668731721a97a2dbba2cd88f51c616354ba86c0,47098228,0.0047098228
0x36831e5bf80201193cd1ab754a774a040e4d5351,3,0.0000000003
0x3686d12aa0e0151c840c774201562a3d7524bafe,3,0.0000000003
0x36884ae37ef8b2030defe58e565a8b426a7e1639,94730642,0.0094730642
0x3688b585ff0592b72286ee1a761ec77ca456bfb3,27900000000,2.79
0x368ef5db1e4e24511b002ad8fbfbbb2d97586dd8,226103723,0.0226103723
0x368f6f9f1b56296bc0184c3621b9f2a08a70f311,381183288,0.0381183288
0x369f70b926bcbbc1bb67f8c13b54f25d45d1959b,1136991060,0.113699106
0x36a0e8c63e14223492ff5687b0db557427b58108,4974149,0.0004974149
0x36a360535dab64cc031c0f06190d2fdc8f104097,9711062837,0.9711062837
0x36a5639479f44f6540623046be1b8bdd04b42cc3,105674123590,10.567412359
0x36a9c05ae60cf1f734f5f260c29d57cf2ba511d7,19932423,0.0019932423
0x36aa48077e1e9186f98e62068258b00f491a229b,352554,0.0000352554
0x36b624180e8b8b10a120d9f543b134d7b312e371,90971816,0.0090971816
0x36baa569f338fc8b24acd397835912615b5e68c2,4,0.0000000004
0x36bc79c239a9fb2ce4a087c678bf9540fbf0004f,551012010,0.055101201
0x36bd3da5ecf14b381a9edd542ea930445d5f0606,3,0.0000000003
0x36bfade850320d0ca9e18031ea8d5dfe0971c12f,13657137522,1.3657137522
0x36c69b320611b07be91d154c147696b6063ae71f,12913484802,1.2913484802
0x36cb903216d3688acf84931dd6700c9bff73de65,307,0.0000000307
0x36d8b622f1eb8432ab7cedc8706eaeed7e7257a9,76615498189,7.6615498189
0x36e3dc34e47c1af05a9ffda268c6a74825f6df99,1,0.0000000001
0x36fef3d440534a988cf164aa3ec9a9469ee3572f,399977133301,39.9977133301
0x3701dcac49a95577e78294779b7523d2a113f9be,2922874601,0.2922874601
0x370890402687becd06d2bd7207e2156255938372,10971816,0.0010971816
0x3716d65d87881c9f5d5d7f824d368c15708c1e5f,1,0.0000000001
0x371df36da9e739702a5c3c060789c4000d7f8958,5,0.0000000005
0x3724ac43a00eba1d5009ae8d7ba966ca04c22983,7,0.0000000007
0x372931bfc82aaf554ac55d949affae49f1f0cac2,696052207,0.0696052207
0x3732fdb7e8360e1646d9c66312dc101aeeb9b5dd,90971816,0.0090971816
0x373e3d4722814f6b55d7f6c641083a7828dce281,4,0.0000000004
0x373fa4d35533481cb0e856aa50e69210152cb8b3,281526643961,28.1526643961
0x37431c16b36e278c0bbf8c0eadf31208b2a38430,2,0.0000000002
0x3745e863529dc7e1dec3f8e398db97312d634332,599446,0.0000599446
0x37493fbee0ce83359cf5d906bd218acdd6c5d98b,130126036053,13.0126036053
0x374aec003981539b931ab01a84b72d2ce5564673,77960968211,7.7960968211
0x3754fd5ec997c07ca528bb0bdcb0b4f5b93605df,7,0.0000000007
0x375832af86a7f7c60476dbb47ca54ea8ac913110,3,0.0000000003
0x375dbb184ac08d6520f038db826ff8e9abaec2c7,700752130,0.070075213
0x375e7bb3c062eb5564a47420aaa7c330bb0e1d6e,8,0.0000000008
0x3763b0c49cd1640aca236a14fe269a81d8051a6a,2,0.0000000002
0x3766c17aa87d6c37e572f26ec1da2b8edc6be81c,4,0.0000000004
0x3767e5aea862657d5f3d226c12906088e66f58aa,47102332,0.0047102332
0x376a05e8e6acbca0ebf65f4e32fea0c4e53e35c0,76824244,0.0076824244
0x3771d50828f2db836cf522976a089daebb0bd767,2000089948,0.2000089948
0x37726bfd8f81f8399b06a25123183ba11cdad229,599568,0.0000599568
0x37740ad216f6cc2287ee46e12d0c0aa7198a2eb5,4000000008,0.4000000008
0x3774ba6779cfe3e4fac5cb63423fe8716e900801,626251532,0.0626251532
0x3778a8b12225f3a7add6d85eaf21c01d763746a6,599479,0.0000599479
0x3778d62bf4309947f518c961377af6fef45ae48a,208932197,0.0208932197
0x377bea6e8cb4a1ed418cbcb99b5608abb9970f7c,569754202,0.0569754202
0x377e59bf88518fbbf9db7159b95928ccba60f8ff,28983663958,2.8983663958
0x377f98af5e11f6d6eec1185c3456f904a03a86e0,4602008809,0.4602008809
0x37835c7685d7047eb051aadab3d757c52f952483,14441645385,1.4441645385
0x37841033bc4373fba75419ae05d8100912812d12,9,0.0000000009
0x378f82d9d9f6794c359f292e7ede44c5d6f089bd,5,0.0000000005
0x3790a1928f1cd5f66e054327378dbec11d2a259a,544974,0.0000544974
0x37932ce5718900f5b01dfd6a38b2cb83517e0c63,2971816,0.0002971816
0x37952209d1b11980bc2972ee1cdcecbb0a8bc885,403390679790,40.339067979
0x379cd7f1745b7e0638222d459bbfa1b3f28763c9,1,0.0000000001
0x379f14db848f2a4808bc3c2490e2e85398fc7aaf,1772786541,0.1772786541
0x379f29c017ec33e145d1fe721971cc1b50a31253,30043849,0.0030043849
0x37acd74cfcb0373a878083d1cdd78a58aa82c048,1148224510,0.114822451
0x37b8e443bb4336f90bb2bae5f5ec909bcb9c8580,840505088,0.0840505088
0x37b971519f66a46f996411944ebd920b6a74ce21,15761201,0.0015761201
0x37bab93bb49e9095486399836385f7ec60cd6cf2,5000000000,0.5
0x37bc7540801cae0107a7c961c39733eaf854a6eb,5,0.0000000005
0x37c82204cd4d1f109be89c51d5bb45e4f3e440ec,191197142,0.0191197142
0x37cb28bb71d38d7f05883ba08a9d5e10a9339bee,120392841,0.0120392841
0x37d62ffffff0858da956a228917f8760e331d4d5,5,0.0000000005
0x37d8d696679e0835c841048e836e54cebf4f0b34,1459918323,0.1459918323
0x37e2a0be94963e99d8b39dacfac4203be84216f0,997984018,0.0997984018
0x37e47456ff02a8e1337fb45d980a1e18c06bb7b5,92456028,0.0092456028
0x37ea4ce549dcd54c96f67737bdb31e141845d7a1,10042371029,1.0042371029
0x37eb21bed4a2fa0fa228f3c2404726b2556c08c2,73544974,0.0073544974
0x37f5e5aabc23e9891c33bf128d6d2e0557225997,4652950,0.000465295
0x37fb8ecd80a3d554da542cacac614a13aa0d83c2,1,0.0000000001
0x37fd628307d18f13d97478add9308585b1e7ee2a,95307972,0.0095307972
0x38009c0df8355b319982bd47b1eaec3028d003cf,9110759,0.0009110759
0x3804e9d3458a667b881f93557a2e267639f28bcf,57504484413,5.7504484413
0x3807942e7e418eeadec722a29a09ec89ce073a97,84603748,0.0084603748
0x380c60484c9037da74f481ec0026ff765c89ed3f,2990971816,0.2990971816
0x380f200e11766fe86a24f4b9bd57d730813a746e,417460065,0.0417460065
0x381a466a96ac5e23362b470d3ae1e67560d4cd12,125747443,0.0125747443
0x3833b788dba90def62bf08f1579fdd141d08642a,39921868,0.0039921868
0x3835607f119fdc26bb2f0bf9d7416adbc15ef008,10000000091,1.0000000091
0x3836d118025080384ed56768db1e597737bba5df,61518897,0.0061518897
0x38386abb7620119cd992c3e4f31488d143ae7806,659536759,0.0659536759
0x38530abdc763f46c8e48ea08fa97c9ffe92a4fb5,1,0.0000000001
0x385dc4628ec3400c4f35bdc8f4fd97c8a5a19afc,12101698329,1.2101698329
0x385e7c78558a8574dbd98c838ab9c9a604f8e0e5,684702,0.0000684702
0x3861d90faa96ff261138629130c3afccbbe0718d,9990971816,0.9990971816
0x3868bdabdf3a4f149f51f761fd36da4a08fa341e,4577325436,0.4577325436
0x387607758a24f2c404e56d35044fb438635d2b22,2671,0.0000002671
0x3881c534d02c414d66d84c5e194999174a4cef2c,9,0.0000000009
0x3888d21940a224577c27a5ed0d5f0054a2dc0fde,9990971816,0.9990971816
0x388cd9826f5aac4c83fecc92f2be7a7d0471dc09,4,0.0000000004
0x3896a7847c6b00f64c9f6d4e4d44964a8501939f,5,0.0000000005
0x38a62933c01c87d152e4745cfb1aeb0a02f201e2,90971816,0.0090971816
0x38aa76f530bb557d3ff019a1749f3bd1ca6ae239,3504202570,0.350420257
0x38acb79b75064550a32811b66d670b5822793d3b,1391671165,0.1391671165
0x38c1a42ec8564eb3a62966a831a5fa45e42b5455,168507373686,16.8507373686
0x38c59d4dc13b250c0024bb9b3b4d2be471eca28b,28371004,0.0028371004
0x38d083be75b5f05b09fc4eb9b8c32c4374bd2860,28129673,0.0028129673
0x38ddbebb80363e22b4326ce075a0984d87a88db1,255,0.0000000255
0x38e3960464c85364b9d7903c92e4e4d7da1d3af8,55486102,0.0055486102
0x38e5e7d5ba801d796069dac35e3737e9b7f276e0,11816,0.0000011816
0x38e6240ee8b9ec0aa4320c839e1c6a2c1d992e6f,289990971816,28.9990971816
0x38f1d89260ee5e2d17b928569f30a9a468ef424b,13640,0.000001364
0x38fa7bf4911e3ddeeff3ee03dee81c4d91556d1e,2,0.0000000002
0x390009b6400888a869b790ba8add3e588dce992f,10781283856,1.0781283856
0x39074b2b4434bf3115890094e1360e36d42ecbbd,6743228862,0.6743228862
0x3908dc7c94b5640db2d6a4fa3f5f52e5662e5c93,2977133301,0.2977133301
0x39107bea3c8bc0742ffc2dc2d7829a0c2300af88,49915994840,4.991599484
0x391130a8c4dc4888546f86caefdace85033fbe42,699236,0.0000699236
0x39174d8d2d828ff9c73020cdca50dce277ba3084,15501843938,1.5501843938
0x39181d980fcf41a494e21f770391b8a47085f549,17866045,0.0017866045
0x391985fdf0f28de092027d52763621221684cadf,47704423639,4.7704423639
0x391c2734ae9e340b6958e723b0e252d3caf6663b,9973544974,0.9973544974
0x39204292b57c2d229e24a8369f8ebf141135c989,504161417,0.0504161417
0x3921c7119740505102d1492266c689715f198b78,1399971816,0.1399971816
0x39250cc8db18e00a46900c6a78929cc8cca4e0aa,177084111,0.0177084111
0x3926e73e7b1eb130ec2dd33e39e3ec2af1d6ae2b,124992142,0.0124992142
0x3929f7d213d3f4f19c4c80d97c2068de90c19498,92356966,0.0092356966
0x39318e6c88499be0d7623afb3c8d38a561792acf,977445201,0.0977445201
0x3934a6bd0a124d14e02e7e4b7806d6f141969b00,95012543,0.0095012543
0x393a8d5f49d3c1848e78954038a208a298069093,363045034,0.0363045034
0x394bbb5f3020bab3f786c51821508f683a20f72a,713964147,0.0713964147
0x394f8706e701c783b51cd931c8a4c5d33b02aa80,95740860,0.009574086
0x39569ac24a238fbfb52d9d873b30e86d15443ecb,1800000000,0.18
0x395b51e6dd8f795c47d3e14efa83c50988e084c3,83990971816,8.3990971816
0x395fbf8d53d44fb9e61684a72757ab5cfc8d83d7,6,0.0000000006
0x3961b9be6f0de4de813b5f795168639774e3cae1,544974,0.0000544974
0x39625194031ecb8dbc2cc244325eb14ff744b9ac,1094923369,0.1094923369
0x3962fa0005dfe310057fa2a40d8605b09b64d7c0,2971816,0.0002971816
0x39643bb792b57e116b424f619671ccb7c028405e,448376684,0.0448376684
0x3964f458e86e260b6886331b7df58f964911b5b0,8,0.0000000008
0x396d0b1f18425dd8b68dead6b1ce9b80931bc3dd,61163283568,6.1163283568
0x3970a05a325d688afcdbc44a7a11bf3242e05535,27874867375,2.7874867375
0x3977b214694b3dcfedceeefac77d05b68b0aab9c,5336726863752,533.6726863752
0x397eb57696b2ee00b667d9acdac8b7e85c568533,44811062837,4.4811062837
0x398566d769f262002cd0fd3c448cd2f4305b73da,838842,0.0000838842
0x39857bc901d069160be285d76360d50c31e095a8,198726867,0.0198726867
0x3987cac1a7f2d98c24327e6cc641515054a90eea,85804172,0.0085804172
0x398ba418845f3772e44603718187d503cc49fa95,599518,0.0000599518
0x39914135f5f2e2143d026b84e11f8e4d35d2cbb2,242918314427,24.2918314427
0x3995d3c263ffa6bd20d5dd831de3083ab53200e8,300000000,0.03
0x3997ae523636445b39006b9fad0dfba03384063b,95308032,0.0095308032
0x399de67ec344c5a8cad7cc877edaa9198f78d88a,2730555,0.0002730555
0x39a68dcc146ec1ceaff939166a083d82bd102aac,11915089948,1.1915089948
0x39a6afc920eab4722cf217ba84644ebd6adecf15,3517834,0.0003517834
0x39afe018659289637250079432fefd9f0c72a86b,8,0.0000000008
0x39b72dca64dcdd9ea2bb1e4000279320c2d9839b,70387449309,7.0387449309
0x39ba1aa0abb9797fd5959c4c0cc18bff3590144d,588501222647,58.8501222647
0x39bbe14f5fbb3276d06760c95a071ebab6529192,7777447115,0.7777447115
0x39c31a899662da8bba43862c82c8ba531dc61390,914402698,0.0914402698
0x39c751917f18a963a5d614919e4bddcbee4b2b9e,54993562773,5.4993562773
0x39caaa97cdad9b74b912cc600c078c3c929f79c8,98121563351,9.8121563351
0x39cc668f08dc76828099ff878caeb0a6cfc8a342,473544974,0.0473544974
0x39d31fe0df15c48b0614643a2d41693840aa2b2e,6977133301,0.6977133301
0x39d81332d02c6fe64f09319164b384abc149b14b,1576580,0.000157658
0x39deb56ade0f73dc0823e11152b75c7515f32704,92826024,0.0092826024
0x39f5347095bc222d9fbc5cd3ec1dfebfdf1f6bb3,5533,0.0000005533
0x39fd6a9b3dea937793e7c248954887c1a6d0f1f3,10971816,0.0010971816
0x39fde4eae066d4ee0589c52978f417bbb23be2f1,3,0.0000000003
0x39fe5ae199e02aa640e906fb470cc45e5bf8eb10,72508332833,7.2508332833
0x39feb45747b6d5dd4d6434603293b23a198fa56c,61153963,0.0061153963
0x3a0046ff33b9d4a13ea4a1011f7a9bf0d0ae31ca,166745555,0.0166745555
0x3a00b237cc24c0b4835228b06f40128a87003d7c,9990971816,0.9990971816
0x3a072857a42787420934f983bcedc6dcc40cd8c6,30000000,0.003
0x3a0fefda308782d87479634080b42a9be8339ef8,10947089948,1.0947089948
0x3a1a1e687234ec9f74be10d7ba73ba068684fe27,5,0.0000000005
0x3a1dfeefe5e22a7f8154f8dbbe3f1dc51887282c,37103,0.0000037103
0x3a24cb6c1df7e4d020fc8b58352b16d682a10369,504,0.0000000504
0x3a2665c8fa35e6983457e0e68268e5c41d393873,90971816,0.0090971816
0x3a2c16bddc7c06c5aae64ddf14bf82ca327905fa,5,0.0000000005
0x3a2db3b6087a228764a9d2f9f575db1028a8157e,8818236959,0.8818236959
0x3a2df4732030b0a3cb0258264f030e1a9839cedc,50000000,0.005
0x3a3229e0c86bc97c613cdceb7847c19b131b9eb3,15358132961,1.5358132961
0x3a3a44fb4126740d4be5c975934b0217c0ae9282,9,0.0000000009
0x3a4338052ee7270e97db339fc284a6227042d2ac,11190556815,1.1190556815
0x3a4a07187629791f3de76f69a294593c2ccfe3d6,16952162,0.0016952162
0x3a5389a0d5a5bfc25350e5c55cad3b544ac8afd7,1189947653,0.1189947653
0x3a53c4d69942be0d49e871e515c602bcf98b3aa1,60990971816,6.0990971816
0x3a62a4980b952c92f4d4243c4a009336ee0a26eb,7500000000,0.75
0x3a72bf1523a9e2b6cd6fe71d621ef62a44c42a99,1004735634,0.1004735634
0x3a7ec056179573632689dee4c2355df0c0a44e50,1001,0.0000001001
0x3a7f7c851efada621ccee358a2e9f45cfdb705e7,325733064665,32.5733064665
0x3a82be6f05eb63a2c2fdcb94372f726cf95a43ab,281661457,0.0281661457
0x3a88b3f4495cb7d4e3b87bfa6cdc8dfb2103a173,102878101464,10.2878101464
0x3a90117fbadfc94a65fdbb45493c51aaf4cdea27,5,0.0000000005
0x3a931d5cf0d99a8fea48e82169c376996a21c600,3956976796,0.3956976796
0x3a9f18ef7092838326f4ea5bbe88c911c90b4a46,82548,0.0000082548
0x3aad5841e407b1fae79ff78b6240f1e5fade160e,1160732005,0.1160732005
0x3aaf1ebc864d6426221c3ed79c70f84c23d557fd,533060,0.000053306
0x3ab3b759c5fd97c99e567576725c44dfa7e8ba17,10000000000,1
0x3abcac0bde20446c1006d0b5a3bf5d942b7855f8,352510,0.000035251
0x3abd0aa0bacc2eeb7bf00ddaf02205637b862804,89977133301,8.9977133301
0x3abe1cce4868bb8f6a58621c7d8592523f60f03c,4974,0.0000004974
0x3ac829951da605c8c47e6e88f8bebb46cda0e4d6,135143541329,13.5143541329
0x3accd6b184dc293a9201811e7afd4964f61f1d2e,876162019,0.0876162019
0x3ad3f5986477c085889bf55b70e1d8537aefc262,94709507,0.0094709507
0x3ad7efef28e7013fa38dc2eb873d2e8eb10cb99a,990971816,0.0990971816
0x3adb136fa25bb866ba28812ff1538802a9607c5e,1011524753,0.1011524753
0x3add47160fe72acff0de1f3f2d055813ea44624b,97500718,0.0097500718
0x3addee3bf86bfcc177a5426ff9d15ee1d47b254d,599114,0.0000599114
0x3ae5c32d56e6a98e6159e161991674ef3847dcb2,9,0.0000000009
0x3ae72987bb4846e094cd53ee416d6e05ce9052e7,96281091,0.0096281091
0x3ae7783b7fa466e2c9197e60c05c84d6683cbc53,17800958048,1.7800958048
0x3aeb5ca952a798d01eb70ce63e2fb78d8646eb1e,1650971816,0.1650971816
0x3aedc8b90b96e4287eccb6e0f5639eacdada19c9,550296911,0.0550296911
0x3aeedcd329e91e352d6c3d42c2b90d4e33a9e7d5,19990971816,1.9990971816
0x3af210eec25e95f470fda218c9df9291adb7dcfd,14168745745,1.4168745745
0x3afacf15398051ee34ce9e4fb1acf01a7761cafb,537512565671,53.7512565671
0x3afe6c53cb4d331cc51f4a6bc40b096a85be5ec7,10370346618,1.0370346618
0x3b039a85af2f03caa4e938a8136243c53458bd4d,100971816,0.0100971816
0x3b07c8c157b6f1dc619c4c45b9680172faa52415,3165127724,0.3165127724
0x3b0ae2345e04e2ee33e17bb2323085e4cdbbfb25,544974,0.0000544974
0x3b0f8ad719b35f55211968648f4008bd0cc5c6c3,94682244,0.0094682244
0x3b11267dfc4b9ebe8427e8f557056b4b6ce98112,151224095758,15.1224095758
0x3b11f16a9e61289b62c7405ec27ab8791c05166f,9179518074,0.9179518074
0x3b128cf15efc224724122356ea6ab2a6152218f3,34800259082,3.4800259082
0x3b1f25396c7c105821f1179bcc97dba3835c4168,98578092,0.0098578092
0x3b27cd2431fea92a0a9945fd72a24309004cecd7,1,0.0000000001
0x3b2c6fecc937a42b6efcf58624a8499d2bf19d52,48040088,0.0048040088
0x3b3511dfa9e1919696cc40d2266b3ed429ab7ace,3958344039,0.3958344039
0x3b3a3c04911f12cc8cc5e56ee8636c177e8650ed,2134,0.0000002134
0x3b3fb274cd4400a083b8f2b2a610c03f7e901a55,1,0.0000000001
0x3b417f4c17987ff38db1f56c77491af7b2883fba,4,0.0000000004
0x3b41dd56178b663b4038d568bdec9d7cb2960baf,93768989,0.0093768989
0x3b4389a4dfff715faa74d6ebcd0bc13f1b13a46b,7312151236,0.7312151236
0x3b4b1f2f265bb6a81b808b020727ca853ca64b76,95740857,0.0095740857
0x3b4c6ccf83d1a9d9279bffc2a41963d21bfa6721,93378247,0.0093378247
0x3b5167c22870ec9f654139e85cf3c66d6400af66,92317816,0.0092317816
0x3b5362ceb3c417148bbec31c7927c65ff7987326,31990971816,3.1990971816
0x3b574035d3c7e4f886f6f52b28cc3d71ba64e688,13942000000,1.3942
0x3b57ae55677b2cc2e69ba2deb6d24f7728284e8d,72021262,0.0072021262
0x3b60fdca9cbf997100f4d7c69733301cddb04f78,1,0.0000000001
0x3b64a889f1f85ff7a1eb77adce2a00441a3295a9,12649033510,1.264903351
0x3b65d80febf94dac6944288c3a336eed836a31c7,4973303062,0.4973303062
0x3b6a66017b75f04e55c73664dd6a9cf2c8027e0e,15184789585,1.5184789585
0x3b79bb1cce0695342c3105bd07657db7259355ed,94965520,0.009496552
0x3b7b6a3c0b9f386d55ab2f8c96742f915638450f,11062837,0.0011062837
0x3b7edff4b40741970b7490eec3fefa213a996a2f,6,0.0000000006
0x3b8e502c1cf7027560f318fd21066d3ca49f52f5,6,0.0000000006
0x3b9cfa4ac808e9399b687f2ae03e2268e3ce6a12,990971816,0.0990971816
0x3bb6f1f44865fb110f57c543fbcf259a5d4f2277,386206818,0.0386206818
0x3bbc9637cf326fde5b7c34d9a5067125dfeaccca,90971816,0.0090971816
0x3bbf48f043f397ec53d6a82e81825f2b242dff4a,610642639337,61.0642639337
0x3bd44f413adc28123871eb5b360443f2c0a695ed,977133301,0.0977133301
0x3bd879e1d10fa191f99e715bc651b37640dade1a,90971816,0.0090971816
0x3bdd8b380baaa1eedbfd1ec0cb540fb2e1ea40f8,12973544974,1.2973544974
0x3bdeeca854363f1edba6ee93f509ddf78c39d032,254813626,0.0254813626
0x3beb5e96c21fee32c43bed747dc1fc4e57c5594e,5,0.0000000005
0x3bec928cce3f397a0fcfcba8ad3bfdc8cbe0544a,69019613911,6.9019613911
0x3bef62d10bc93fd038d98c0457f186e6b0041be0,74081943632,7.4081943632
0x3bf0959295c6fb0d7108197007c418c8c97f1d37,170342376409,17.0342376409
0x3bf3966d739ebb2ffce0f9f6175c96eabb41566f,8,0.0000000008
0x3bf9a7c28ededc15bfe0ce9aff22c9bbd842a15d,1261214800,0.12612148
0x3bffb0f1e06d6a02df4824723aa68204043c61b9,37637436,0.0037637436
0x3c02c04379c4bded09d563a49ae3d8998d417e84,57899552,0.0057899552
0x3c0c1c51752c25221b01836321a6f7e3d4edc9b6,71489743,0.0071489743
0x3c0df815f5f8b7eea22ff813c87115e0724ee42f,66706,0.0000066706
0x3c243bccbc8a786966db82f3b2ef4a11935dec92,42307956546,4.2307956546
0x3c2c7f518d8eb51d938e287b3eb2580447dbe4a1,1187215994840,118.721599484
0x3c370a647f0a8f72b034817ee629864b5692a310,3,0.0000000003
0x3c3ffe5a2e32a575f1d9cf83b8b8727a607489d2,2749915994840,274.991599484
0x3c406309e4e1d5952bd7417380b9d4ee2d88d04b,5976849673,0.5976849673
0x3c4389568dcfbccdbc95f2fee860b8c7bf0d4974,98027915898,9.8027915898
0x3c47a2046180d26b09f5ec84657edd47a6e49cfb,1670330815,0.1670330815
0x3c53b36258bd68c1a87c5dd981c2675451a07bc2,9700910,0.000970091
0x3c595bf2268e5de5f9872bca7f1e40a57e9fe750,300535576,0.0300535576
0x3c5a9c10c05611afb8093dbc789ef210d96f646c,9701416,0.0009701416
0x3c5d1bf092c3c0d1fa282ef5c80f3ae4d9e76e94,51269552,0.0051269552
0x3c5e6ff7639c3d325fc58deab36b2454776912b6,1,0.0000000001
0x3c5ed2b91c4ac689de474968d4468f1851942f17,510718,0.0000510718
0x3c607f9cf85394244efa73afad93a40fcb6e49e7,98902780,0.009890278
0x3c6ccab556f752cb7fa6f34e230db6d4a3cca6d5,196555423845,19.6555423845
0x3c6e78a279ca78088a939d80968feffcd517190a,969971816,0.0969971816
0x3c7be5118d886cc8492ff2ef7e14c3bc00a13f5b,150977133301,15.0977133301
0x3c7e870ce51a3429a3d2dfc4454282a8676f2029,7345,0.0000007345
0x3c85828022aadb9f2f04788550f8130cc5241398,2,0.0000000002
0x3c8d607bb5b029aa09f2bc5a5c72a7ac5d1a0fa1,46849896331,4.6849896331
0x3c9c4246600b1a91f8cd0acb459b8f97388c2e1b,24113859,0.0024113859
0x3c9e8ad89f22030e3c99dd9bf42c8331e17ff888,94707604,0.0094707604
0x3ca9491aa9960e3ced50245f0ffa6adce6488730,91971816,0.0091971816
0x3ca979d9d9a0a6df45f68ae631d5362acb4366c7,9486591810,0.948659181
0x3cad6c09df1eed4122240d07ac02fa9c9415b1cc,1,0.0000000001
0x3cb0110e2f9b8ff41b07bb036102475858d3a66c,18883121,0.0018883121
0x3cb76a40111e1b585188757f7273bda0112b0f3e,150111371,0.0150111371
0x3cd14de83af80f7870a1da56221e5a7ac76fe5f9,4348455301,0.4348455301
0x3cd1d37cfba76d48173c6598de1313ea2ac10929,4,0.0000000004
0x3cd2135563265a29fb9c2025fd00528496e349e7,94709500,0.00947095
0x3ce321a520c8cae46798ba8f0af29d9294efd251,99315472,0.0099315472
0x3ce91d16ea4e7b387918ef3401ae7abf5342686d,4977133301,0.4977133301
0x3ce938b94fd250b071c6c0e4ba448c6140dddc57,990971817,0.0990971817
0x3ceb7d674236adbfe9fa1ada6c48e4a92e6441b4,68,0.0000000068
0x3ced11c610556e5292fbc2e75d68c3899098c14c,1,0.0000000001
0x3cf0314860edb8119a352d9ca6c2d8135e21f32a,396965,0.0000396965
0x3cf0965f7bf9ab95b88207c0ca1cc206311258ae,40888913,0.0040888913
0x3cf3b243d325476f786085edd046dc149f9249dd,697391794,0.0697391794
0x3cf8024df5cd15ef3bcd3b738f3de6cf1bc07553,4,0.0000000004
0x3cfa3aef92889e0c0b8db1814e01dd3d974100b6,92637387,0.0092637387
0x3d018787b0f61a497d7327c7fe6830cd45a9231b,1059,0.0000001059
0x3d027332872e80eaa82d4961de76e7b4f514b918,4987281776,0.4987281776
0x3d11c747e0f16f173078247543b4e0aebbbd5327,100971816,0.0100971816
0x3d21beabfff63aaef19b65fd0e4790b5ecc495bd,6,0.0000000006
0x3d23da90993e60b56906a7da047bb9378a26c6cd,977305754,0.0977305754
0x3d247eaeb731fb3446f629d91fb1b4666c50b235,520,0.000000052
0x3d31b6eccd7a3109e8a497c4273b5d71f121dad4,71019125469,7.1019125469
0x3d356f89c2e1fbe4216ee30219ea991b4c1d2ed3,599444,0.0000599444
0x3d39126edd9c35ec50e700dfc008d0b51c59155f,73547,0.0000073547
0x3d461593ba03241a4fcb94820b83c6aa303cec19,1724878976,0.1724878976
0x3d463e1a2533a8cd24682c8070da980c6c09f4e1,990971816,0.0990971816
0x3d4ae2461a32140e45416ae2c689c4012de91f77,6,0.0000000006
0x3d4df376ff69d118eaf10a3292ce46c3bf51a21a,599517,0.0000599517
0x3d54194ccd5f0f59fe5ee470fe63b524daefbb9c,189800815520,18.980081552
0x3d5518059927325d3cfd214a35fdeb72ca6f8d2f,1,0.0000000001
0x3d5ddd457bfb35fb2d653f42cd2004d5c9d42ee3,2971816,0.0002971816
0x3d66505cc390878cd6cab296a176d8bdf9a73507,96100650,0.009610065
0x3d6d656c1bf92f7028ce4c352563e1c363c58ed5,778742104,0.0778742104
0x3d6f2d301b5656f7290944d83b5a7444238df547,95053128,0.0095053128
0x3d713b8ff997e9f181aa0fef01f1d4e482484272,599518,0.0000599518
0x3d7140370aa9aa142a922bf1f308565c7cabe603,5556209773,0.5556209773
0x3d776f94e0037476c67a82feb69612e66bc8416d,98569818,0.0098569818
0x3d7d08b6497c012d4b092b2d39d94d4aca547154,59881,0.0000059881
0x3d84f6972ab863656a948fec3fe794262b711329,5480,0.000000548
0x3d89d4ce389f6a3868e642318a4affd5704ba699,4,0.0000000004
0x3d91e4c7ef10cba2a143d6b6e9e87357b79ed99b,381183113,0.0381183113
0x3d948749f5d9966830dc20e71a1fc3af19e7b8c3,90971816,0.0090971816
0x3d95d4656a468eedec0b3d7cd41a0e78b4b3cc68,60,0.000000006
0x3d98154b845444dd58bf986a111d440f8f81cbce,5936771,0.0005936771
0x3da110c7866d193723a91f8c0a4873580e7f2d1d,4,0.0000000004
0x3da568e0376dd183b1376b8b10a0a8dcc315a318,943632,0.0000943632
0x3da844783f2f062fc8c3b7afb4d781d8d652833e,65712954,0.0065712954
0x3db14d57cb438d9ffd2aa2583ad7ba9b490006ad,93108446,0.0093108446
0x3db5019bd9db5f936cb5327517eb702c1165d9eb,286529651,0.0286529651
0x3dbb7d60e38cb785cfa382de483bf1ae3a7338ae,4997559,0.0004997559
0x3dc2fadb8c9e68e4b662945cf18e71941a705f84,2,0.0000000002
0x3dca991a6e817d3c5246e8ae75b9351b9c5e724e,11210240409,1.1210240409
0x3dcf140ba86310e5f5a96c511ea97d1e217e049d,2568579065,0.2568579065
0x3dd5c14603cff1643a6ac62ae7ad34d9787c3e12,90971816,0.0090971816
0x3de7c6cb390d4d2d4b1bf94e4fe8e2fd5f969c52,11000000000,1.1
0x3df6837d297688c07575f9c0949b8a76c8c8f671,12408430738,1.2408430738
0x3df6b78e2df13679b2983b3a73abcc0bdd592ffe,1759212639,0.1759212639
0x3df8361d8fbc6b77eb4cc67e331c01ca57dd8838,3,0.0000000003
0x3df883542ca0037346acff9417ff6a7d68204096,546,0.0000000546
0x3dfbd32d067341938557be49b1b0ce2b2a93b17c,93377708,0.0093377708
0x3dfbe4ad945a874f40c1fbe3a8cda1f8d3f40105,599115,0.0000599115
0x3e16dc688a7a258770e4fd722e73cecd54ce1f3d,9000000000,0.9
0x3e2285b0ed4eb6aa3a319b93af61a0ab054a6781,95328028,0.0095328028
0x3e26b808a9686b7a70d83b289221f7c96afc0f86,599444,0.0000599444
0x3e2801933d58d912f5d08d26f5cf3af974b6c709,301621980408,30.1621980408
0x3e2fbb4eb8f39c84cf1829ffa0355ecf984d2bd7,1,0.0000000001
0x3e2febc852610cec144b82d91914cb2de4840a1a,10210142416,1.0210142416
0x3e320de39978f8c471e2ec08b591ebcc5ddef7ee,1089389017,0.1089389017
0x3e361d0b9dc56265cee6aaab0f15335a9061dfbe,1009429984,0.1009429984
0x3e3966fe03d9d36a955ca677cd727aea0c343e99,8,0.0000000008
0x3e3e7159540cf9c48ff6ff77d3add6552ef54a18,81943632,0.0081943632
0x3e42219e6fcecfc9b5723bf0f507f9d19f07c359,3885709790,0.388570979
0x3e466e825d7987e52521d4c0559bf336c776527d,523525419,0.0523525419
0x3e46c23f0e7b657259b933b71dfaa66d818bf12d,298254,0.0000298254
0x3e480341b5248988689a017dc12ed79a370f6e1a,599485,0.0000599485
0x3e486ec07a997d51c78d74c76d6f4b74ec1c2018,870130672,0.0870130672
0x3e4c39228bfcbfb98edbc1905a6c7716cd5303f2,977305754,0.0977305754
0x3e4cea957335526c19725ec3d007dd47e7de13bb,506347978,0.0506347978
0x3e55f059eee76727fcbe8f8c0abc8a1489ce5062,9,0.0000000009
0x3e5808f11ca08b3ea92b456da5b9efc0614114e1,599516,0.0000599516
0x3e58c9d4f3ade589a287e334ac22586ed882ea25,291,0.0000000291
0x3e5af33474332c859e76782fb25ec760abc0f451,85061693499,8.5061693499
0x3e645aa8c02ca868d60d279125db61fd1e2dc80b,14947089948,1.4947089948
0x3e6b1564b0c53eeddb62ab482ddebe978c80a2b4,93530052,0.0093530052
0x3e707f0915adf4dc320f38426370b9efad93b8c0,2791892,0.0002791892
0x3e838035717b6cdd3fc160140620d6e93ea5ba28,13242058854,1.3242058854
0x3e8b585d95f5a01bc57ad45f4f1c20d73e7f3c66,97486888,0.0097486888
0x3e8dbed1dbb21ab3f537ea30e57dcbd4729a1289,2934266602,0.2934266602
0x3e921d634607c80035ec015f1f5203e9ce1cfc86,958,0.0000000958
0x3e95eb3b23ac7e15cbfa15a34d03148944a2dd43,69745917654,6.9745917654
0x3e9ffe868ec7283af960fda5f0cf352352f38460,986114679,0.0986114679
0x3ea8147dabfe6818b0f8c1f8d756f4ad20321a65,6,0.0000000006
0x3eb1bcf3636485c7812a6224801a74b8ff752387,90945537,0.0090945537
0x3eb72a65f9322d3f30167cff9fc9fcbb23d61cfd,8,0.0000000008
0x3eb7c408e61d7db46a31f1f942c2fa89d26e086d,2,0.0000000002
0x3eb7d3b5e2a990e2e388727c0027ac60d4d18248,67765392721,6.7765392721
0x3eb8b2f4584c642a43ed5cad2f83182de41b5de2,1,0.0000000001
0x3ebf053ed8da31c0f12af92a32c53e4e3cd3f0b4,861102154,0.0861102154
0x3ec3705d230cfc1f71e63ec8a97156971c5842eb,5,0.0000000005
0x3ecb97dae88c33717ce92596a593b41556a2ebc0,280022175070,28.002217507
0x3ed93a71b6483565e211c54f1c250a0e063134c5,2971816,0.0002971816
0x3ee1a224f34c962dc70c4a5544b96a7e0f26c2a4,6,0.0000000006
0x3ee80360b8809f562a7a67de222d6f3485a5183b,2971816,0.0002971816
0x3eeba6be9a3334828783a159b3ee458d387e8241,90971816,0.0090971816
0x3ef54039a9858274844e56ee93add3034d0415bd,3271816,0.0003271816
0x3efe8bbef9cb8c5cb6c9623b885639111a9a6681,7,0.0000000007
0x3f01c663294a52845c5b83498f96b2e39eb66a00,13132943068,1.3132943068
0x3f050cff4f1c04789bc39c20f8d0708fe416abfa,152405195,0.0152405195
0x3f0afa82ac2b01d4279b10f4a3524a97e25aaf65,2451,0.0000002451
0x3f17b55bd83dd23cf5b1d61e5e3ce16bd494222b,381283650,0.038128365
0x3f1e2f5de1d796f2d05b8f33a98c4185314bf9da,547481179,0.0547481179
0x3f1f8e23d6f544775ac5fa6855e30d147e20a22e,94708033,0.0094708033
0x3f22091c4c99be07df5d7a466cecfc02ccd92d5e,1826529448,0.1826529448
0x3f2987251f77b2c643300247211bac000dae0fbe,70136315,0.0070136315
0x3f3ea894d28162566749cfa4d37ddba3ed1ea422,17670951640,1.767095164
0x3f5097e166ea18c4f78a4228b55093e9048e0304,9,0.0000000009
0x3f52e49d981a5b0be545ee6bdaa8650dc1f76532,3,0.0000000003
0x3f5a0207d9f42e2f20cda7e9fb52e46727f6b206,13688689,0.0013688689
0x3f6051e1626ed9fd4b026fea6a2b84cd8c98a36d,4616952504,0.4616952504
0x3f65f5e444bf66ff4eed895a0ae77dce9cae985b,8,0.0000000008
0x3f669de4dff6ed94bccd88fb8f7edeeb2b0af32a,9302224468,0.9302224468
0x3f70d3d8103e546b1bd8ae8ce9d9fd4a0accae85,599517,0.0000599517
0x3f71ad5ea7d8107ed595d6cee1dc548d3c8c2fd4,556834,0.0000556834
0x3f769c3666342f642b0fb3de045ea57b2709cc6b,31742710964,3.1742710964
0x3f8282131d819d74b6dcb94e67903298b2e7c7e7,262579231,0.0262579231
0x3f877655d079523fdb14f41665727ef928b2b857,7,0.0000000007
0x3f8d1f4f2191717ac68c864127f22db2393ad2d7,3,0.0000000003
0x3f9730c75bf55d822442fb5b71aa643dbe9ba2de,10971816,0.0010971816
0x3f9e4ada8649d1e9bab4024b6e0dce2b8e5180c8,95310914,0.0095310914
0x3fa9a79396a1cf62cb121a49399b3fdfad4bb7a0,2,0.0000000002
0x3fae7e385ac5f9ef903152a96f16a7c5a582a5e4,233340860169,23.3340860169
0x3faec76484ff39fdb6871af6f356134f8c8c83e3,8,0.0000000008
0x3fb7ea3d1118a9ebd993675abcd4b43dd55aa683,11816,0.0000011816
0x3fbb0a6ee39b1b6d293b2b1d0dfcea2334033ba6,7,0.0000000007
0x3fbefe843f6bd38d4f07fddf5be053014cb3d120,1834738914,0.1834738914
0x3fc09d343f1fdb6471900fc7a2884e82f31acda6,27323879355,2.7323879355
0x3fc2931c043fff8b3f98d6be36af0b3a09762aa8,599445,0.0000599445
0x3fcab19ef7298f903a7b7c959ea73a30a4ce165c,34049925,0.0034049925
0x3fcc363f64571ef8902494d0c5720ecd9dca575a,38067328,0.0038067328
0x3fd0a2fcfc1274678f0fc46ad0483a5171358daf,7,0.0000000007
0x3fd3beb3a94caa2e898ef9d948ef68f97b911eb0,1,0.0000000001
0x3fd3f1ce7c4c052ab5ffb08150a819fae55837e8,1675094156,0.1675094156
0x3fd74b11c0cb3ba28dc3203811378c6d84dcf4fb,71339270,0.007133927
0x3fd82768e7a4e6a9a482863b194375920669fc55,100971816,0.0100971816
0x3fdc80fe401b85d201d3ea7f9069d9328593369f,276947039,0.0276947039
0x3fffff6e6b09952696a1fc5fc67e4833941082da,690205874,0.0690205874
0x4002e13859bb0f5f13814b8cbd8251b154935742,2,0.0000000002
0x40053553bca57ef44f0242ae98ba0e47db078bb3,4293635995,0.4293635995
0x4005fd68411277d59d0968fd312e3f6bc983524b,95307113,0.0095307113
0x40082e6f1c15d2b27b3de80cb7ad04e9ed121900,85796690,0.008579669
0x400a021043071a24c97a2e0d1353365d5c1b403e,79,0.0000000079
0x400f000f91b0f599f099e1d50402c42f9a026b30,93381167,0.0093381167
0x400feaa2119f40c540920451b3992027df0b7e29,9,0.0000000009
0x401cb4cdd0efedf8a7634226ca0057acbe82cf0f,8,0.0000000008
0x4023ef3aaa0669faaf3a712626f4d8ccc3eaf2e5,5852585,0.0005852585
0x40325d6186d1dcc2ba1c7ae0de8cb55fb2a8945f,3455,0.0000003455
0x403676b2d6cb4ee4ccaa984b61d9e1757a524343,94477864,0.0094477864
0x404ae1c8dbd624eaf633d02061371b64b7a20426,5502586650,0.550258665
0x40547006c05d526ef29117538c57b63bc8e905f4,90971816,0.0090971816
0x405512912c51c81cc663921a5733e6d19d0e5cc5,53135323,0.0053135323
0x4058150727fa9e08ce8eb14f069237eea1e659c6,3585610867,0.3585610867
0x405d23ccfc1182a105b0bfb0efaffe450b59bcba,96100621,0.0096100621
0x4065bd81d40bbfd316af64d1655ef6f5d15ad032,9,0.0000000009
0x406845fd573abf62f578eacefb0787f31a8a90ed,8344444149,0.8344444149
0x406f65c14760f2ca9699ed4cd97a475bc7524d94,10351841266,1.0351841266
0x40772b4b247d62b1fc3fe00a6e7e0741d36ca632,1,0.0000000001
0x40789cc3de6383252a151edef5c5ff609cfd4d40,95740436,0.0095740436
0x407f9321b07b424193023177ac76eee1d9556d54,192359,0.0000192359
0x407fd03181e9af3607a3e2d1db528e30f4f52e53,20,0.000000002
0x40898c6b50d8340a2ad9a9bb00c9346702855ffb,1999508123058,199.9508123058
0x4089918ac4951d9b2eaa4975aa2a6585411772cc,6973544974,0.6973544974
0x408c2e87873e60b4c22bc51262fa116ebc4200e1,93278320,0.009327832
0x409013faa477e7d6afb3a17673c8dd6b89c515ef,1590971816,0.1590971816
0x409d88c18e11e25b43e8c9f5db80b5112b57df40,3678382727,0.3678382727
0x409e2ee32b71894a70125f087c88c5e1aaf19015,37435,0.0000037435
0x409eca80491d18504cd81bc01bc87243c82dce4a,186000324135,18.6000324135
0x40af91ac11bac6e267f6c8c8e11bd5d47066abb7,5815320571,0.5815320571
0x40b2de9d83eb776d414950a4bdee6a9dd981444c,11898823370,1.189882337
0x40bc680b605c6a9824860abb101e482a8131e108,31686770,0.003168677
0x40c5a6ebc353c7680d473c2bdbeff2b7bf0ec0b7,93768499,0.0093768499
0x40ce85b8986158ac086c88395735ab5da90c29f1,1,0.0000000001
0x40d9c59982ee67e692be731a8b96f8445f37c8bd,94713292,0.0094713292
0x40db0ca61d1653c665da0c5bcab0c880510fa625,197346595,0.0197346595
0x40e867affddcd50db5dbee374d8be5c7d6ea3381,100000000,0.01
0x40ea7bf3eb9ab02c5d9f1bcdac2408c7d6341912,599517,0.0000599517
0x40efeb425672547d5f3e4bfaf6362fdef888390d,1146314470,0.114631447
0x40f2333d20b4ea29477f2ea47d2c18d3cb94f489,9896080000,0.989608
0x41030b161ead5c233eaf86ad22c1a9286e6827c8,239444935451,23.9444935451
0x41032fa0b252d48bd5737f9ce006ba03b82ff911,7111695630,0.711169563
0x41036f96e166d860def334476a45e905cf4059ab,599444,0.0000599444
0x41118f37512bff69c3cf8faff45bc6ca73df0e6a,2477482,0.0002477482
0x4113c0d54ecc6d925ff53251420a4b991d6bea89,3770971816,0.3770971816
0x41165d99b4555a5cd4ae58898692bc80e59d5c64,29973544974,2.9973544974
0x411a2146a153c734632db89f3bec003acea4bb80,599445,0.0000599445
0x411c8a95ed76ba3df9e0cec1066f04922add4847,98654734,0.0098654734
0x41206f8efb51e5039e5b46e04e7866a4849f72d2,1973544974,0.1973544974
0x412489b1876e710e616c4300a78897408abcbbfc,105393271221,10.5393271221
0x412829f08f85ab709903a277421f19d2b3e1c17a,381205717,0.0381205717
0x412a66bdaede5aa901fb125db45c53956a3d835f,1,0.0000000001
0x412a95d5fda7924293ab7b4b231d7ec4d6ec618d,9990384847,0.9990384847
0x4130d9c537bb5a6eb47e2f23fbc78f307cab95e1,548277166,0.0548277166
0x413184ff60aaf0fd65dd599d253bf75d29c94432,9,0.0000000009
0x4138574878c133d3a12009d6f54b8f26de700834,321044616,0.0321044616
0x4139373a06ba862438120478e3dad6284ce739c8,99628,0.0000099628
0x414d25901e714e4966d72aa571c26ee0704ba25d,3999999999997,399.9999999997
0x414dbb32c996f432da0322c9c9feb4e925632c81,5,0.0000000005
0x414faf87d646b545fcaa1fa9e66e9e2296eba849,3,0.0000000003
0x41501185c3a4e79a33bc48aff202b86f5ac35034,3,0.0000000003
0x4152f8d36ed7ce780df9874d2d9ed4a535edf625,599557,0.0000599557
0x41540215f535593a7e99a2e4e5c61db27a7a42e8,23553246,0.0023553246
0x415fc02ac3cb6300c97732fcc22ffd8060f4a0f2,1,0.0000000001
0x416025d5836014a52840ba0551231e6fb7d6af8e,95787871,0.0095787871
0x416b0c54d1654d11f1efe4450b7cfd3aa4307202,183983415,0.0183983415
0x416d80ff5fd7964b0d7a1b5fe8253280adaa623e,1417903328,0.1417903328
0x4176f0eb480616205af47445837451ca7e05323b,4968662771,0.4968662771
0x417d073679a722988ad636e816f37a982ad4bdd7,100971816,0.0100971816
0x418135c75858b38bc131ac7317ab818d5f53b623,977305754,0.0977305754
0x41855ebb7e53f9c4de96f2f49b0f3e77e1700d3b,2,0.0000000002
0x4187eac60bc4ea8c457b30504fb5eae0bda20936,89948,0.0000089948
0x41b01697c60ffef6932e7baa70a415b146417d8c,147425338,0.0147425338
0x41b1dc95c2687cd3f20f025c12a6af68489a3bf2,547370800,0.05473708
0x41bca16805aefb81801974c93a2cd9d6bbbdc30e,94818646994,9.4818646994
0x41c004049fbf65eccef0b4aab9a89fa79b5db518,154781885578,15.4781885578
0x41c39b1936152b424c18b9d8148358526fd98f30,5,0.0000000005
0x41c760dd933bc8aa2873aba213de8efcec7f9f4d,95787589,0.0095787589
0x41c8e5f2bf31a1c48fb3ae13fb982450a831c589,2,0.0000000002
0x41d26abcdca9089a709cabd0e7706bc866ba52d0,1,0.0000000001
0x41d8acd9d8c971455115ddce0331e6c4b24b054d,85804021,0.0085804021
0x41e7151e851e4fd4de532fbade630abcef8b69d4,10000000000,1
0x41ee7f2359542a8914b3b413c36c864a24a8276a,33201,0.0000033201
0x41f2436109e94b3362e6f6344816e32017b3acfd,238010803,0.0238010803
0x41f8e3ba433cbe955ad07397167f164aae2db00d,990971816,0.0990971816
0x41fc8dec3b4c3bcef44eeb1e2bf1ecb04eb22b3f,3,0.0000000003
0x4202fc35a4152b689b08ed1e96fca205881ab12b,42013470794,4.2013470794
0x421baa8ca5a7e3bb4fb1963bdfdd8cd3f6fdcb69,20908379057,2.0908379057
0x421cc7b6224accb6c12280e3b697c65d9d60ad70,10481943632,1.0481943632
0x4225213d8b34b3ee7acf09d7d47ed7f509037950,61054057,0.0061054057
0x4225aebd576d289ba5e1db4ae6b16f7266af9d2d,95307666,0.0095307666
0x4226360764ea063e6126afb8200dfa84fe66f91f,89705213,0.0089705213
0x422671e8d1d53edbaab6e213f050fca36d742ba2,16859704,0.0016859704
0x4226dbc32be92925b6c0432d5ff6a60f7f8e5b09,950839189757,95.0839189757
0x422875df5170a421897e6af87d77fc1a78ba2d1c,8,0.0000000008
0x422a926dc671899ea9d439df84a77c43b18b614c,65366,0.0000065366
0x422d605f40521414aeaa24baa8c8a5feee997c8f,2146450,0.000214645
0x42331eaae0a5a8d7af33067be584006ced836ea9,164090593,0.0164090593
0x423415325f2d938f81debc63298946cc5fc163fd,94965499,0.0094965499
0x4235b2adbeb35c1e9e748775d3f38e860118dc4c,9990971816,0.9990971816
0x42363fb6bbb9bf360a481ea389df211c3fb7e63a,556093,0.0000556093
0x424aeb1de2bba08d8cd13446f561d266958397f7,5684666216,0.5684666216
0x424b26a5a77cf0eeb19e778a7987cd13809c9b82,24705054,0.0024705054
0x424c6d5ded1dbf135cb9d150b6a68a9b2821615b,1014784564,0.1014784564
0x4254c53fc3b3b38df025ea30bcae410e11bb95b6,1794022447,0.1794022447
0x425b9612ca99ef93035aa4984d22a56bb02d4426,599478,0.0000599478
0x425c5b09a73e2aeebcabb93bd9007bd9dc1936a0,1058755578,0.1058755578
0x42657c74d0fc99baf2b313cfa245a1c8e4ce1afb,8,0.0000000008
0x427a0644838cdaf949f57d2994060e4bf860a76f,5,0.0000000005
0x427ba75ad72f87064151155df42aeb00e66c85cc,488971816,0.0488971816
0x4280be61195d260896f6d3a3a298ff38416fb90e,85803965,0.0085803965
0x4284a0e68681052013abeddad6ade212a1b839bd,2,0.0000000002
0x4289290eca67e84f0b02c8ed7db58cd6d8f30126,96100636,0.0096100636
0x428e78ef0d5c5c4fa0294deee6b09e2175ac6bfa,94604151,0.0094604151
0x42973b3ede7d77b0bd501c0d53c3a1b55daa6363,43842,0.0000043842
0x429797776999e11f63c649fb31fc89afb41521c4,3350284468,0.3350284468
0x42a4df861c9a2d9bd9ba45a657cf900a2e53f051,599517,0.0000599517
0x42a6f476ed98a1787863e8aeb40870e154b6bd49,8300000000,0.83
0x42a796602bfdb7816aecbb455f86cecaa5e8c5d7,93534198,0.0093534198
0x42af7e7d1c428f545e470dc7a630f2044bb6515c,193142629,0.0193142629
0x42b11c8d14e1283015dbdd7f4bdf3a81aaaace0d,96236215,0.0096236215
0x42bbdf9895fe2029fff648395c7d1444dd88fe3d,10971816,0.0010971816
0x42bbf5f71c234284265d61bc77f564209b1140db,8,0.0000000008
0x42c35844af48d3028a6c3e1fa3f1cd6c5d55c858,73544974,0.0073544974
0x42c5870733092db77458cb9285538c5e5f96bdd3,22602912767,2.2602912767
0x42ce90886f3fa65b066a876699df25ac6d182912,328890,0.000032889
0x42d0b72e9b96fefb1ad45e42ba704a900c6d496b,20265455536,2.0265455536
0x42d298d54472e3ba2394e78bf0e4abe739ea518e,98898542,0.0098898542
0x42d8828d0c2d18f23cd3ef47a463d0a195c50d10,97354544,0.0097354544
0x42e0f21e008733f9e15ad1d5db7e8303cff8d570,798210,0.000079821
0x42f540a0b29976f4163cf95bae4453824cf082f8,92709916,0.0092709916
0x42f580651b2952936b4c9839bb662035480e175f,2015523943734,201.5523943734
0x42f5988b9e14a48208c7899ae979d89ae6bb45bf,94965506,0.0094965506
0x42f809f7545ec6fcfe32f9e92ff7d67c8df086fe,8,0.0000000008
0x42fa6ca0539c62ba4d6cadcf0eb9054f77588ed9,4,0.0000000004
0x42faf852801868580737f3c594aba65fa9973b95,97321603,0.0097321603
0x430158964175f3edd23da049f2a47e89f65c4b14,11208088409,1.1208088409
0x4312bc99f8cc4b73475a686e40ed8ef9d114e338,4480983665,0.4480983665
0x43173cf70fd668b59f83bf2cbcf7f5adaf660c25,3068847,0.0003068847
0x4319e7238c8049b85488e47c47d6f553c2f37aaa,5754,0.0000005754
0x4321897e821b012e9cd5aefba28bba0b9364df65,895465000,0.0895465
0x432c7faebf7573fefc50c1eedc46723c31d2154a,1168708994750,116.870899475
0x433120a9c679173c6d6525b7c90e3e43f94515cb,9986114686,0.9986114686
0x43441fc7b12bdef70dbb55b8537e4118148bf167,9927370121,0.9927370121
0x4354360477e5e8a1d6f4ff9cc272f78aa779ac35,9752351200,0.97523512
0x43748da96eab61ccf623bf7087ef02e70478211e,6,0.0000000006
0x4374f318ea2f8cc50ee177e3c6344c102fedbd9f,73544974,0.0073544974
0x43752e98a548d06db23fed6e8300ea19237f8289,1,0.0000000001
0x437957c7ccf28b4f38d32d01b8560d3b635d9271,95741274,0.0095741274
0x437f40efdddfd6c63c90504d3df97f9c8326d25a,978180301,0.0978180301
0x4382e9fee6222922541661fbc54bc4a670e64cbc,2,0.0000000002
0x438db8118515ce27eff236354a5252db227b0323,454266602,0.0454266602
0x4390ef1c661240414b669c1f9005652096b8ee35,10967351396,1.0967351396
0x4395e3a47c231dc2937e3788363dee83fac23779,2,0.0000000002
0x439bc139f51c0867cf1f15d92ef910119db41e6e,767360854538,76.7360854538
0x439fc79e2e62c338706b719e65a805425777b228,8,0.0000000008
0x43a24382ff51e203e9b81e4fcebbf5b7e5a780d8,4182,0.0000004182
0x43a9e5e4e1cd534fb7f4b6fd43bbdd3192200a87,98571285,0.0098571285
0x43ab8128ed061996cd3ed816aae284607d22e684,786168342,0.0786168342
0x43b2be32f1c36d75b6d55ffee22ceffbeb068c69,11406548,0.0011406548
0x43b45e6022b75c08d43c28f87ecbaa897a0477a5,3,0.0000000003
0x43bf838d799ce44a51c57d258375bef886e995cd,6,0.0000000006
0x43c9b24e401ac7c6dec82018ed96851dd2d4e1e3,3,0.0000000003
0x43ca3c533971924621956cc0ba0a5ff201ac5d1b,4991242990,0.499124299
0x43caf5bf8bba1461b1782b6180b2b1c3d2afc85a,29880162,0.0029880162
0x43d477ff6fb81f908525ac4b7f7eb8c529ed7682,9,0.0000000009
0x43f09bcff3b8add07b4355352763483952f3bb2f,8,0.0000000008
0x43fa26c444767ea3b82ad2f998bc995305823a32,3,0.0000000003
0x43faef03642507f3e9f86a4f68734360a8fe97cb,34869277,0.0034869277
0x44034e2261ede365b20eb18b109ca3698c19ddc9,8,0.0000000008
0x4408e04e4d8aeb7edbc0bc0ae66028762fdf29e5,4825656081,0.4825656081
0x440fac0b95b15b04093d4448c38a58956765d6ac,4959321240,0.495932124
0x4419e34b4db299fe41d98ecdfa955f3135b48e75,7743203617,0.7743203617
0x441bee9e3475fbf92d35fd35f7b74fafb9271b21,5,0.0000000005
0x441fcdf7af62827639fa811f248dbb6d16a7683c,65069883741,6.5069883741
0x442421a3ec7b2196c91d2797234c4ef047bd67fe,509582,0.0000509582
0x443009092f95f171144a0d43b8cd8f596c1a3247,1087570237,0.1087570237
0x44377fbfa9b86dced164feed8382fbc0d6c40003,316667754,0.0316667754
0x443a2f7390125c73cd2f4e6e18d27dc593d367f5,119804,0.0000119804
0x443b9955b10949067f2abcf25a31eea1089ac7ff,7301008,0.0007301008
0x4441194a4bcec9fedbada9dc6b91e1662686902d,599446,0.0000599446
0x4443c7f610d43d422e50d9c3bdf734b6c60e54df,116122,0.0000116122
0x4445cc6aab4a89878d8fba7a07ba9c4252b5731c,95310937,0.0095310937
0x446087a1439a10889ebc124abd2e2761370bc848,300981943632,30.0981943632
0x446de31ba31f3fce6d6c3970238a10d02bbf6cf2,28292783929,2.8292783929
0x4471812401edf0e2d2066958eacbdb210348de76,9,0.0000000009
0x4475e2a824a1e38d17a5dce389b9ab5df3de186f,990971816,0.0990971816
0x4478bc28cbed7e9cb5dd32a7eaa94c48c46a6e6d,599517,0.0000599517
0x447932504b6a031366472bb9a3acedd9c292b43c,9973544974,0.9973544974
0x4482c0dcf9e2a518b1d1be8fc305a4f124a3e0de,9,0.0000000009
0x4488359cba3cedaad0ffffd9eaf9871b3df2848a,50000000,0.005
0x448da6c799cd1920974b835ebacd63e49dbac96f,11884002929,1.1884002929
0x448dfc2b0faad1898354360e8d94295e32eb108b,2986114679,0.2986114679
0x448ea7d777a9b4b6f61665892156648dab1d6c6a,9999827547,0.9999827547
0x44955720cedf74334410cf33a37e952082eaa9ce,50637649,0.0050637649
0x4498479f160a8ef5898f57aba79a8401541e2271,12211809,0.0012211809
0x449be21c0659c31a258529fad8d92d0bdb336d6b,8,0.0000000008
0x449e41d4c08c6da0f749441d0958bea329a5206d,303094755220,30.309475522
0x44a20516a266384047e78e92a85245d19729e96d,93768968,0.0093768968
0x44a2cc4983dbd862dac2edd926256339113d67c5,95787835,0.0095787835
0x44ab4136584197d941ae11c991f5a3fa7e4af4b0,85799242,0.0085799242
0x44b34eaeb2323190c66e55bcdb4e4161d13efdde,1256558573,0.1256558573
0x44b68fe9fa31108d745792a0bf4997a58bcf5292,1000000000,0.1
0x44bde33b6343e73bb179a58dec4022c9d7cc412a,5,0.0000000005
0x44c08d8468fd752e19c3ed38d232fa2ff13cd9f7,5,0.0000000005
0x44d2913213a76e42c756c1d1184724d8f6ba4751,96059,0.0000096059
0x44e88af9ccecc4de798737cc70ee011f6c38d00e,7618957469,0.7618957469
0x44edf29fe1040cd82a7779a11a73bda28afa5e2a,2425841610,0.242584161
0x44fb3f95118bf09ba74e31dc8a125f2934c7b934,7,0.0000000007
0x44ff5c2b020a1316c7964d1484c27ebab066743c,977374826,0.0977374826
0x4501d112cf07ab31c1ca96a24b91171a2f8cdf78,9,0.0000000009
0x450382f546cd15ad64304b70e5fc475fac207432,17650467,0.0017650467
0x450b0b5efa2f05e79f607941a248c9b7616a26ec,599518,0.0000599518
0x450ddd3132386dfd4d529b3df6518bdd5c5a8ac2,3262433283,0.3262433283
0x4513f23cadee7ebea168e9ac0c4fd95e528c1e8c,1712886384009,171.2886384009
0x451e59ba70e620cc7c1afeac6a987a02cff18c88,7,0.0000000007
0x4523801ba4608916f975a5226860be8d411ffc9e,149431961421,14.9431961421
0x45286f71c73130d5408d44dafaf84ff6ed4c3cd9,73544974,0.0073544974
0x452ed59dcdfb2d2575a9a309d9d70b15d2db5790,32958885524,3.2958885524
0x453018bf73a0e65d71f0580ee5ca0f6c75f3a9b8,73434684,0.0073434684
0x45310729b6e712c23e937d50592b800ceb7c163c,2551772168,0.2551772168
0x453262c8349451af5402a5033cf58506713aaca1,7,0.0000000007
0x45373b54bdce8d330da270a272aba3b7bf7cb521,4,0.0000000004
0x45431f9d8fc8f6ce1280919d93ecdd2627608452,264495990114,26.4495990114
0x4546904927dfb32084a12e022553d67cdf83cc80,1,0.0000000001
0x454b1d1454573d2393f040d7a3f1197578e627ce,988129717730,98.812971773
0x454bb7bf22caa273c9cd9d52cf388ee7174aa53c,4,0.0000000004
0x454d798368da8e3408ae1a0133d0c881d7a33fa0,952863176,0.0952863176
0x455cf4c4a533ca7c460245884d60e46c0f67c553,1,0.0000000001
0x4560643b6cf2f30696bc0cb5f976cea4134b0e5d,930944775,0.0930944775
0x456166aa032f9099bdf6ee619849d0b7c0e701d9,52102723,0.0052102723
0x4567db9df99da840b16cf4ce23d97e11346eaa4a,2008981378,0.2008981378
0x456a4f00eb500cac0de964fbd5786fd97b64bf47,95740494,0.0095740494
0x457e6d250be35219729c2e2b8d88fd0801921576,12994296,0.0012994296
0x45807be936515a7ea966597585e318e67f0bf149,5,0.0000000005
0x4589b6afe31e87bf83c38994cdae2543f1f360a3,1767971816,0.1767971816
0x458dc67310206d98d9021c2efb357f926ae6e62b,19144712,0.0019144712
0x45947e587e3ee11759d508d87c330e2024b3e1f2,381181297,0.0381181297
0x4596aa4a67aaf832a45dfc02552eb3d81f5b3310,89858087,0.0089858087
0x4597c97a43dfbb4a398e2b16aa9ce61f90d801dd,34223883957,3.4223883957
0x45a3b65caf5d688f46f0774edfb747d18ba8e4ba,3,0.0000000003
0x45b95085af46f8c8e024ce80fb90d52cc9f14678,4931399903,0.4931399903
0x45bb1b43d178628a436d447e08e3cc044c737534,348,0.0000000348
0x45bcfa68cca6fa26b25fe8a5766fae021ae8dfe1,8925275,0.0008925275
0x45bd0680bdfd180341a6de806aa4637f9afbfc39,2986903348889,298.6903348889
0x45c890c060f8ea07bcdcda20a437bceead17d8c9,181943632,0.0181943632
0x45cab89856efb6d2440227f15c8db28cd96ae01f,597258882,0.0597258882
0x45d5b2f858e069b8084dc59bc43385c8560c2607,1,0.0000000001
0x45d64b861cdae4587cdf18a873577267ff4dd4e2,17347116126,1.7347116126
0x45db1f4fef36a65bbbc16fae7c9dfcaeb734177c,10000000,0.001
0x45ddf217e45b6098c7f82e0de475ac4c737a20d8,10980410717,1.0980410717
0x45e5de4d371943b7e12ada0c76c19f5c1b6a0b67,1548270971,0.1548270971
0x45e6bd31fa88de85275d168a2083eeb2a9f036a8,920971816,0.0920971816
0x45ef59f795b621c7e5eb1fd9a8c4b3871f04726e,23036693,0.0023036693
0x45f49af8c63d3a475684b6e6d77d40c348d7b149,94965524,0.0094965524
0x45f80bdb62141bc9156fd88bc148026a8884281c,1387051908,0.1387051908
0x45f9a6697d5f20c85e98e9a03400794c379973f3,59873445057,5.9873445057
0x45fbaf7de8f1d5b82189ba13ad47d103672c524d,6957496034290,695.749603429
0x460145d20d34679006962c14b4a057286c9c6aba,15332971816,1.5332971816
0x4602a6da0504936b0b1d141563681cb1ec71bb23,9246898312,0.9246898312
0x4602ced3e0562aa521dd4576a2a59b72d0640144,327340,0.000032734
0x460893acbcea3b23fd0cfa8346e49630ca8e7d01,12195601747,1.2195601747
0x460c80c7519e94a8de6f63140d14e1cc7b18d879,26351703,0.0026351703
0x460ec9c86bd717a769a4727f1591a8648deb32ea,101953463,0.0101953463
0x4620d29f1dbe89df20f987341542301ec2de6a9d,110000000,0.011
0x4622695c1f986b454b25dbc18c9e75f19ecc8399,9977133301,0.9977133301
0x46246d5d6505866d93cdd85a3c69b92f3c536c8d,3,0.0000000003
0x4624d4ded1e8089be5db22e5c7bc07a59c7af85b,965082095,0.0965082095
0x462b62bdd94f6d7a4db53ed89c0d5cb4b8790236,4,0.0000000004
0x462d35a476d96348c9e30b186c0a903168275f07,7,0.0000000007
0x462e5da42df4dbca0fea5944bb5d0a6bd7c274e0,197732,0.0000197732
0x462ecfc9d3247947b073d77982c33f30d7b9c168,100971816,0.0100971816
0x4630b94acc840ad4e6aaca9d55b2e1bb53d92852,9,0.0000000009
0x463175798f332eda029e1af64b466aefb94d1aa2,990971816,0.0990971816
0x46360ba07527712b1dfc0c5394b6eb3517c02bfa,49977133301,4.9977133301
0x463af3092d5e7a3150a69d3c80bce6428c384d4e,2708971562,0.2708971562
0x463be08bbbd715fdda8ed84051723e447093bae9,37330355324,3.7330355324
0x463e3466f6c332959969a99811a7a95d080fe0b2,14977305754,1.4977305754
0x464578c63982bb20c36c86af8874e7fa0db75222,50191298,0.0050191298
0x464fc339add314932920d3e060745bd7ea3e92ad,343066550,0.034306655
0x465542304edf457642ffcbe548f5357087454122,7597934,0.0007597934
0x465696f3bf3e6b926c810454a274eaaaae3b3082,4905637988,0.4905637988
0x466034337e2c68145b7e9c044b38ecfd7ecc6d16,599444,0.0000599444
0x4673c0f9321c00edd092917764bc040fc16b9528,10971816,0.0010971816
0x467423b3cac212f6d3ce62c93133c225bd4990fa,10959008472,1.0959008472
0x4676f1b0e703b0c8f98257a12d9bdee9be504bc5,3,0.0000000003
0x46770d6213782f6b0e87a405c966148ad37cbbb4,396476,0.0000396476
0x467eed6ba29a58c860446388e10f55d54c31f15f,1788131106633,178.8131106633
0x467f3c612e47a4e8b053f1ed673cd3952bab3881,1,0.0000000001
0x4681bc32bfc691631f77f2807d293afce8f3303a,9973544974,0.9973544974
0x4682f0ccc7bd7cd668bc319fce8497a6b35277e3,55550096,0.0055550096
0x468eef12352f8f8e09ceea1c2afe9b40c29c65b3,492244722,0.0492244722
0x468fd68b81475ac46d00f491bfa52ef8aaa17e97,127850570,0.012785057
0x46953b25c5f7306dd751745fa6604c0f8cb116d1,245751280,0.024575128
0x469a06dd3c7839dc0a64ad3a08c8bf33037579ae,11986114679,1.1986114679
0x469ecf1ab68b9ffc7168a2b8006081d90c9ae5bd,2171967072,0.2171967072
0x469f9e3333698a2c616342ef591f61ba3254a1e7,6,0.0000000006
0x46b02584aed6a7b72a9a559da10d12ee00282d17,3629172,0.0003629172
0x46b4f433bdaa02a86bd43d65ede854c023a70d52,5,0.0000000005
0x46b816695a4c471c2def63fd33dea79cb81b5bb1,13137752298,1.3137752298
0x46c04ce00d37b229085fef3b8795de107cf56d1f,8,0.0000000008
0x46ca77b15fd23aaf84be951acb682729e579cfb3,10991062837,1.0991062837
0x46d1ead59140ebb4c47db74d65497a5b63473d1a,20503251,0.0020503251
0x46d439245956b2f2d8c0f53dec50d7abbe94f36b,10000000000,1
0x46ddec05e55550bc83cb5032b278106cd3b2104e,9,0.0000000009
0x46e3420d02d628d3781fa16149e741bcb97da055,12789777,0.0012789777
0x46eaef45fd4ad73c62cfe998285151dcca7e2507,4,0.0000000004
0x46efb07b664f2ab78a0b1e56504c8a517910e640,7,0.0000000007
0x4700d9f1e57038f59c0f2bb0fa142babe8168e10,1282059801,0.1282059801
0x4700e2d9ecb523a67f52b4663f922c0da117816e,6145024379,0.6145024379
0x4713bfdabe1fbb7cb74a40489d6c0ed5f9bd8634,92042524,0.0092042524
0x4719d2ace237e6a82af09516903b4f3900526766,91674880828,9.1674880828
0x4723915d724c9603cf5bf3651c77cfb545354b77,24881951493,2.4881951493
0x472b7a2ca3b7fe915344fb97e4cc1fd5be51cd7f,9977133301,0.9977133301
0x472c312cd944ba01ee7b49e7dd847f47fb7bba87,6,0.0000000006
0x473738d7ac40c0a87c2ee5015b5d3a414a36f3d5,1962533,0.0001962533
0x47397abb31292b54deaa04efec41f911bb05a9a0,26796527478,2.6796527478
0x473eb593a8d509bcc56d92f1f849fea59bfc418d,19990971816,1.9990971816
0x474969f10ceadfea1eb4260e6bf1e7a680ddf29d,11816,0.0000011816
0x474cb758220a9d8f980af7f75fb74af519eedea9,533034064202,53.3034064202
0x474dd6a4f6a8e80aaf461178483b341e49c34603,6305543273,0.6305543273
0x474eac4a4d7932bd62abe165abd7d2b9f2e2f88d,7000971816,0.7000971816
0x474f5e6716658554003ab54b97bba005622293c6,9990971816,0.9990971816
0x4759911804a25b1ab570baa33587dcdb3206ef88,14805141,0.0014805141
0x475a4d7432e4080c448cf63d688bd08857919bc1,4,0.0000000004
0x475abc90c3cab0d1e0be8411e5df5ab5cef76017,6433188511,0.6433188511
0x4769672762a85e2dc2168897886eb2399d7d3af4,15523446,0.0015523446
0x476ebfef031b1363b47e01691a456c057acc6d55,4,0.0000000004
0x476ff1e3fd36e53c2de348032553592cb80f81ed,3982653315,0.3982653315
0x4770130ff410e46ec2ff99f9cafe348a90b05129,10000000000,1
0x477877e38fd8a27181e494a06efc71eaae6fe1f7,15967244,0.0015967244
0x47855fd4fe9ab78701554a17ba8aee342f18d3c9,94435109,0.0094435109
0x4791911fec9726785e3012e7018f6de17d7ee927,3118151638,0.3118151638
0x4794fcaa15052dde1f886247fc151bbe8b0d4c8c,73544974,0.0073544974
0x479600fa97d5849c3f1b25684fa43de389c19c7c,65579,0.0000065579
0x479bd9401c366dda54e5304a50972e12cb7fa8e0,100971816,0.0100971816
0x47a77640df48b16d8b3606e7dae06c58f6387e1e,130954,0.0000130954
0x47ab669f451a48b2e925d9e1842967d238c8a193,3753149787506,375.3149787506
0x47b6cba2ca9e97060558236b6dd6394b32759f75,3,0.0000000003
0x47bff18e462912ab61a465b2bc229e3857491aa6,578428878,0.0578428878
0x47c131bbc4479528833b873e6ad030e8a7eea351,98920208,0.0098920208
0x47c152a5a60c6cac213d7b6ccf8784032b110a2a,1605415,0.0001605415
0x47c47c6c0294f984782b0a2caa21975e7e646e9f,12787195,0.0012787195
0x47c5dcfd55b83fbd0a39ac62db9558624723d29f,6602,0.0000006602
0x47caffc20042c5db781c69926f556ee3ad830074,9,0.0000000009
0x47cf772c8214111d5f6490a3fc509c20950ebc4c,698750429,0.0698750429
0x47d541b49d893fc5ee92cfd16785554fa3cb43ee,47501,0.0000047501
0x47d794e5f534f8442030f4f4c7513c9ce144b4ae,5,0.0000000005
0x47da0e2cd1888df33a14854e16f4feb3f2774a96,136597449296,13.6597449296
0x47db8d3a529a794ab22a514c6dc342a02e3c111b,1576028689,0.1576028689
0x47fd09d54d3913bbd0c793f5b9bbb0751ed921a1,1490971816,0.1490971816
0x480257da4a288df9f917cdcfbf8bbfd9857b9cf0,6870,0.000000687
0x48048b6abcaa82adaa4ebcee038d23674df23aea,29520052107,2.9520052107
0x4816ec8d8b8b1ce86359efcb820af0a84001072a,44524670476,4.4524670476
0x482372aa1e0ffb002c30a9ce6524517dd1e4e8ca,49977133301,4.9977133301
0x48269d4b02070d2ec55597d587b2ab2c71bf2f23,990971816,0.0990971816
0x4846002d1803b522f211c57553e1bd69fa6b31cd,990971816,0.0990971816
0x485066854513639fa50a6bafb90782bdfd2ff5e9,14816,0.0000014816
0x48512cdcca22169798e0e0e2f2dcca7250f83bbf,53324483411,5.3324483411
0x48535861c6c3086d3e837613b7ac8da5a07aefa9,882862385,0.0882862385
0x485c4f3728895a12faec127be31d865d33e1446b,34662063842,3.4662063842
0x485ff4a8dfd33d03c8284b618e5d1d85f55c63c6,5276877504524,527.6877504524
0x4867dca57c00641332cdb96a4746b3eb29360618,7,0.0000000007
0x486a8e8df483fdf5ee4966adf4d8fae35f638357,2796797,0.0002796797
0x486c80cf9c4920ee72a9f29c3e3e11ddf5473092,1976772013,0.1976772013
0x486d54b89aee4ae9c5201f5747e2d051935d1a23,19970896028,1.9970896028
0x48701021adde42d066d400028d4df4c19eda4116,96099480,0.009609948
0x4874ec8a86ea20b120164fc046701534c1589745,64247,0.0000064247
0x4879032313fa7648bf821f9880ba2c645d0f356b,1484019467,0.1484019467
0x487d25b040648a7b85bf866f8879971507f06a20,9,0.0000000009
0x487dc70ea9adb4a2d8fa288a72aa141e32854f68,10971816,0.0010971816
0x4881ab7baa955c6244e3540b1d989801621fecec,381169895,0.0381169895
0x4882c2d0c5066658c127aa4ea719b1baca75bafe,2,0.0000000002
0x48830162a7b541fa49048b522c858aa7eccf26d2,9990971816,0.9990971816
0x488b215f8af0cbe70845e7944201e7ecb1860ab6,92456034,0.0092456034
0x488dc7f7064a9ebb9df1de923da729464a18f416,990971816,0.0990971816
0x489226a9a4ba401c269d031089a1501f3f577156,96298995,0.0096298995
0x489973fa22d5c6d12b5f0e3c08c6fca387d3461d,33287350012,3.3287350012
0x48a270dbd810f5bbb07b5324089f7a12ab556db9,17370163847,1.7370163847
0x48ba415ef4e39f3c9df2782a02ff7fc0bff306e5,78726886,0.0078726886
0x48c7e0db3dad3fe4eb0513b86fe5c38ebb4e0f91,9,0.0000000009
0x48c87d50334c21cc005dcab2de538de7b555a18a,58528035660,5.852803566
0x48c96f8ed81c12bd78848f49dd8fafa3b3c68976,100971816,0.0100971816
0x48d5899e9598bc3a57032230a6a46aea270858a3,1,0.0000000001
0x48dc5c6a2d6ebf0b86cf431b6a4e83739136960e,1,0.0000000001
0x48e3462161c6be42a4a9b434680dd136ad64344b,28180776151,2.8180776151
0x48f34bc0aa610b1b62e2d4862ef8def9aa1bb13f,41847172627,4.1847172627
0x48f87b5c88bf9ce441bc51e99cd8240a4ba50879,2325905754965,232.5905754965
0x48f97a2a59be302881c5cfe0337399232cdf5b0e,94710422,0.0094710422
0x48fe40c6382e0b28acbdd849a33d5dec1083c78a,5000000000,0.5
0x48fe791df7f9afc1ca56063440f020dd943f2772,15127513589,1.5127513589
0x48ff0a2ee5c3477026693db3f57a0b79538454c7,57741062837,5.7741062837
0x49019418708f671babc8ab55e800b4a911f17e34,2,0.0000000002
0x490629c650a95bab2c7c5a5319d4bccea4459856,95740558,0.0095740558
0x4906e2fd0ac34eb28f99aa3d8dc21f194db7c12c,1294215,0.0001294215
0x490cc247443621e285073ab2badbb8d5dd24d612,7,0.0000000007
0x490d14cd90b921f603f6487986fec6000a2767a3,2,0.0000000002
0x49100879465487be9528017a0dcbf4a9c9a0c32f,7937159197241,793.7159197241
0x4913339e315192d7a8de5cb3f6c8f607bbdd2bee,636007,0.0000636007
0x491598388b228fe77bd69f4896fe6549ccb909f5,801694825,0.0801694825
0x49167164e228f11d37d7c67b25f4c36c4886a938,1,0.0000000001
0x4917b4dc5d350290396f47e48179355d9ece7fb3,8146223879,0.8146223879
0x491bd53399ca5318cda3be4cec6506a924dc4f8b,3,0.0000000003
0x49252e68dbd7e1bac155a0ce246d82ce1bad8505,23200272719,2.3200272719
0x492e0044d513562a1eed5cee897ad642ec09bc65,188871397,0.0188871397
0x493b90553584636293dc110644883e43413f0deb,115685439250,11.568543925
0x4941e3456495e0b000dfb3723270b8539bf40ca6,237192487,0.0237192487
0x494e772d5a0ecb044852d37533dde0596b30974f,99358865,0.0099358865
0x4953506e0e38b68994bcbedc7b30f0d7dbfe7621,381274239,0.0381274239
0x4953852712693c887e6c1dcb9370db10d8c2a2fa,93534202,0.0093534202
0x495562ec7af1a6d68b32bc49aef1a54710e7f6f1,95787846,0.0095787846
0x495b06e81c8c0741018996d40cafc59fbabce273,5,0.0000000005
0x495f5b6b0a670bd9c33d450df5913e954a45f653,1895306,0.0001895306
0x49632112fa18e079017022d12b0d227700f2c74e,11062837,0.0011062837
0x497c36d937d719b707f30df81f7d9f2f11cd5d49,68824840677,6.8824840677
0x497e1f957bc54124f7b7d5f4b4edaf763e1c7600,10008981378,1.0008981378
0x49838aa6c98260aa1738fbef639f9793333a5b60,1243837855,0.1243837855
0x4983cd9485d32fb6c76d843be8c3add351b438eb,6,0.0000000006
0x498682f7ff033edc3cc84dfda331ad649d9b1721,11816,0.0000011816
0x498bbf3974ca51ad6cf0105ad8aeb03dcdd5edc0,32577468792,3.2577468792
0x498cd5bc7e58d9d44cfb238bbdcdd9716942c9db,29999943408,2.9999943408
0x498fb77e1c0cc4da86f6f381c3fbe4985f03b3a3,52673062993,5.2673062993
0x4996b7347310a1bc2d1de5468db211510dccf0f6,4,0.0000000004
0x499df8624c2a8996c3726b87eb531fe964e73a92,4612884974,0.4612884974
0x49a47e026816e68207a7d5385e9f6e03235af8d5,318272746,0.0318272746
0x49a545e6ddf6fdac01f1ae60d8476a7928850ce2,90971816,0.0090971816
0x49a7de07d0051961abf7e3d30aabcc4d42716586,1082998882,0.1082998882
0x49b4ed009d0c7827d49ad535f85ca6ca35eded3e,9915994840,0.991599484
0x49bb21634629470b87aa6d4a2d9da7085ffe801b,7,0.0000000007
0x49bb40e9b1255083737124baf31d1670976839d8,85634677,0.0085634677
0x49be1edeaff7e647d59b32ba5313c3209afee1e8,50774400,0.00507744
0x49becb9152f17471860307f47d4fe299b925f86b,381298923,0.0381298923
0x49c4fad8e51f9f1aecf53b8a7fe6f509be518e62,267493564,0.0267493564
0x49cd117cd84a2d7c9a27cbe4c54f8725ac6d3371,55029237,0.0055029237
0x49e2a70d202bc22c6e573fd172b3b44242e293e1,44990397884,4.4990397884
0x49e576913608c2edecde3ea790b97f92d8f9a4c5,867906,0.0000867906
0x49e85648494fe05ff50b696a291cec9fd05401c1,60210414,0.0060210414
0x49f671259626ca4608002e86ae9de9ade4fe13fe,3,0.0000000003
0x49f6fa870f4e9b2ab698288b70b5225fff8b5f28,730587307,0.0730587307
0x49f8940d9773725a4f3e8678de320ebcd1c8cf73,10971816,0.0010971816
0x49fbde1c7aac3272ca94e0c59acc1ccddf53a27a,5,0.0000000005
0x49fc368aedac4a87791c38939270ce92282c80cc,9977133301,0.9977133301
0x49fcdc4f8b7967cae6c7dbd7322c8c50230b2cf1,990971816,0.0990971816
0x4a18aad62372ce935ded015fca9f708966e2c22a,1373,0.0000001373
0x4a1bd269fd25abac2d8a1bc4cb8f955f3fdcdd82,7,0.0000000007
0x4a1fc803ce305351af3b439b807e2fb9811e8520,2288,0.0000002288
0x4a1fd354008ca275414fa18de3a8f4641e7e4c9d,389773323,0.0389773323
0x4a24c0ff0273ca6addde73b2b27a6236a71f35b0,100000000,0.01
0x4a2c61c9502ffc47ef989d235e24d0378384f692,225178593721,22.5178593721
0x4a32e373fa51e0ecc638bb9b91251e1477adb06b,98394525,0.0098394525
0x4a35c31eae28cfb6d886c12d49d88d7d3d4d69eb,334682455,0.0334682455
0x4a37642eb2d7eb5d3e52bddf67c5d38a15ae3f7d,18386264,0.0018386264
0x4a37a51cd833f8e93fc635fc1eddaebf76bf8852,3,0.0000000003
0x4a3ce11c0406560856ab55c53c72d0c972d718e6,85799256,0.0085799256
0x4a3ee15b6d085faec851071559aafb2dd849e2aa,6,0.0000000006
0x4a4037e53306f284cf214b733e9a54d6a5939818,8,0.0000000008
0x4a43c16107591ae5ec904e584ed4bb05386f98f7,22984909117,2.2984909117
0x4a46e81bfc7e798c7421a1d5344b216ac6cfffa5,99315016,0.0099315016
0x4a486213dca0473aaff36ef427439d7a12f8f2a6,3335513249,0.3335513249
0x4a48a831412663a6c1dc6413e5bd7dcf2aa07220,92698424,0.0092698424
0x4a521f892c702cfa48eaddc300f4287def76a074,62853169569,6.2853169569
0x4a55846400435c608adf0f4f9c0692b6b4d2d8ea,64081,0.0000064081
0x4a5b1e5cda4e346676d30ecab66bfd254cdcd64a,9973544974,0.9973544974
0x4a6e3f26820244a584450f8608139afd8ae6c804,4977133301,0.4977133301
0x4a7a1720bfac89daf874ae8947797313fb6f5b4e,2177133301,0.2177133301
0x4a7c5aa91c432c6706fbd9f514bc05aef5490aa1,93769070,0.009376907
0x4a989180243ebb85adffc5cfc1dbed88d9dd9d12,4487,0.0000004487
0x4a9db0637f2b0becf984ef1a810f8f483fcbd030,550001449,0.0550001449
0x4aa66208e83873a699d6feecb489ee7491cc4dc6,1979607031,0.1979607031
0x4aa92b19b50b1b27daa72a6f9f463f582babad82,1001943632,0.1001943632
0x4aaa5abe30cfdb6682a69fda5067e61030c6fd98,2410,0.000000241
0x4aaaafb69e90bd39214fd57d600bbdc96d565d84,25020027782,2.5020027782
0x4aaf67aa67daffebcbfb423017100e8df613d2c7,849306,0.0000849306
0x4ab56a088abd2d1d6b86253670d1ba1f2d886c10,999999217,0.0999999217
0x4ab992027d76bfc019d64517420656f679c0df03,896365000,0.0896365
0x4abb08d8a702d5df336e6d0d0c440b583630b283,90000000,0.009
0x4abe7e4ee0d8cc5afb53b4000f3f78cb84109827,3052614,0.0003052614
0x4ac4ff89b9d4b3daf54942e3df63751a4a54c735,15408444067,1.5408444067
0x4acf17f1e88209646fdc40de16e82da900070d1c,570,0.000000057
0x4adecfaff6417f7c968b6e9c0d37ee48b1a35b57,544974,0.0000544974
0x4ae276930360217a5e13676586de5049d11c6f4d,398877,0.0000398877
0x4ae2fd7128533fe9b8a358e986f8d7e53fe13c14,997,0.0000000997
0x4ae34e7061b80258ad29fd5f3936a2abef18261a,599478,0.0000599478
0x4af727edb87f64b9d9797ea6db63a4d1af95567e,831374608947,83.1374608947
0x4afe9b040838258492b48a96517731ee6fff1668,7,0.0000000007
0x4aff243551ae594aada46c1a7749d9ec04ff2518,226089948,0.0226089948
0x4b00b05bbd421130eabe3b8f2cb084c6c390b1d1,3578341755,0.3578341755
0x4b0a6d7339f7072d0fec5a9f8ae34a5a60624e93,142614005042,14.2614005042
0x4b0e713c28b3dd55a66337db3dea8b014d68855d,1047089948,0.1047089948
0x4b1d9d4cf2075e57fee55ef19eab59b7fb717708,2,0.0000000002
0x4b1fd9a300102f05fc7ce7bab609020110a299a5,1,0.0000000001
0x4b202ad61d8242831b01cecc26328b25533030f4,6,0.0000000006
0x4b2131165de0c322ae0c73e20043555f9d786edd,26438505155,2.6438505155
0x4b287d649460dbb45d7f21508ab9f9159ba7a509,452703623,0.0452703623
0x4b2c9d947b1f0395bd17a653c10975028e5249cd,54,0.0000000054
0x4b369abfe9bf30cfe877382d3e2bc1c03601e870,8,0.0000000008
0x4b375eafcc256de2b9282a5125246a316289cec6,18547343503,1.8547343503
0x4b3b579077cb31f1b70da794d381e7bd8c045d3e,454647,0.0000454647
0x4b410f8fc1b09ff93a1e40f7414d5108b577f0c5,10000000,0.001
0x4b454205260382cb0275df77edfef8a9f4d00622,7760781082,0.7760781082
0x4b4996682ac567cecb58df240c485f8348b0b3de,1367815155,0.1367815155
0x4b4fdd0b3b774fe1f9f830871d777e57d9490ee4,1,0.0000000001
0x4b529168f3510b957b55a890c6a264b4dfcdf545,5886,0.0000005886
0x4b66b180037ebe7833019642004eaf71bb6822d3,8,0.0000000008
0x4b68dedfdc3bfd4d8eace0a57efd821cb2de9d99,4947089948,0.4947089948
0x4b711284c3c0eb9cbf2a849be249b5f0ecd547cf,94682263,0.0094682263
0x4b7723aef2f06b5a857ef186f35ae65574e2c861,9307087793,0.9307087793
0x4b85073b44ad3a9a1cb12dc82f98fea63a7f77f5,371050968,0.0371050968
0x4b8797e876cfdf4966234793c66749796161278e,49170,0.000004917
0x4b8c0ee0cd79629873076e3a39618893c91a98fa,979299457,0.0979299457
0x4b90949c5aec95f5ede219117e313f58361b702d,90971816,0.0090971816
0x4b9ad864b059a4479b645c629c65bde63d6d0742,599115,0.0000599115
0x4ba455f697dcec4ffbefd3dd9045d7e8edf94965,128418550,0.012841855
0x4bab36256af0911c85887f652819ab0ab8f9f591,1879971816,0.1879971816
0x4bad5ce39cc6d4796361994836c73ee11f846009,8,0.0000000008
0x4bada35125729ab3ad7a1a69e4f4f50654af0294,70,0.000000007
0x4bb12cc382e36b4b6faf7bdca7708969aed258ef,2000902727,0.2000902727
0x4bb2abed1a8aed4df8f0725d49e27e6b33522031,1,0.0000000001
0x4bb9635ac0248fd700f6d4e652a8fd39fd0a879b,86805839,0.0086805839
0x4bb9c5ddf861e2a7614f08981b672c5b00c006ef,1641,0.0000001641
0x4bc18218729bfe1d3a86cdc1e346e8dcfb56f71b,92885455,0.0092885455
0x4bc40905ba20e32f21b39ab6b75302b68b8caf1c,381278742,0.0381278742
0x4bc8e4a4ca3f469e2a970f752c3d411376f30770,94965527,0.0094965527
0x4bce8d45dcce58e704c1c58dbc094750f5119118,8500000000,0.85
0x4bde965b68278d0317fa98881f27f69d28b7c42c,9986114679,0.9986114679
0x4be01f268352e0a161bbebd8862855822a8b6a77,7890971816,0.7890971816
0x4be2ea9ac52c909203476678c4a310525826f072,1,0.0000000001
0x4be552e90bdec6912676c09848f26b5f11a6519c,381273879,0.0381273879
0x4bee6de05d9f38f1ab9780c6c67760289e51e93a,1,0.0000000001
0x4bfb4b969f033c9a486133b9bbff2e3da0d013e8,4,0.0000000004
0x4c00465d1c7e8dca8a2d1d0eb33c5a97b5b5f362,69536063,0.0069536063
0x4c07b4f328fa738290db96bce2f9cbc4d020d2cb,36128100,0.00361281
0x4c0cb16699fb61dbdcef1df4edd4917066098cfa,52226440,0.005222644
0x4c17f70f4a0f7cfeb92fcf7bf45844e3599d2095,1104374184879,110.4374184879
0x4c19c8a950bfbedb0ad72a8c9af1965e89978ce2,6,0.0000000006
0x4c266339f01c2bbfec60ce1db6d9b886a8c657b8,8,0.0000000008
0x4c26ca0dc82a6e7bb00b8815a65985b67c0d30d3,3526,0.0000003526
0x4c2ab98b646ce36df6a4a4407ab9fcee1c90549a,20069510153,2.0069510153
0x4c3492ed57046dd95f8fb94848cf1911c5736dc1,6,0.0000000006
0x4c3b0d819d0dc05364d173f4812644dcf50e9af6,53990971816,5.3990971816
0x4c3d533abbc1356a564a0c81ffc129fba007a0dd,2919508,0.0002919508
0x4c4562d95fac224b91d3a042e210fc77319752c1,3590971816,0.3590971816
0x4c4cba9bacc4926a902828a2ee4cd1cb53fb5f40,1,0.0000000001
0x4c4cbb3d38dc8ee7a55a3e03703d014e8a5863c6,9,0.0000000009
0x4c530f4079e1da92d1c0632be54e4d4b0d50c75d,202633,0.0000202633
0x4c55868a541d7f0f93dfa02cf4a1f690a220ec6e,7,0.0000000007
0x4c57691f15582c3a5bee8c3784e635617fc8ca2f,477471323817,47.7471323817
0x4c5cadf9352e6535c26ceb5cfe77e68e1ddc8861,1,0.0000000001
0x4c5dd48364881bb4034bed39ef14de8799181c71,1682316527,0.1682316527
0x4c6244e856c9e3258ad7c506756e2891dc676b6c,4266602,0.0004266602
0x4c677499d2996788e0e73f1149ee6be8eb0405a1,102214774692,10.2214774692
0x4c6c0ac6bb4bf096811c1ec81464df0c1b72641e,97358891,0.0097358891
0x4c6f530d78dbbc317fbe09ded76beae802ff1951,75489353058,7.5489353058
0x4c6fc96a61d8009877d9df99c70f0fbda640ad80,177030270,0.017703027
0x4c710b38199f589dd769d36ed52b6d0170cb83ee,812093,0.0000812093
0x4c721fcbfd95fcb57b1dc223cb83b5e7c8651ab8,97358902,0.0097358902
0x4c72a55d873bf33ddc0aac49a1d8137fa030ca36,1177133301,0.1177133301
0x4c73535655072ee70bb321d22cea67e36d947a29,32991072315,3.2991072315
0x4c73c6ca10732b3786002df5ba2142ffbf7bd4cd,9,0.0000000009
0x4c76ca040d3dceba6532bbd2e895f8c0aeb3400a,226739056,0.0226739056
0x4c93c81509a39ea368bce7d598f617387aee6a77,120001453,0.0120001453
0x4c99241ce2e836f83a6a1e7ef864507f8fffbc9b,93378261,0.0093378261
0x4c9a8a1a3e7ce0543ffa2beb18a9f9f7bfdc7748,190923,0.0000190923
0x4cab9c2fc60951405098ea4ae98585b1c6ac6ab7,7,0.0000000007
0x4cac4a933522e2887de30aaa5c8017b2e1358519,304140737,0.0304140737
0x4cacc5bfc398ce5ad614da850c6473da310dfd6b,8544974,0.0008544974
0x4cae72709a265720e979e05ae70e6d5a0631b834,8,0.0000000008
0x4cb2abda18422e8f34224c4be828df4e7189ab8e,8981378,0.0008981378
0x4cb4a52a94affee0a511e16abe692e4427cd0419,312,0.0000000312
0x4cb541b346a348613622c9b7eaf53facdc0014d8,98573295,0.0098573295
0x4cb8dc54a5dcd93bdf6df91cd52da1ad41df4fe6,4,0.0000000004
0x4cbd2b2770657db5b3f4cb33fbf2a4ed6f06ee57,92705098,0.0092705098
0x4cc739537fd0f16bc28badef07be1235842f505c,9,0.0000000009
0x4ccbee2029a690638f73cacdc455f212745258ce,599517,0.0000599517
0x4cd22010c0545a0e8b578641f9c9a2bd162f5171,47089948,0.0047089948
0x4cd644a456a991b27137ef49303f8c0ca24d193a,48515346,0.0048515346
0x4cdc9b9e270b9d44b8307d5825841ddcffce511f,37321889382,3.7321889382
0x4cdfdc71d50a3719db458ad1c641363af1b05f1b,278312,0.0000278312
0x4ce2974b9aa126d524bd5f2f48ef30e34285bc75,858259480,0.085825948
0x4ce7f06cdae5ee7318104bce586e496dc5452d6b,3301,0.0000003301
0x4cf199e8009dde0e6c1e64d7a535343f30f298d2,94606222,0.0094606222
0x4cf8be01027ad66c4939181a5b8c5b2b281771f0,90971816,0.0090971816
0x4cfbd2d62d072f04536f114f01b8650ffbbc11dd,4591275,0.0004591275
0x4d00e58c07cfe8574c9f044c4ac0d3ec56cd1fd2,95787574,0.0095787574
0x4d02861ab74fbb29a57775cabc8c5d86d7e586c4,92632267,0.0092632267
0x4d05cd4c8fa0ad137d9698692ebc11da2a3150d8,4,0.0000000004
0x4d08ecb587ad6af848f44e59d28f4777e28713d9,93019153,0.0093019153
0x4d11aaa69158595085d13d5e1a2b22c1d0d5f348,61355106572,6.1355106572
0x4d12b251076a60d8a0d824c3c92d5ea605a88dbf,81644767,0.0081644767
0x4d12d2d563b5d1882f33ee59aab7875acba49cb9,2838540752,0.2838540752
0x4d142e9b68cc5b486e0a07c2a04710a8336a475a,5,0.0000000005
0x4d161f60e0e22fc819fe37b186d5b8edd625dfda,100971816,0.0100971816
0x4d1f7ffd7faff6090c2bac36d8bdcd764ee71ca1,94593067,0.0094593067
0x4d22ede460f01dfc34213d4850ce072a04087018,9167265847,0.9167265847
0x4d29936bf76e993d6150c1c80ff92905ed06047d,4,0.0000000004
0x4d32c40e296263c65a9016268b7f202b7b315296,47724870,0.004772487
0x4d33b11815f0b85bbac3adefddfea7b05e83b411,1424881202,0.1424881202
0x4d397c0d4254e481e1244a33279f2f938fab74f0,17141913413,1.7141913413
0x4d4a3c9e8ab559d02d36869af74d7fea8cecd581,7954386964,0.7954386964
0x4d596ca71eb6957036034527554dd48b20070e01,19896222571,1.9896222571
0x4d5b7876300a1024f91367434555c72d90fbb5d5,76675268431,7.6675268431
0x4d696e8cd9dbd33483f7836b507dee4cb1d42e36,57316031,0.0057316031
0x4d8aee92a1d5f460ab398bc7687c36203287eb6b,410000000,0.041
0x4d8cf13aa418e969c63870c5b7bfe38f91a1f87d,6,0.0000000006
0x4d8e667ce9e9d81f8abdc6b1e2c3a795c765fc62,3,0.0000000003
0x4d8f702cd2ad4ba8b827376c6e7074789e386e75,18300000000,1.83
0x4d93c323b2687f499d2c5a3e0ba0b7d4647cb2ca,21035431305,2.1035431305
0x4d999f16ec6fd46a84e3c2cd4a9a64dd314ae829,210410077,0.0210410077
0x4da59ff5234f32c807b95943352bd0811421ba09,1529344135836,152.9344135836
0x4da6d005bd264f0e93045b832aa508fe48b1c546,7,0.0000000007
0x4db6ab994c07cfb6ef36c4a115e731226981ac6c,2,0.0000000002
0x4dbe89f7fbe55a5866b7ba4d6dc24777db005769,146592734400,14.65927344
0x4dbec7f2d1c2b6d50513d75dc769b4bd8aa24cd3,11816,0.0000011816
0x4dbf2926ccdbd9a26a60c94ebe84dc42c37e9052,4759393317,0.4759393317
0x4dc2e5d5c6eb2092885ed0ee585b1427131b298d,2115751597,0.2115751597
0x4dc2f67c90e5d04df47d172b9db19480cc538605,599114,0.0000599114
0x4dc8343d8496e625943584425d4d5ba1b2cd8bcd,329813355,0.0329813355
0x4dcac18c1c0d4cda2280adcaab7708225f488832,84843171037,8.4843171037
0x4dcf2b70dfbb442d259c2f74528090b7147f24bb,599563,0.0000599563
0x4dddd6ecf84d209d646b7845d967167153f392ad,5,0.0000000005
0x4de73015252db0b53eb9fd3941e985f61f22cc99,178200000002,17.8200000002
0x4deba5d346229a946dca0b6be8aac2675bcc9f3e,2693449022,0.2693449022
0x4dee9375240b7e77b512fca825a08f391312116a,10207,0.0000010207
0x4defeca0b30df6199b3c53f3f266d3947579df59,365341778,0.0365341778
0x4df057306011854d651055dd2f24b7aa01dc5134,8,0.0000000008
0x4df31b8363c7bb15c466f86618e5ac6e0297366c,93378992,0.0093378992
0x4dfcaa4353f9f5d4e8522360eb502f4b5e6355f2,36000000000,3.6
0x4e13848a77505317593e2ba866f6cc9dbede602d,4,0.0000000004
0x4e13b4e63ee85df37565eff8df35bc326477591f,9,0.0000000009
0x4e151f37cc3355df367031d7c667d168555901d6,18382587742,1.8382587742
0x4e26031c92a1e9551b32d8112d350f4eca722079,20986114679,2.0986114679
0x4e264ee6080bfc6ec89bca450938b42f89e2ff98,411511,0.0000411511
0x4e2f6304f8c00e755482206e834af82968ceb804,125481030892,12.5481030892
0x4e3383a19887db684da1ad946afe8c5159cd91b0,9,0.0000000009
0x4e395957ef3b382bbd9abb688131d5d1673dd64a,5,0.0000000005
0x4e3965a5ec4107d0a661af0ce2e94233d4740516,92705121,0.0092705121
0x4e3a0c880907dcd608d2a8bab639e519cadd4929,259,0.0000000259
0x4e41ca5e6487ccaee85498bf1913eb9102b9db5c,2374769793,0.2374769793
0x4e422f24851406141a6274e7bebacc3d25a5ad8d,19977133301,1.9977133301
0x4e478530a44b896159d71e5a8f7ce79429a9a5b9,82014,0.0000082014
0x4e481165b434eb76d09e82bd16b6b649c01c664a,96701233,0.0096701233
0x4e489864b7f0b606eec71a6eaa7de0d84c02e148,10000000000,1
0x4e504fffab46658cc5290abaab940976a493abdc,92707394,0.0092707394
0x4e5857f6a9bb573b82f954d713c83329d01c2b78,227590,0.000022759
0x4e645a5f3ac3419d09432fc41ef536fb0aa4a4d5,3,0.0000000003
0x4e6c3181a13d8202afb4a05dd6fd219779eee510,5417079978,0.5417079978
0x4e6d8e64f863be28767781553905a72d4bec5d2b,76531,0.0000076531
0x4e6da57f62b9954fbb6bab531f556be08e128e75,7,0.0000000007
0x4e77ecb153f09a887b6a18d5cb86e0e1cad2f6f9,166004255,0.0166004255
0x4e7b1f5d52889144eb73ed4aff7b2dbaa511c6f3,5231,0.0000005231
0x4e82143af671cc8201bc7efcbbced3a69e84405e,330000000,0.033
0x4e829b4c36bfa489d420a5a02fa74743b1e3a64e,6,0.0000000006
0x4e855d0fde22ce095071469f6bb5ca4ca508bba6,5,0.0000000005
0x4e9cac42df86f5ae600ca75ce1ff66246131ff6b,2831563174,0.2831563174
0x4e9f235c205db2ee4dbde3aeed521787d25ca7df,5331899189,0.5331899189
0x4e9f6727cc1c326699b9d50db4b1c61f824cc7fd,38793502384,3.8793502384
0x4ea22d116967aea291f7c30abcf6158d731224b5,6833380607,0.6833380607
0x4ea2ea62d31ac6ccce58426c7461128f63e24298,1899604538,0.1899604538
0x4ea55357ec6e630e4447e58c98bf7e048b56f53a,5,0.0000000005
0x4eccd7f169b39f9c3710fa354529e1e9c129e181,75,0.0000000075
0x4ed9c23028c50a5054bfb22e3d6d7a675e542e14,4132268,0.0004132268
0x4edf1b7291b0f109ddaef35fb250714d253f27ca,72915448,0.0072915448
0x4ee63dd837d450b528a5e812a460eb6a5874056f,91347137,0.0091347137
0x4ee8a9b66740db935bfe9e6ab42ac92d1789fa1f,6,0.0000000006
0x4ef22fc892147d20a39f2c81a31a4e1d5b29236f,12360282698,1.2360282698
0x4ef8d738394542396cfe825eb92f914520ff0b53,2,0.0000000002
0x4ef93881b1cc72f838415b0147b964beee0141fb,1615412603715,161.5412603715
0x4f008dca0adb6bc0233e2cb9c0fcaad7e6a8f2c9,3949,0.0000003949
0x4f00c61a16ea50b4a3f6fa6179f814a0c0e61488,19147041532195,1914.7041532195
0x4f064f335e60ec8ae6f91059e783e800e535322c,3152625152,0.3152625152
0x4f0ff7c035041c75deb9aac907e6814392a5f407,7,0.0000000007
0x4f119308b6b0b135330101032822c8a25d736803,1917424222,0.1917424222
0x4f1245809c8f27612505aee693e7707d4b6d190d,4,0.0000000004
0x4f1559cad59d04d0d73b65bd909df4db59c2c026,936114679,0.0936114679
0x4f1647a098ae42404d49fbc5461a42ce8330faba,95306650,0.009530665
0x4f266f295bad85436ecea51e0ae2afe82b11553b,24489940524,2.4489940524
0x4f27ee7ad5ef8d881f62511a36a245e99eaed800,10481905761,1.0481905761
0x4f2b5981d89a1c60bc73ea23edef2797447b3c17,4449000000,0.4449
0x4f2b82190998a41f905b7d6915430697242c82e5,8,0.0000000008
0x4f2c3dad07a0f0735c250afbb246b60bb2d3e011,3,0.0000000003
0x4f2eb9c19436858eef4fdedf246be78dbeff5934,9973544974,0.9973544974
0x4f32e3c7849add24aee9b8598db2b338c6bbeff1,98902773,0.0098902773
0x4f3766df3ce786b27e8f2580f1f75a7ebeac5be4,4,0.0000000004
0x4f3a6a81a0dfe9556f00b3d4d1a468baa9c46a32,381183107,0.0381183107
0x4f3cb18261e16ad782176a2e2f11858cfb830cf7,800798693,0.0800798693
0x4f4495243837681061c4743b74b3eedf548d56a5,121041275129718,12104.1275129718
0x4f4b2cf0dfc36ddf8a87305768b7a5bec2b33e68,1000000000,0.1
0x4f51aeee7ac207c8e9b1c625673889644f71cd68,94682247,0.0094682247
0x4f5f5fbc5c0825192fa1e2dd6d15147f36a44aab,2977157,0.0002977157
0x4f6179140cf087d142c8b54dbfbc191cc0f13acd,3054,0.0000003054
0x4f620e9e359a5e8d40691b33cdc5e32ef885c84b,599518,0.0000599518
0x4f6664dcaec78e22b0852960778610395b747033,95740519,0.0095740519
0x4f66f7adb1c5d713d683700a9796a91e90112290,62246416262,6.2246416262
0x4f686daa6a2f2b5412a95fc7da3cb6e041cb412a,40872152,0.0040872152
0x4f689c6e05b7ad735a94a28ee3df8d692979877a,3544974,0.0003544974
0x4f6dd7b73f2b315545f6ce500b3f250710021e34,54990971816,5.4990971816
0x4f7efc18c988179e30ee2d999f9ad1832a9fa47b,197903068,0.0197903068
0x4f85ee39284421dc113f23930d3e461a6174ba1f,8,0.0000000008
0x4f8a17e476c10f6e3fcf9e369cc74ce4a6306f53,15635897,0.0015635897
0x4f8ec134ac9905a5255f0c8dea87acadbc05b6b4,780373,0.0000780373
0x4f90f21e6aff09a4afc8131ffd1ea57795ca5437,95310488,0.0095310488
0x4fa139dc1dbaca4777a188fa6f9383b4772e7ed1,979980420,0.097998042
0x4fa446cd1ab0293664198139c65f59ba4694cf81,238373986,0.0238373986
0x4fa97d0fad7c771c0d7d47ac19eefa78e874ab27,4,0.0000000004
0x4fad22e50c977fb4fe93487a4dc74937ffdecc61,6,0.0000000006
0x4fb48124c0ceaf28123ab178646e11b8fbbe4c1e,58767272954313,5876.7272954313
0x4fb50ac9f98e5d3be92d64fc4c46cf5a22483f28,8,0.0000000008
0x4fc3318e7ccbf9ee4e10cdc6383d4cae81460ff4,4777691,0.0004777691
0x4fc731d52a91fc33a511bdd26ab480824edeaef9,209981943632,20.9981943632
0x4fccd36e2aa852567f79bc5edccb1ce79ad596b8,11210458703,1.1210458703
0x4fd7416c1eb8a1662641f4f9f250484be260f422,2531,0.0000002531
0x4fd82c2576803928fc811f00a1cd5ed75a5b5fe6,6,0.0000000006
0x4fe3bf65c90dc37162cf0537924595d5be75c1d0,49269725,0.0049269725
0x4feb415159f7cc5de599c5952a275c875b4dff32,599518,0.0000599518
0x4ff3073c2fb43e47ffbb67bb2efa5d83310503fd,4679,0.0000004679
0x4ff48b9613a34c6e8eb508731a0bcc50a15ee944,311704854163,31.1704854163
0x4ff4b58a783b3d50927f16b2b1562f06f5e023b8,6,0.0000000006
0x4ffd0a59a26cb2aa76d403215e4cc2845c053994,116872506894,11.6872506894
0x4ffd26e4c5f4e9909ce1e4c56a24dd0880925886,10000000000,1
0x4fffe08811a9b9f384b0db099c0f8f07f3acac83,17299219064,1.7299219064
0x5003915c75de9a35a66c758205477b62f447a64f,464648350,0.046464835
0x5003feeb79db34357a1cde12b04c4711f1ceabf0,96900000000,9.69
0x500f59ac4d128285c9bc538c96c69e48adf10c49,9990971816,0.9990971816
0x5015d3d928543c32d101510ee0bb579f4186bcf6,5421180999,0.5421180999
0x501e612d82ad611119d47ae4f5ce08bc9b95871e,153854918,0.0153854918
0x5024c94e2abb6c1716c2cd76fc69a0f561c3698c,4,0.0000000004
0x5026862771a0e4f5c3067555f2ba6cea6e27f3c1,92709919,0.0092709919
0x5028eac8a01111ff4a401a55013ca8b0f9efb96d,13705868140,1.370586814
0x5028ff7b2a00e4f2ae5636e3b2280a06b7df5480,90971816,0.0090971816
0x503441dd298fbd2c12e292134c53a65a3e64d848,29749304344,2.9749304344
0x503a5563a9b79e7b9a0fe9d4ef3287ce07cc214c,23544974,0.0023544974
0x5044f682c5dba801ec3f7f20a41219f2029275e8,92639285,0.0092639285
0x5049feb67800e5ba82626c9f78ff9c458e0eb66f,29977133301,2.9977133301
0x50589fabc09471879982e37b1f9a2188f39a79d1,18454504841,1.8454504841
0x505a0617101f5820d26d59e30884ee7ab22b575d,9917622111,0.9917622111
0x505d4f48334db8faaf18ec6353e85f805d00d59c,1000000000,0.1
0x506172656e740000000000000000000000000000,49913484800,4.99134848
0x5062e7dda08d8d59313b819dffde024700423489,386347833300,38.63478333
0x5081f5eece0e699a54c524c380ec6d972bb30421,28016733380,2.801673338
0x5084dea7d5e402cc77f08ac2dc4721056a73d32f,93529542,0.0093529542
0x508e33a2a997971ded64697b778221f2163df972,5,0.0000000005
0x508eb5111b6584d0b9a5e8f1beee11bd018c8a95,95740526,0.0095740526
0x5093dc3834641f83608599f8965b6a3123365df3,43504189,0.0043504189
0x509bc5fcc4d84ac13cda5ab5eac85c513769a7ab,5388275718,0.5388275718
0x509e17a1e548f8b0a9d8638da6cec87b1c831842,120000000,0.012
0x509ef64dfce9d260c03790fd6a1fc78a311f6949,15,0.0000000015
0x509fed58dd7f691ca944ff48817e8b2c6d1ae90b,120644320,0.012064432
0x50a381c9e7ce7e739d4ce58229a1a3e44395aa81,922051,0.0000922051
0x50a4b595d46bef3da3e204ba94bc0ca574af0eb6,7179170998,0.7179170998
0x50a662415c5f221262dc64e70889d8c0a4298fec,67751139,0.0067751139
0x50bf9475a37858b02af58c3a1bfb6b9910565515,974949,0.0000974949
0x50c281de05a4fbf4f461dc241523d21b7796eabe,599447,0.0000599447
0x50cb669037ca345e8f0437dd4f7bffad554fe9f6,9973544974,0.9973544974
0x50d61151ce508c67642c2b3f463541fca16bbc93,662544919,0.0662544919
0x50da8ae79eb9cdf91a1cfe52d23364a6f0ae6fb8,31622,0.0000031622
0x50e04b6a9a35a69464860569460aaeb2f53ceb5d,10971816,0.0010971816
0x50e908df98fbf3fec13cccc03cf2b526c43a3f8a,2590955141,0.2590955141
0x50ee2a1789f78174bf7fad3a2e9b21dec8ed0eb7,85804190,0.008580419
0x50f1eb0c41820637b4d90c69a70f11aaa10f4c95,32118043,0.0032118043
0x50f2103890fddb9db094aa44602b6d52caf0efeb,494462,0.0000494462
0x50f47bc40d08092396876f877c9eb2359f3ea2b3,18844,0.0000018844
0x510060b860fac522c2cf4845cfbbadb6888a54b4,92708230,0.009270823
0x5102009e110466f69c1e82d0c64ef969339648d4,18981943632,1.8981943632
0x510212a1eabae4bddf920faa6344d5dcd3287b03,2423840531,0.2423840531
0x5104b91ab9ebc44bfd7cb1d485df821408835595,88355116948,8.8355116948
0x510623f885e859c400d1792be4ae22718e6fac0c,1090971816,0.1090971816
0x510ba9c293c2b999a4d417c94dc3e9fb19a7ddda,599519,0.0000599519
0x5112c06cc545b49dcb8bf6b73e404bee60396618,599517,0.0000599517
0x51195cbd1b06d41a38850a2b15276689f2182c08,48121305618,4.8121305618
0x511d218ac53678a0e267308bd97dc4951c55b396,41797207,0.0041797207
0x511fed2fd3d4d4cd573fb8473647a65031811b67,94480421,0.0094480421
0x51239dc986c27ab703518f47a057863dd0c98c8a,4688985,0.0004688985
0x5123facbf6dd239137ff9efa6334da47899fd7f0,4282107597,0.4282107597
0x51390b673797cda9d946098cb88e972cc999d144,5,0.0000000005
0x513c8b3313f0081a97960033c4f509c19a6f0c9e,35319879,0.0035319879
0x515fad9044494cd323b211c2f1eec80c1098f4f2,90971816,0.0090971816
0x515ff25d508a2cd7c1d29c1781bb6ca32c291cb9,20617935774,2.0617935774
0x51661f1d8e863c182e73b1560de06e9c9cf83121,28036110553,2.8036110553
0x5168fa7312dfcc2ee491d736cdfa7995c2874298,1415419329,0.1415419329
0x51696afd96da19e64fecd9b63e6a09c3f435adad,5,0.0000000005
0x517750948ad729fc150631ee52dc1219c8492d2e,9990971816,0.9990971816
0x5180be12539d2a669c759b714cfe541d7138fc99,599115,0.0000599115
0x51837c30f7434025d42b1f6d59aa81a29529fc7d,100971816,0.0100971816
0x518aab57fba2c6fd8180f8e7bca1d9bfa8526c3f,11816,0.0000011816
0x519db92f9db437a75a6cc1733e451ae0bd39b0ac,971816,0.0000971816
0x519f89cd3e634b02d3d3bb550e1e18df3b6a1d69,27,0.0000000027
0x51a105c698f3fa9e74d747ad1b200a33c3ff8351,9,0.0000000009
0x51a586b8bae54ad34048d5a6656b1b8525b68223,95740522,0.0095740522
0x51aab981edcababff9805868c8c6c68fef415cc5,509998,0.0000509998
0x51b423373b8736a1ca7da5ed6b99528f05ca6fa6,20446901980,2.044690198
0x51b4dea4d062c07bb5698a03b5aa36dc450d2561,6287351395,0.6287351395
0x51bc3dd10a9ee4946f961038cf5d50057e49eb77,30610694435,3.0610694435
0x51bdb5c434f8663b82b492f2acd50879eaf9502a,8,0.0000000008
0x51be1ccf6416b5de73bf5405d855617446b2a95d,35782596705,3.5782596705
0x51be74f51950b472e9104a7cd8f81ce46613fb73,48983544974,4.8983544974
0x51c80f8b68892c48726a0c3c8ee2c7b421917893,5,0.0000000005
0x51d1bc2d40adda36a41c4372e5f04be32e147021,576943815299,57.6943815299
0x51d7ad5db9f3a67c4ac97fac2d6b91b8f95781b7,1042707,0.0001042707
0x51e146d840e1e349a068b4f9618396230ac03a08,95306683,0.0095306683
0x51e29c11107e24341e3ff23404e917ab4060c44a,9,0.0000000009
0x51e57a7c84f35ca27f98ce8689f4d2cb6938a871,95307048,0.0095307048
0x51ed4cec0e7c1142d90697008873c28b89494095,599517,0.0000599517
0x51f51eb0df06b41c9f9454dc2a50bdb34e18afcb,2,0.0000000002
0x51f88b624a1ca566ff8175a5c7d2e22087fb65bd,4838651810,0.483865181
0x51f96cb48e055adcf21ccc6815fbc45dd474519e,12130292372,1.2130292372
0x5207172a76a5c6ba9de713072f6389476b7aceb0,523415435,0.0523415435
0x520cc7572527711b8c50bcefe1d881f8ddb5fe8c,61428026786,6.1428026786
0x52131d8c5220f4babb6e3d3c52ee7521e4e29db1,1054266602,0.1054266602
0x52138b89a88248d9cc281945e6610bda0a68258d,544974,0.0000544974
0x5213fa9af16799892b7ee163f8e8f6c8cfe6a7ba,96502461,0.0096502461
0x5217ab9a1c62dad0b149e103fd6ad3d22326bc42,7,0.0000000007
0x521b8ccbb8957f79c1422fc4eb1f997a9c6c46b4,202633,0.0000202633
0x521b9f2c9418b9838a96dc8c185d1c2bf725a247,36981378,0.0036981378
0x521e6135e9179fa93a1c05f0ee8c3f289e6c326f,6,0.0000000006
0x5226bf1397a4779d680bf871da163acba2295749,7870000000,0.787
0x522b76c8f7764009178b3fd89bbb0134adec44a8,336683,0.0000336683
0x52386be2397e8eac26298f733b390684203fb580,1972229358,0.1972229358
0x52389e164444e68178abfa97d32908f00716a408,6,0.0000000006
0x523df76e32b3d7c02c46f700d2c1880f08233681,3222312584,0.3222312584
0x5240fb43cf66f28679432e7d7273bfdcbc69cdfe,15285707,0.0015285707
0x524ace7d107ed6e0badfaa4558f08272f2965b01,4793635995,0.4793635995
0x524c5e2dddfb318132957d14e1b6881837d7a4f1,94478961,0.0094478961
0x524d3ef887479cc5947995fa7db71f09a569bde9,2467628,0.0002467628
0x5251bcfc703affe35ebd8c51eacbaa911a1c509e,53051903412,5.3051903412
0x52531367cc563a22c295b128c4077b0bf95ee4f3,93293922,0.0093293922
0x525320d8712aeab3f3fc6195102abd477ad998ff,1,0.0000000001
0x52572358351e225ca98b038cdcb4827c83b035f9,734736037673,73.4736037673
0x525c6b3d27b6b1fc28bca7dc04964247c1a942b1,21379863,0.0021379863
0x52702dbe59667eec881d2f04c97634ea51de3f93,93529295,0.0093529295
0x527719678073c4d6144bbd00938ed5fb475957c7,1222847810,0.122284781
0x527b082479304cebb9fbb3af03026165a1cc7c02,95740504,0.0095740504
0x528608f40f9835cc5e26244309384c8c15e07e60,3768278476,0.3768278476
0x528b2522e3cf1c95e57c95fa2b2a554616b29e6e,99359490,0.009935949
0x52981cdbfff4365aa994ecf5ac670bb756abc462,809,0.0000000809
0x52a3ae124ce4f01870796ad4f1614bfe29d3c412,90971816,0.0090971816
0x52ade11b4a7692282abf3025b9b50f01c0323530,346708456287,34.6708456287
0x52ae804d4fa87efe2236e9c5e25da1a36a800d86,32850538,0.0032850538
0x52b0c756d6f36af804c51211bd5a1fa4ab5dc911,981943632,0.0981943632
0x52bc22ad59366fc25d6d281844523a231da0aae0,1442,0.0000001442
0x52c9ef4425eaf415898c7cfa7940c12eac19ff52,378883550166,37.8883550166
0x52d744d84e6ca727d34c9b89d21eb5936315e5dd,5,0.0000000005
0x52da54fce4fee17ea4d18a3ec23781af7968e223,10976908,0.0010976908
0x52db4d009e6849d9800ef7f603399abf497bccf9,95307041,0.0095307041
0x52e1de658a053c8753306e7fbe199501cf71d289,5000000000,0.5
0x52e21a80822103537098857788a85f289858b35c,251182024842,25.1182024842
0x52e342e5f97e93fc37d0da8e8353493f363ee32c,6,0.0000000006
0x52e3c64d0511d9dd44836de088ff8ab58cb11b08,599114,0.0000599114
0x52ec2f704190fabd50978defd05cd742750a97cb,194673564472,19.4673564472
0x52f7b68edc4abe1443fb8a1848935ebfe269169b,679050678,0.0679050678
0x52f831ade79f633dce8ade20954bb2c6898e39e6,8,0.0000000008
0x52f8d78f606038195f0ccecb939d321b4227ce53,1,0.0000000001
0x53031bc0a40353b54b10f674afd438563e0b4ce8,4,0.0000000004
0x5304b66bfd4445c9e85cde9ccefe896ecd678aa0,4095285303,0.4095285303
0x5309e023cf80c0d9bf83190d725f49abeb129321,599445,0.0000599445
0x530eaaebcf345cf404d6c724a49c2ccc305a7384,5564328907,0.5564328907
0x53100ae441a9f76f5c58760d0a65d05f827fb368,3,0.0000000003
0x5314f882846f2232a93348252dd2bc67296cd71e,31,0.0000000031
0x5317c391187b6ac10eac6b97500f1f79c1662af2,85804169,0.0085804169
0x5317c99b30bea75222a64340ab119d9ee2840a1e,44811062837,4.4811062837
0x53185692c52371c1783fab017eeae423c353c734,532673892,0.0532673892
0x5318d5f1e4a473afc66daa1e4cd3b05a760751d3,19986114679,1.9986114679
0x53197ee21925cb99b0147d7df54bf28ca533e5ce,4,0.0000000004
0x531bef9b0c386ca1ee9cc0f58c7b5f21d00d8689,50990971816,5.0990971816
0x531c0df397c6a770d97dd5cd7ed99d7c4ae7d712,9954266602,0.9954266602
0x531fcbe5623abcfcc02cabbabf4854aab7add3fd,8859000000,0.8859
0x5326278827ca281b1bedfdaddf4d9625ce456aac,92532453,0.0092532453
0x532af26a3cc3a1e7b72865b5b0f607ae4a7a5a7c,4455726814,0.4455726814
0x532c90e371507eb7002f9be9d0b3748470eb142e,10971816,0.0010971816
0x533204239bf16ecbdf6842c58a403ff365e0c90c,988874,0.0000988874
0x53478010563d3cf2630f1c7bb5b2cec6d7408ccd,7,0.0000000007
0x5349ffb6e9d47a1c9f0f9feae6d8eef74b49ca5f,85803597,0.0085803597
0x534d55aa598b42b57ec9c3db75d2538e7694f871,599557,0.0000599557
0x534e0b0dac52d66b0755e45d4f412da1d4249c25,6,0.0000000006
0x535a76203984ee48e5c1bab9d7e51b9e7832d72c,7133301,0.0007133301
0x535d2b1f08fc146648f67866c7090e2b1e4195d6,599114,0.0000599114
0x536a8fc6d0ad0478a2652d030cefcc9b4e62be02,11816,0.0000011816
0x536df6f9fee27437d24efd3b084e31170d958a10,85803979,0.0085803979
0x5373aaac99a7c82ae7419d1a9a31371bbdeb0eab,33499827547,3.3499827547
0x537891ab3c1fdf0df17aa5c562c761cd614cfcb5,90971816,0.0090971816
0x5379c2d6485e7593d403aec9ec35f5f05dff8ad5,68875314414,6.8875314414
0x5379ccfeab5e0ab5226d59212920ba8cfb713986,9990971816,0.9990971816
0x537f232a75f59f3cabebf851e0810fc95f42aa75,132465690586,13.2465690586
0x539085aa32419505e0ef75572853bad3fcef9af3,3248457840,0.324845784
0x53912961c564868df933a32e1743c406b96a8ca1,2497,0.0000002497
0x539a87c2827045b8cd210f737eb3273270439560,90971816,0.0090971816
0x539ec04d0dad19c20932b17fe8dcccd5d2d6e16b,2,0.0000000002
0x539fb7e4af09e36bf9ac5d214fabe1f4c6c5a1ea,124718,0.0000124718
0x53a8263e595786043d0d2d2c3988759c178396e7,8000000000,0.8
0x53a8c3fe76c4f7dc0b408372131951d68a5c456b,31098688,0.0031098688
0x53a9385e821ca83d91ff0793a87cf2d9abd1cfb6,9,0.0000000009
0x53ad13397105abfe7adc90124fbd9468753ee10d,5,0.0000000005
0x53b8a05c6978bc3b67a6ecac6cf9b2c79595542f,755963543,0.0755963543
0x53bcccd0c77015b5590c86f02f693d9ca5d08365,125937250,0.012593725
0x53cfb3a77efc4088b48ed7b94e8d8eea0d002aeb,721644001,0.0721644001
0x53d23b6b6c4436bea28cd355a0f7b40c76d421ad,2067883,0.0002067883
0x53d4422d124e867e21a2433059d8c5ceb9a546ec,2768771816,0.2768771816
0x53d72a404cd93a52fe4f2fe505a98fae3ec1f057,599445,0.0000599445
0x53d7ffea1426a3e5e8260fc402f7e31c16c411d6,10971816,0.0010971816
0x53d84e2b1fccff7d6108910c65aff1d73b6f9754,977305754,0.0977305754
0x53d99c99098f0ba651ce7b17cf06095045443b74,42137728724,4.2137728724
0x53dcee8147b0403c8cae6efc82123652cc22c323,361037,0.0000361037
0x53e16e27ddd11391f656e6b17a9558adf9d1cc27,2212971816,0.2212971816
0x53f39c8239058c908897a8d3426db49477d03924,599479,0.0000599479
0x5400220404bb740f4531afda2f1880424203954c,599557,0.0000599557
0x54024f05cafbec45704592ba55c6ac161f2742c7,2709,0.0000002709
0x5406ca2961db63e6eb3eb3c14d581f01c5c6efd2,10971816,0.0010971816
0x5407640b3c7f8f6fdb00162a5c808bf33afe4191,800963,0.0000800963
0x54087122d7cad03b42701bbfa0c12c7ee5a84657,5388,0.0000005388
0x5410d079d8a9b760a6a12d6e548eda36264da370,9,0.0000000009
0x5416dc470707e0745e992417394cd3ca06a1d2c1,3,0.0000000003
0x541865d27a2d37d9686e8d3e6a0c638d5f13071e,263922,0.0000263922
0x54205db9970b5009dc8d7d0416a52447c92f3273,679,0.0000000679
0x54238ed2341b16588be7545983242f9ba08ee0fe,8,0.0000000008
0x5423e28219d6d568dcf62a8134d623e6f4a1c2df,1164094584,0.1164094584
0x543009285dc2aa291bca060df6f9d06c81b08429,26943999277,2.6943999277
0x543533e83a78950042bd59ff7822f39f440e9e6b,4,0.0000000004
0x5436bdb84313cd5677615002adb3fb8b1be3457e,13539779904,1.3539779904
0x5439ca6b34985ad93046b0d7ad289780769f7569,2233220540,0.223322054
0x543d5c684d2ba62ec5132142a24205a0ac09bc84,5,0.0000000005
0x543f4a1c11f4db981f48a263bb1161ed1cedb5c8,1,0.0000000001
0x54403cb9c07a83046f1b319efd205a982b5b5904,4348488793,0.4348488793
0x544fff6fdcdab8c0456a42a864922b51865de987,603536682,0.0603536682
0x5455108fd39520dfb63bab4040f4ee362e135392,90971816,0.0090971816
0x5455a28f1d5116610c3627fcb672d165d553d018,48408992,0.0048408992
0x5455dabafe1d2aab59827b2c580c407539fac633,9,0.0000000009
0x545a5269493a74a1ffd01991fef642b8c8a68ac2,53851128898,5.3851128898
0x545d1c90e6d7e80248fc3d6cf6d6e70cb9f2c18b,4,0.0000000004
0x546aaca4004a7caa9352a9ad0f725ddadb414500,282212,0.0000282212
0x548b2a3c250d04e2116c77f4d4a36e60832ddbd7,39244793,0.0039244793
0x549300f3cc644baf89b13b57925932863dba6288,211062837,0.0211062837
0x5494fdf09797f57e85d4ed7e644ccb42b1a13dea,848406,0.0000848406
0x54a98bd8b757a6fd872960415baa0312ed01fa96,2950850728,0.2950850728
0x54af82a7c16613ca8d289d1384e2a584e6dd701e,99977133301,9.9977133301
0x54b044476b7348dfc49231f7548014fd509f48a8,10990971816,1.0990971816
0x54b0bc52a006a83bea711080c648a8c067a16772,94480417,0.0094480417
0x54ba97e5004171a1252f27c6a39c6f9308e50be0,94682253,0.0094682253
0x54bc64ac5cd5c3f57e51f3b3879367b036a12a1b,1,0.0000000001
0x54c38215591200efa46770354bcdbd0f55377fc3,99971816,0.0099971816
0x54d4b324f50d2b0207bb696bf28eee2b280d962d,25662544974,2.5662544974
0x54d7ad2590e9438c383e65f3d05ec340f442d4ce,157005933,0.0157005933
0x54d89d33a250886cbc689ec709a01edce101d560,54416208284,5.4416208284
0x54e6627177165aa7b6f31752c744c306fac993db,2527047963,0.2527047963
0x54ec9768af0e647affce7ee4acfa74a946f41f41,1,0.0000000001
0x54f2d57856e44dcf81880df34df300d145cc7d57,7,0.0000000007
0x54f3ce178238dded70cdd36514bc0cf2c29ed0c6,2135161674,0.2135161674
0x54f3f46f26c9fec9b16d5a3f792b07d558d6692c,28016940,0.002801694
0x54fbcc16a0df619c52a10c8442b797eebe2b5b54,181943632,0.0181943632
0x55073c571fc094d9bc18c28767d2b23548f1dc2e,6802928236,0.6802928236
0x55093447e71c9002fe935476b4f05f88f6b5656f,899977133303,89.9977133303
0x550ef1f02c63cb63b446b131524b75d0cb9d63b0,2838942056,0.2838942056
0x5512381cd1b6912302f936d833617a87ca90aad4,4,0.0000000004
0x5523075aa47334732ec2d32f25a65d405ef06b7d,181943632,0.0181943632
0x5523b536390cab22029250ce3e54d6a4b833d856,59706,0.0000059706
0x552ce423e7001b081be9f64aea3b352c9136f8a2,993602352,0.0993602352
0x553092121c35f24cd8386b57852f46e2a3bfc8eb,95741295,0.0095741295
0x5535c48511faa34bc3666f385b9b3ab93a65f845,572423273,0.0572423273
0x55361272a635443387bbde798cfbea591933bc46,237537086,0.0237537086
0x553ee92e26e44aacf434bb40a3b2d03638db2e67,1566759349,0.1566759349
0x553f022201fa7c88e6cc10d1c688b157d6fa7775,8482659183,0.8482659183
0x553f9e1a0f25e1407136e1dc2b12616b2fbb8127,9486664006,0.9486664006
0x554224d804c79e262d47a0b3a2b328cca0aeac3c,544974,0.0000544974
0x5544b589369846efee095cce14bbb2de509e01f1,4001260698,0.4001260698
0x5548f5663162a4926be858ccd90534c2351d0976,6509810156,0.6509810156
0x554fcba8aa3f5943e604adce9cf060079038cedd,2804680478,0.2804680478
0x5553321ff11600831ca8623d8114323193e5d8d7,85803957,0.0085803957
0x5553759b94943615e1ce75a431eabc48952c8eb8,77305754,0.0077305754
0x5558e5f654b76f25f75e37df56b29ea2f783ab30,1000000000,0.1
0x555f47527e894ec415039eed0be7e59cc24559aa,6936,0.0000006936
0x557177e749b876bd3292aacdfee053a6f1ccf193,96191599,0.0096191599
0x5576eeee7fc93c0a8ece42ad574568f81904696b,95307976,0.0095307976
0x557aab37cee8e1e7e6f88c53ea6bf67f3912976a,136482899999,13.6482899999
0x55816663b87809c7fc013455978758043947f0cd,7,0.0000000007
0x5582c94e6741bf040ec06e36a57b6c593cedfcf2,4,0.0000000004
0x5594762396336c48423eb3f6165c0fbc991e79a5,4511062837,0.4511062837
0x55971b9e1b92e1f9504dd49720bd2ab2a8274c86,4,0.0000000004
0x559b4ef61c40d37f63c15b82bf5dc864dd80a23b,1068228862,0.1068228862
0x559eac1298f02e770381da0a6056c10004320a9d,5943632,0.0005943632
0x55a757f2caa1075f94d2860d237cd44724ad1448,19422098,0.0019422098
0x55a9acabef84a288ccd5051d199a4481d779ef20,67055606010,6.705560601
0x55b215cb356bb0d2045351c0d227399082a6d4ff,8238,0.0000008238
0x55bf7d63eb22a17829c3585bfe90f6761ba64bc4,97321614,0.0097321614
0x55c0a6e112a4d4f2b5942060cfd94df03876d2e4,33105861430,3.310586143
0x55c3518c1037d05aeac82cb71b2730dd6ce7d772,4885666505,0.4885666505
0x55c68d120a0d6d927edf881e912113a576ee306a,523,0.0000000523
0x55c94752b98deac4afc283dc52116179d1c8d0c6,7,0.0000000007
0x55cc68e8e88236043efca19330c43588e050e406,1500000000,0.15
0x55d3ec538e4fd40b2d710792bd58ed159c97b130,501380658280,50.138065828
0x55d7ca091ce87e3ed5082d6fc89275dd7f321ca3,246522392058,24.6522392058
0x55d9c6109aa281b2e716d891ea6aaec6ea2851c4,4821604566,0.4821604566
0x55dafa05551df856540a04061223dac0b555b59a,307114679,0.0307114679
0x55e23051e96dc81a470c4effef87e0eb4878dad5,90971816,0.0090971816
0x55e592a6812c5b1213732d90ca35f40a16566008,10349544974,1.0349544974
0x55ebf6fbef8c0b4761a213409bcb88871bffe9a0,21729719877,2.1729719877
0x55f27ae79f0bccf5940cac0329b10e0678842f9d,599563,0.0000599563
0x55f95749fed1561f7abcbb9cdb97a2819c220874,51405907512,5.1405907512
0x55fce1a5b58b14e38379828d3a56d2bc0b37aff8,4,0.0000000004
0x56042376b614560db66588773cfdd3c8a61789ab,3301,0.0000003301
0x56104a397c109cc30b19524a67f5dca67e760807,9,0.0000000009
0x5618fe4391cd3d804496d376613bf64d82cf48fc,13947268967,1.3947268967
0x5619b998efc100ef259b40684e2226355895ef76,1,0.0000000001
0x561af8988499f2469653902a80f99031cdd524f0,94708029,0.0094708029
0x5623592b0a957384d589cc59f8720611f2e2e486,95797741,0.0095797741
0x56243a244b230dbd4332993ace5c13a999f84f8b,181943632,0.0181943632
0x562f945c42f465135654de38f71036d0ed0f0394,1,0.0000000001
0x563612de02823498b72b97306a2b449a13cfb594,16870,0.000001687
0x563df20193466b9d7e2a9b4c23abf7a5520d7e8a,1,0.0000000001
0x5641695cfe009f248053162188f0f909f9654ed5,19990971816,1.9990971816
0x56424cf1b1e49c8fd5924c897a20776c1811b5fc,16024034808,1.6024034808
0x56492285d1764d54a3502c525b12ddf3201446d7,100000000,0.01
0x564a4877c7173e5d800e6849d3271dbeccfa5c28,40139397,0.0040139397
0x564aed950710eb5d42eacbc420b3a380855dd8d5,46097,0.0000046097
0x564bbb89ef0b2668fde27db6826d453dfb55c326,10000000,0.001
0x56502e091f3443972d20113dcbbdd6c6b7970bd8,599752,0.0000599752
0x5651a039e4024f4b514a7c2004bbfc8b7904b247,94606225,0.0094606225
0x56554da8bf64c02cc1f8fe65e876fb6a042695b6,20896292608,2.0896292608
0x5656cf06246adbf9373b1db30c7e57439948d5d8,973544974,0.0973544974
0x565d5f36c13e234a2a4c0c5df65e705dda175667,838574951,0.0838574951
0x565dd241d9c3c27f6c72d5628413b8b24fba1319,8334301549,0.8334301549
0x566272d3777ef4e9c5058ce3381ce8f6195dfde0,407746,0.0000407746
0x5669023b6882bab38e258bac2a48a002beed8443,8,0.0000000008
0x566cdc415fdf629a47e365b5fdfadce51a2f8752,2259,0.0000002259
0x5673f52b7ae10ddc19bd3aead02a24f40914a795,6,0.0000000006
0x5676bf0900a4997595b63bb9f67474314239e0ed,59,0.0000000059
0x5676e9849f904ef901141fdcd6c4e19b0e980513,5172541,0.0005172541
0x5679d808f2734f8b09f26f4cb0a7fb0439dbebfb,6,0.0000000006
0x567d56faf36e78657fee5820f8502401c633f8cf,1,0.0000000001
0x56823918b3e8d59311b4c84a9518a63424f18e21,971816,0.0000971816
0x56835a9495542d1eb6c0f8eba66d8aa56ce83d13,8,0.0000000008
0x568dbca4c8d568f404df58269751f89dcc33d83b,3879699262,0.3879699262
0x568e2646b635828428e5fee790e9886ad4ca9557,10971816,0.0010971816
0x568fe625ff258b7892356ee4b1fcd9f02617b96f,3561308554,0.3561308554
0x5693227b49d79c294dbfc6df76399013a860d947,744029096600,74.40290966
0x5696dbc2bbe52c32af7073587cbb1d2c5052a1a5,3869451,0.0003869451
0x569da0021ba6f6a5389bc86e7c00d6b8f26a34ab,61313318,0.0061313318
0x56a37bc99a4c29c346f74833f7ae219c94f2b07c,4990971816,0.4990971816
0x56a8adf3ded273659c8b8811606ba265f74cb1a7,977177264,0.0977177264
0x56af52a9611afda072a73afd0e1ff4c4e35ee94a,9,0.0000000009
0x56b13e926981bc061159097127633aca143c0223,8,0.0000000008
0x56b1bb320ac7daadd4d33f30790c6f6e421cb7d6,1245,0.0000001245
0x56b8a8dfae36edd33df91606fe4ece49e4d76ac1,8,0.0000000008
0x56ba595398e8b22f923a455d8224df4f5cfa034a,168863455191,16.8863455191
0x56c1894487c846ee80cca6d200abdb511444cbfa,3533084840,0.353308484
0x56c38c8482366fb8bbf15cae972ae364564e8821,95013270,0.009501327
0x56ca11f7a825c0886b3edbfe9c04d8b83b63011c,3515516,0.0003515516
0x56ca80e5704b9bdff06f8dac55f87de4a2cddc95,94932,0.0000094932
0x56cabd7de0e6afbbe594d1285fa3774ff1b88bdd,468402,0.0000468402
0x56cafbe0199774c2da8c21a5b6d34b5b4234225c,49990971816,4.9990971816
0x56ce88d9929bdd015f9101ec4b79d3416b9e2448,93794912,0.0093794912
0x56cfc296973c57ea60e02f28e0bcf0529950d5bf,99977133301,9.9977133301
0x56d408e250bbaa7c59f1030cc9de0dbfaf425fa5,5,0.0000000005
0x56d79fe635196e734ce29d7a8ccd8014865e790c,40971816,0.0040971816
0x56d83748da0fbbe6b527a5b73d72a892abc40ea8,344999380,0.034499938
0x56db8767f0bb481386b7cda123c0b9a997edbc56,100000,0.00001
0x56dd3eaac1abe492b07e736f4d93060561c501a7,4646406799,0.4646406799
0x56e07d15496f26728b0cad4b5210e8a4e7ece276,7,0.0000000007
0x56e09267e1a26163e8233ddf03edfa27026b74de,397111,0.0000397111
0x56e82a291b70c07597769538789d021760553ddf,835879232,0.0835879232
0x56ee696f8876e07521d4dd9882754e68c7cd52bb,3408,0.0000003408
0x56f1471a5ea95ddee90f91a228f3e145cfc6f5d4,6,0.0000000006
0x56f34a00d11ee09ea74745a7adcd0a2eed0741ea,131316697,0.0131316697
0x56f3f388f0915078f3a7fe4705c2ccb22c19e3eb,24218543,0.0024218543
0x56f50f82ad2d482f09ac61af74eb694e6937fd70,14920634922,1.4920634922
0x56f6a48515270803ea82b2853363d30a14f9c653,435986648,0.0435986648
0x56f95360c9e8d83dec4492ee31567f53c7272214,93355040,0.009335504
0x56fe37367a03a23f50d3bfdc9dfcfc0930710f9f,8,0.0000000008
0x57007af1cd95ec00ab8920fe18cb6b7251a21029,544974,0.0000544974
0x57030befcc7e3d33c95816f950e9fedc44cfddd9,537452027,0.0537452027
0x5703da854cf6a8dbbca1dc0d044adbbb53e4f644,549082679,0.0549082679
0x57047c8588e20dd03f40ba0b8f46f4c63adbabf0,381124539,0.0381124539
0x5712d27ae2d24fbfb012af5709323b074b83e4a4,2,0.0000000002
0x572072a28cb7affd93f8c20db7576b8f4f261be6,7,0.0000000007
0x5722d7c6792345c6b68bf1c4131e29d3b4b1d68b,98626464,0.0098626464
0x572c3329884135fef45ef56fcc25526127d7c1b4,85804304,0.0085804304
0x572f60c0b887203324149d9c308574bcf2dfad82,62377067527,6.2377067527
0x572f721b9865696322f7a4abb38e7cc041e8f5e1,599517,0.0000599517
0x573027f4c890eefa7058dab914c8cdd8c44483c1,1,0.0000000001
0x573252aa84d6ae1745a419af903bde40abcb2225,9202601293,0.9202601293
0x5738358eeff1c34949ff8a009cbe2a3e8bc3d156,47753271,0.0047753271
0x573adad94a5d502e14a772488dea8fbf30ecd47e,4,0.0000000004
0x573f9f7262d1be7c85070494402ec2e0e80b97af,51024514,0.0051024514
0x57417b3e3b6da9807778af6a092cbaed03ebbc6e,12654645009,1.2654645009
0x574a143404492387ef1c91ea48d21e5413f0db60,10008981378,1.0008981378
0x5751c2c601fb8d8ff82d94f5e20400c3af60abe7,33600000000,3.36
0x5756ba6134182ff72ec9f541abaa77f2f7d7a536,262952048,0.0262952048
0x575d00513a2feeb46fcff31d3fe4e4f402ad45f8,300,0.00000003
0x575e1306634e9d85a2b4dc8e3e0c8f12747356e7,3,0.0000000003
0x576485bbd7641373ba33ab527f8008505cbe7843,29977133301,2.9977133301
0x576bbd520939bc2b09dd1c207146ead9db0a87c6,93794908,0.0093794908
0x576df7fa4abf6cd75466cb9e9833ec20523eee33,188593718,0.0188593718
0x576eb27cbf54518d3de5a38ea7746ef6a9b8b5e6,44818323,0.0044818323
0x576f9fdd019204d39f0f42414705852f438d7117,7,0.0000000007
0x5773fe763c7dfc57debcff7217962282d2466803,11382065313,1.1382065313
0x57748ecb251f2ec36027bf8b7b2c13b69b8e5222,203336664,0.0203336664
0x577691d7532841b9447873cb4a0d92b5a2ead6a5,2,0.0000000002
0x5776d566d74b50414870a32008caaca4a6ea18fb,1000000000,0.1
0x577e8a4f99a52788c239e4fa0578ba263139bbc9,9990971816,0.9990971816
0x577e8f4997990e3966b33f9ef1ade0f9a100101c,3650503255,0.3650503255
0x578038a722280514e4c852a8eee67c4706ce1ed5,1284444765,0.1284444765
0x57881a61a92d3bc7b1a3f3fcf3320cd70d84301e,1399466719,0.1399466719
0x57987a50186a9615ba8f7be757c0711942baa60e,641622223,0.0641622223
0x579ff2f526dbdf9fb4f14bb555c0e427fd9b5d8d,486591810,0.048659181
0x57a35c83a0896f699513d86e78875178d18c3dd6,7,0.0000000007
0x57a9ee01f171506f65d36a43319cddc8673c5363,30055254360,3.005525436
0x57ae17d50e61662c0e97d24c90435450afcb2b0b,2851226824,0.2851226824
0x57b1b23a1204b51ee2c4c8bfd02f7040d76e7dff,11816,0.0000011816
0x57b4a7d4cfa2aeae18429b87fc17ae22593d7341,2400014,0.0002400014
0x57b7444d52b1fa84a028a34124a82c4b0200b79d,90971816,0.0090971816
0x57b80f9bcaeee4b12c3970193f89ef375ad7ea35,616843791,0.0616843791
0x57bb805b94a0335251d20a8b4eef322982b3f132,37,0.0000000037
0x57c1a2a8f39ba26473578a9d945120bfa0f3614d,20971816,0.0020971816
0x57c8f9e46aa46302d5d24d7971ebc1c1a7ef0149,80551090,0.008055109
0x57d27d4c04af8e7808e23c43bb2c57bf6d2cfa5a,42580530,0.004258053
0x57dd818b9ff9da7360391683236b386bacecf21e,52058,0.0000052058
0x57ddccdd5817017493dc12bbfd4899d2dd74d18b,316699,0.0000316699
0x57e2cd625646b725f1f537554fe8b3c5ae9c241a,7,0.0000000007
0x57eb722e90c9fd461edc4027e3820f36bd0d3249,89296292,0.0089296292
0x57fa1a86e15df12f06c37622f43fa3c0b4684006,3,0.0000000003
0x57fdca138116b86f12ad8431739718950c2ba8ad,12909860842,1.2909860842
0x5805a3ceec1a3b0c76d61dda81c0c86d15b5b997,232866,0.0000232866
0x5806896f885579c2b67d56e73411180bbcfbd898,18924831932,1.8924831932
0x58085b6f1311cd00f2ee743fde496716de8ef455,30001971816,3.0001971816
0x580e42fd85b8f0b3e35fc16d445032bc6af41440,7020710,0.000702071
0x581690dbe1c1b6d4d7a2120ad81d2b0aacf0a43f,535925512,0.0535925512
0x581803363a00fea0fedef23f389e7662ba231df8,10971816,0.0010971816
0x5829809b76a5f69004cee2e8015845b85f4e379a,11816,0.0000011816
0x582e325191509d46da0769f46b1ea93117712313,92698444,0.0092698444
0x5836f9ca7f4fd8a05812c4951b40487d067a6a12,1,0.0000000001
0x5840182e3773f733a3732f43a4bc397fe802709a,100971816,0.0100971816
0x58426f61c2c0a2f9c018f380819fd9b325682bab,52007,0.0000052007
0x58462876484df1abb4af5d6016732bd1801de7c9,10203819,0.0010203819
0x584b415adffbb3ae616b333216f596e8f22cec6e,64193,0.0000064193
0x584b45df85ec9e6936936e23a72e2314b784ad2a,4,0.0000000004
0x584e6a7bea5a69ea9ecdf663fd4cefc027a2d010,4977305754,0.4977305754
0x5852df2d9a78796d87bc18e0708dfd62a7923d67,599562,0.0000599562
0x5858b577c8ca071cfbaf0bc191b53643c2a00a49,96099858,0.0096099858
0x585d3142d1fc8435bfe32694c11d6f5ac3e5ab1f,4799,0.0000004799
0x5862d76057b79e75a02955d9071e6f5622405189,5,0.0000000005
0x586475555f000c25d267e05d79be38756be1475f,10899643423,1.0899643423
0x586f4fb1cad684732fb56f4cf333e8a6312b29fe,2,0.0000000002
0x58821511c2360c543eebcb5a2bbdbef064097430,970971816,0.0970971816
0x58836112080b3e3bd6cc96ec4fd7da4581396f13,54504187,0.0054504187
0x5884bf4704abb707946e4606866e956cb54bf73b,3,0.0000000003
0x58885c86f27c3c811bc6a49b22fa6c807b0efb4d,191290425,0.0191290425
0x589343722a6872c9b5607943ab45b0a7797cd3f3,9,0.0000000009
0x5897377d3d2cd9ac58ebaec4e7daed11e6f33ebe,7,0.0000000007
0x589c84c05a1ab99c3adcc298af96e91e16f738e3,7,0.0000000007
0x58a6c9db657f98b5c7b704b4224cf692125ac2b0,111854928,0.0111854928
0x58a8b5e00e102d102b3ff5584112b56eebd853fc,315595796,0.0315595796
0x58b098dca8145cfa8c8e4bc7495a613f525b0028,3,0.0000000003
0x58b1a42264eb08b6bc69bc278e47b5aa9b00c30b,15586347291,1.5586347291
0x58b7b9b6e13ac1d7a5e04874767eb37e27e3cb46,8840847689,0.8840847689
0x58be492e1938a79049229fbaf3ac29334528672e,17128767417,1.7128767417
0x58bec1462e6fc1b3d25f3a5ced150e40aaa72ec5,52195281548,5.2195281548
0x58c0bfd212dc364c7ce1ed29972744d5075b5026,4,0.0000000004
0x58c3df55604ebe93eed39e90eaf480d9eebab2ab,92882880,0.009288288
0x58c610936428edb3d26c17f3232cab8b387ae247,1100971816,0.1100971816
0x58da8d4600c4f1ab184b1fd81e4e8955d321f2f9,9,0.0000000009
0x58e60e794b2b5138cb4ec28ef0114dd9e0f86e34,126677915,0.0126677915
0x58ef0bac8c400cbb2429e845cbdc7f3f40f79b1f,4,0.0000000004
0x58f6b077a03663e7ceadd2d558c92252165ea39f,29769084,0.0029769084
0x58ff099b5624a8ebf9b6d27f9fcad4fd88a6b9f1,8390,0.000000839
0x590443975a26436b69a0b002df15d9eff8be3cad,2,0.0000000002
0x5908fdb0bea504552a3a89c40d1c553a16db0acb,799108,0.0000799108
0x5913bdf57145f16aa72c52b709dabe9345b52c2a,100971816,0.0100971816
0x5914394b99cb482d837c89ee379d148ef4e3f4d0,411399903,0.0411399903
0x591b8c2354746f9f0ee94dbdbaa029ef22f9f0ea,12071835290,1.207183529
0x59387b3f448c75ebb9562049d1e63adbdb819eb4,1285013000000,128.5013
0x593c0f809a72cd2189b6747e1f61ff970d222b19,22503194006,2.2503194006
0x593ed5594c6c6559730fb9ec21a7c8bef655dfee,43000000,0.0043
0x594410b9e1c4ec8fbedc5733fa38c9bb494c0e4a,8300000000,0.83
0x59490b74986c3f752c1ea826e373f5655a75f997,6,0.0000000006
0x59493a86fb1a2d5a8318c3f6c976d7e04180e2c6,566929469,0.0566929469
0x594e9d8f5df858e59d2ac4dd08f79e74702e54d9,6035102885,0.6035102885
0x594ee9372b6401a2875a7ede858163cafe953a7e,799206644,0.0799206644
0x594f1db7c356df5dc49b650e0d2b0a8c16922442,9811953084,0.9811953084
0x5959be4a951e50a1e28c6f1ab001f85b02f4f054,58841384456,5.8841384456
0x596aa6f2f32942128f9468b55e1ee11b9cbd2915,39973544974,3.9973544974
0x596e7ceb73c79dabce123260e15559f70204743d,62837,0.0000062837
0x5978edc6524cbda98739405073721be8f810e57c,85799263,0.0085799263
0x597aaf10a7859edb925535847e0451e33520fa36,287538946,0.0287538946
0x597fc897b6ab221c18cf51a31cef41285597aef1,2728298206,0.2728298206
0x5986320887cac6f363bd08230b9ec17b84d2ec6f,95310452,0.0095310452
0x598671b11f3c7358990875d20abc161f4fed1fb0,2,0.0000000002
0x5989190301ef1b771ee0b0290519b27f6fdda08a,8,0.0000000008
0x598a8dc7ace1825b840421c054f490a5d6c2283e,523071,0.0000523071
0x598efe3cc41d4a0e2be519e93bfc54d05dda6945,181943632,0.0181943632
0x5990bb303e73f7a51e2c0dcb57bd57526d92d04a,6,0.0000000006
0x599d1110fa397d35d9d6df3efa62aaa83f1f127b,6,0.0000000006
0x59a32dfd32d2cc6ec87f3879b716c2e0d796c1c7,1,0.0000000001
0x59a8621ac56712bdf42a8a9cacc4f8cb12f63e04,3,0.0000000003
0x59ba287dba3aa684ce35eda3589886fbeb5f53b0,59000605116,5.9000605116
0x59c1612c4faf6d71a2d4c75997daea3f3c64015c,61676643,0.0061676643
0x59c92c8709bf8309e35a9b2cf7a0dece1c395c2c,69312142,0.0069312142
0x59cc52289db491096a92f2d8a3e6318dce5d9d76,1325636575,0.1325636575
0x59d58c0ed3549c400606f6d732595d565b9d8703,9101262940,0.910126294
0x59db2e1df65b844573e98d396b22c802f6ca17bb,2,0.0000000002
0x59dba3c41ab1ec435f1f112c7adac05baa00f1e8,2572025456,0.2572025456
0x59dc1eae22eebd6cfbd144ee4b6f4048f8a59880,4990971816,0.4990971816
0x59de2a1981e1e7bd9e50a7a5651627fdb756c8b7,2837,0.0000002837
0x59e6359ceef5654c1555dee355ec568e1623485a,2463667,0.0002463667
0x59e7ab3a5148a395b343fd405badc75899483f2c,124220617,0.0124220617
0x59fe158480e269b75eb609e22980f8551af968f9,3709985442,0.3709985442
0x5a059a246dddc13e8114c07cbd265b26cb8803db,1,0.0000000001
0x5a0761cb9e4cd11a75202d7d05d74485c3bf5a05,5,0.0000000005
0x5a0a0abb4d3dd0171131fb73b206ae952da0bc54,3,0.0000000003
0x5a1487c25373e2945c7a64147b256611368be3d4,9153388026,0.9153388026
0x5a15bf859a402a438f385aef3370c5e9a1271f18,181943632,0.0181943632
0x5a18c3641bac162a131b013c2ed2fb8b2387eb4f,89115036,0.0089115036
0x5a19c6b67c45adadc6a521b8cb775a279009b723,990971816,0.0990971816
0x5a26f830b1d0292fd5160a2a01cb94e7a0ca098e,224496645,0.0224496645
0x5a29b0de4c9738a91bde9db0ff5fe65408d8527c,60434132,0.0060434132
0x5a2cf5b6061de4cd3c5936a781621fa8e4d1fdcf,53830863710,5.383086371
0x5a320059acdfd15683ddf31f9b306be51758f6c8,1,0.0000000001
0x5a352432131a5ae6b96ea333af12ee8ace539efb,990971816,0.0990971816
0x5a36605512b47aae6819510dad2205302d56bf8b,63462087455,6.3462087455
0x5a436e5e1baf28995e02e1033fdb7bfa9a5445b6,92745157,0.0092745157
0x5a442d2fa8c673cd305ace9618e016ae8ad9caf3,9363151,0.0009363151
0x5a4cf8991439b028962ed4c02a91889f3f701381,21089389928,2.1089389928
0x5a50863b4b78c3db21c072a038b612d5bbcbefd6,697288349527,69.7288349527
0x5a5a0397e7a7ead8f964e406828fdb129bd42df7,31806,0.0000031806
0x5a6ba886795ea73619a68b4ce71a741d2e774fbc,89948,0.0000089948
0x5a6bcb75b849c00fd1c3eff254dac2f4560f1a9d,8316837,0.0008316837
0x5a6c8b4495a405ff9a9151175c4ac765ab154a8c,145274300724,14.5274300724
0x5a7a83d1d206a612524d53a1e6be8564538c6c7c,4,0.0000000004
0x5a83b06b55eae68f84efd084c64d37bac2cc1f0a,30105896833,3.0105896833
0x5a8539728c521023c4be066cf0e51b0b4e5cf0e7,2,0.0000000002
0x5a8b7b521bf4abaa3133414a5eff80332b4e2edc,381278832,0.0381278832
0x5a8f583cf9faa3f84566f3f78215c2ec2646787f,8,0.0000000008
0x5a9d6cfb4969d9ec213dfb3bcc95f0813431b709,9999827547,0.9999827547
0x5aa28f6bd491150c680e275fcd190e187673e22a,4,0.0000000004
0x5aab587173dab10a83b9c2b85854b15cc93e9f82,576098,0.0000576098
0x5ab42fa4a6fbd0000831e0f4a80ebb1b8198546f,38296803,0.0038296803
0x5abdf1bdf263963601d3cc57d14723465d9fc505,3822,0.0000003822
0x5ac0cfecf267a7af028ba88a5b5587061b6a6027,93768841,0.0093768841
0x5ac94b86833e7d2502bec2f5175e2f96ba9ff89a,681236,0.0000681236
0x5ac94bbad2e729b6813f59c3f638595b458147f3,7453,0.0000007453
0x5acdba6e257c06f5a2fd30f9c156d120d3833e77,9935629050,0.993562905
0x5acf3ed9147f12d3d2123ab365952caf2ac99400,739824191,0.0739824191
0x5ad0d19b7f00544e9c923b71cbe482cb90eddffa,3,0.0000000003
0x5ad16c0547514af9b16477c7e089d7937b9e89bc,30376165280,3.037616528
0x5ad28ab022a73f645f1f6e134a175014a5c910d5,93219224,0.0093219224
0x5ad3b4d6f860570fd62b765b3b873ae2372ab469,8995307183,0.8995307183
0x5ad7c70ac635b38d1ff1ebd5320374d6182444b0,17120041270,1.712004127
0x5ae6e2a1676cb6549967ee668ed94a130b52321a,7,0.0000000007
0x5aeaa20c5774808054049f4b7d608e8193d6d26a,544974,0.0000544974
0x5af75e2e047c14dd6813805becede29e789f4a10,10111532791,1.0111532791
0x5af7fc655c0ad574ff57de03cbb94f69a9c94f5e,19578453588,1.9578453588
0x5af9aeb5589bb44fe0293f44542804d45dc939a1,1360898062,0.1360898062
0x5afda811b9ae561956f315d2a45dbc232d69ba6d,10255557,0.0010255557
0x5b09b8bf5c6db10ea4e72a15ddffa4c3ad849513,7,0.0000000007
0x5b0ebeeb8c03926bcfb206e66a20ea0b7972aabf,4216196222,0.4216196222
0x5b1a1a1f745a8350d1f2cc261463127090af2729,4986114679,0.4986114679
0x5b21188a831c0520411af8cfc5fa20eb159a396d,12341856635,1.2341856635
0x5b2399cf472f1fa8343ced58c7b6e5e321201bfb,576072,0.0000576072
0x5b23af95948b5c8d09b7b02ea05284e2b2139cee,90971816,0.0090971816
0x5b357a8498dbd951db24c2928922b3a575392aef,2,0.0000000002
0x5b369950e6633226d42289126405ecc63ed0124e,25,0.0000000025
0x5b41c617dcc652f6042ada8e93b64e9ed5e4337a,20856803952,2.0856803952
0x5b4966e97fca148a302d3bcdd9158992c3efa4fb,37886548,0.0037886548
0x5b4c6ebc5f9be85b7d5f6adf9977621956d1a31f,145736,0.0000145736
0x5b5162983566b23c416475ab621ea0e3099d30d6,98911033,0.0098911033
0x5b5c65c2ce0b96b63a694290075180edb4a652be,409578148,0.0409578148
0x5b619029b80d5880745e0d3910afa4ccf9a3dc2e,98569370,0.009856937
0x5b6dae80f0b948f26dbd547693fa79d447424b57,88753228,0.0088753228
0x5b7049a968130801dfdd6837a4d8ce1eb09fd8fc,2785360754,0.2785360754
0x5b76d38d5f4b5f4e0e8fd4f813040e125a22d7ca,53128034961,5.3128034961
0x5b7986897a348765c948ce48fc4a12623cc8376d,599518,0.0000599518
0x5b79a533f12d16923b45f2dc2d9436146968e34d,33557156,0.0033557156
0x5b7ab4b4b4768923cddef657084223528c807963,107923695484,10.7923695484
0x5b830b4ab9e4c2b03966983cbc34a7f84f5c6abf,9,0.0000000009
0x5b88c65027300f703b18dae8b57160dc6b75edf7,32967,0.0000032967
0x5b8c160718aa1ad75eeee2945269168842052d60,2971816,0.0002971816
0x5b9253041c53c494c888cc6bfd5f77ffb96c9140,778314220,0.077831422
0x5b9a09d4464c6b2f9760cb4cc4407eba66898f0f,21482917429,2.1482917429
0x5ba774922a8c1f145954afcb0ebb41056b54c545,8,0.0000000008
0x5ba9df9078daa33e0bd9012dad9ce5c8f89bb902,2,0.0000000002
0x5bab1075ab946c734d366f4e50f3177eeea4e59d,3838847689,0.3838847689
0x5bac999a9a9ed105621fdd8b89ef2ab34f89d741,93530069,0.0093530069
0x5bad69d9f8b0600b3acbcc9c604d9879b9073ef7,4,0.0000000004
0x5bbec6c5631d08835e9539253ce4fd93d7f79bc8,90971816,0.0090971816
0x5bc00d119a70f19c8f17c4245f40a6b718aacfb1,2617083472,0.2617083472
0x5bcd4222580f1cd44e58ead275417af03ba2a6b5,599568,0.0000599568
0x5bd259900236eb0e9cad084b8c8c728b24160d72,2331966588,0.2331966588
0x5bd2b9089e38465908744a9a92150d8b558aa34b,7,0.0000000007
0x5bdfcff2ed118af60abd0295214c5fe331a8459b,9600000000,0.96
0x5be19b55ae5d97c1d81da9cb7e3c4e963863b6f6,14981943632,1.4981943632
0x5be2aaa4cfc4d5a2c101ab0decb2522e7cb5d6e0,2400971816,0.2400971816
0x5bed6779294b16420ffb817afb488ce5eec19639,48599075225,4.8599075225
0x5bf2e8a9456b72d5603893e0b57b92ce344652f5,990971816,0.0990971816
0x5bfa5876df0130be85518f5e211448ebc71c3a9b,177194828,0.0177194828
0x5bfc19e9e012deb5f4e738fc709ee19ba934cdba,50000000,0.005
0x5bfdb6a7dd96071aeac7cf96da26e32fd05a085a,6,0.0000000006
0x5bff1907ea0cc26ea668203f313fd4ab74dfd57b,1486114679,0.1486114679
0x5bff92a11c4036cdeb450097b4cef15f1b2f4918,3387224,0.0003387224
0x5c0238d164f0a1d6aa32ab84af5531f3a983c174,9970774000,0.9970774
0x5c062661a5bba7fb826e6d65ff3d5fc63a95706b,1131861761,0.1131861761
0x5c0642fe68fc72cf03f676b28faf5cf97cc0b265,67375184091,6.7375184091
0x5c0b342646129a490b2580b3782ebe1fb290fcea,3,0.0000000003
0x5c0e9d36e0d887ba412e6a9e92b2ade632b2a791,15057422252,1.5057422252
0x5c104bca6aab1cd7fdb27ec4b55956f8ac1e7456,34947089948,3.4947089948
0x5c172edfe62f1acde0dbf8e8c4fbb435b872c335,12936036376,1.2936036376
0x5c176ad9a6473320298e6d8f4dcce12a8530ee26,1976794713,0.1976794713
0x5c1ecd957ed2cada522b8fe1111250834b6674e1,6,0.0000000006
0x5c2068e436b6e8daa548e8e1330ddd05785c8afd,9990971816,0.9990971816
0x5c209d4aaf2ac79a1d1e0ac3aae18d20c7829a14,990971816,0.0990971816
0x5c24fb5f648fa6bf54dde243004d424780217a82,1,0.0000000001
0x5c32614b9d4237a06606e6969073c2d8644d1a79,1,0.0000000001
0x5c3d9aacf6d4c9114db49e6b22d14e8ba2c65fed,2971816,0.0002971816
0x5c46a1165519ccc5e165a9830b86869ca54b21df,7,0.0000000007
0x5c48c76a4507ecd2548e889ca868c4f3b872ed96,9973544974,0.9973544974
0x5c4a7ed0908ef825b4cb8e4a7206e47312f505b9,11144746,0.0011144746
0x5c58bc64733cf0616c2e8aa5d8fa8d872046dfed,8553,0.0000008553
0x5c59015ae9c285832743ef780bc6f7e3d593855b,15204161110,1.520416111
0x5c5a1278df52db1ee3df3185e424d71c8c354a37,4,0.0000000004
0x5c5ea681fe4d15dee3220837d75e0a9aec9b6696,9604,0.0000009604
0x5c63072b6588d2e2e51b58e89c7aadb11d9a4e75,3705805969,0.3705805969
0x5c6703e7d479fecc493330aa8bfc53bcc454b684,1368119914,0.1368119914
0x5c67b91043fdc168a31491f02bb006de1b82d4fb,2016445423,0.2016445423
0x5c69f6655fca33bf701ef4194595d9453960f00f,93530018,0.0093530018
0x5c7383e2c39a98881d884693fa13419f2f8a55b0,1,0.0000000001
0x5c76bddaddb8973d3e76e2fd918bc1ed2f7330ff,100971816,0.0100971816
0x5c7e2688989ee888547a48c195cd1d361c70dc5a,290527,0.0000290527
0x5c801fca6c7ad11963523475a1aa9ad7fd61deb9,1871139393258,187.1139393258
0x5c864f0a10deeda8441548581a452cce99b3a689,4433,0.0000004433
0x5c9167c99a8aa9c3389200370bbafac1105259d5,85804180,0.008580418
0x5c928fa4e2b21cbb5ca86b40e5f1b97474dfb239,93497003,0.0093497003
0x5c99ec78cfee6b711d748f17070382bb52843ae3,39990971816,3.9990971816
0x5c9d5b1883a5902ad2a82f561e7c6287e799540c,445325085064,44.5325085064
0x5c9dbb8949175b1d1ad8cb96d5c2d9074378c653,1020696480,0.102069648
0x5ca855f14f60a6d329715597c9f433b035405596,824553313,0.0824553313
0x5cb246edd48a421551e049e3a594bb33769ebc54,54188937,0.0054188937
0x5cb44fc628127bbd35b720bc95eb9a8d5b2f5e21,6975,0.0000006975
0x5cb5adb12e50375de904f89ee7d3900cdc8a20b2,2,0.0000000002
0x5ccf5ef7c438b95aea40b320ac03e4c9fceba2c7,25674162837,2.5674162837
0x5cdfe172adf1110c3bdda553faa4f5c7a68b27e8,2683728576,0.2683728576
0x5ce66f35b519d7c0510e58595640735384829244,142277762,0.0142277762
0x5ce9625a721d9d32d67b47e29ba11a477dd3a5e4,78820384,0.0078820384
0x5cecd33a3e911eeba9a02771074ccf403d955e13,98597579,0.0098597579
0x5cf71a6679cc7fa3d3316fb1792a5120af544a32,4669169603,0.4669169603
0x5cfc2c648ba36144644758f8d39553c0ce355fc6,62842168088,6.2842168088
0x5d00039983633d1dbd2fde6d97aa4ad39ddfbc0b,3475488092,0.3475488092
0x5d049bdc41c0626942cc998d4acfd84c8beb0116,918445185201,91.8445185201
0x5d10ef6fde7dfc9dde2a24a237dd9e519c9f423c,4385,0.0000004385
0x5d1b26caf570eeedde02a8a8b0f1a85e2894ac2e,999996882,0.0999996882
0x5d20f971447b9dfc55ec161a2d8914d20f24c86a,34749905782,3.4749905782
0x5d2238753f3ca5e649f9250c303d5c196a069f24,10000000000,1
0x5d291c33531c71346e5b5dfa87fcd181ae260337,6,0.0000000006
0x5d3def61252919833790910dd0ac76db797a2829,9990971816,0.9990971816
0x5d40c9765d66759c925c6768239366da9ac0557f,4,0.0000000004
0x5d45b91312bd755f6a78826d277c514a7ad2f00a,2330925,0.0002330925
0x5d488cc1e19d19debcfaa17bec2d525616e06a82,2278054295,0.2278054295
0x5d4baa84f1cc2adf2a4ce4a251e65c5c5cd7c62e,94682246,0.0094682246
0x5d4ec70db91969312ae72df360f66866eb4419a2,98641180,0.009864118
0x5d50057b9ac64c33a75d63b9fcb6cfe8a113a479,4379277234,0.4379277234
0x5d5042e9104122e617c3fb9c2c437a50c5c4ef17,7918,0.0000007918
0x5d505a88fe92a8def5e99d99b953d97736834bf5,3,0.0000000003
0x5d53c559c31dd3dee2d997815b26b2a245a7b599,86674224,0.0086674224
0x5d53fc74c5c79f34b24898cbb1cd7603458d6e6f,15083704604,1.5083704604
0x5d54eb2edeeeffa076294e96080c48e33003f671,6643639,0.0006643639
0x5d81527ff420886ac3a96350b5a344e2ad9ba5ed,92908076,0.0092908076
0x5d89aa09be7069482bfeb90b7a36b7a33cdf044a,565691986,0.0565691986
0x5d8b5b75337ccdfe5750c4b3028ee8bb19f5073d,2276687927,0.2276687927
0x5d8f55a44324741ab8a2c7428917b477355046cd,599517,0.0000599517
0x5d982e824953e9015499d82e7d1ca50c94b8612c,55868175,0.0055868175
0x5d9bc481749420cffb2bf5aef5c5e2a0ffe04e88,5,0.0000000005
0x5d9d6575267e366df4c26e48c2e3deaaf756edf7,455094,0.0000455094
0x5da53876a2b37b49ee42c34522c9fced42047658,4486114679,0.4486114679
0x5daf7f80cc550ee6249a4635c3bb0678e94d3867,15317521217165,1531.7521217165
0x5db5ca78eb35897d24c2febba1a23f8af5562c9e,139620659018,13.9620659018
0x5dbdbb1cd08764584acc7e746afd2bb69a543bc1,98835086,0.0098835086
0x5dc1a125bed043a3c7fc42720df56ec6659b249c,523576590556,52.3576590556
0x5dc4c8aac2a2ee08be170c07c3b81a5ff42213b4,53708481185,5.3708481185
0x5dc7139f381470bc45389404abb2462e758babcc,1993146001,0.1993146001
0x5dd11d8324bdabd08ec8354c00ae78be79061cb8,97732,0.0000097732
0x5dd57766fdb0982afd9ca2eb5064b632622bcfdb,86114679,0.0086114679
0x5dd8782cae94500fa39eae6db635715f17680098,3,0.0000000003
0x5ddad02fb1e60b83b4acf7cc5beb104e4392df20,3491369346,0.3491369346
0x5de421e829bd425810f02302a97873d454b8d758,67133301,0.0067133301
0x5e03d045bcb21a38fa07338eb0d82cc454947ac9,599446,0.0000599446
0x5e043f7677bf99750632d60ced5426ef52a57305,8590869122,0.8590869122
0x5e066068c1050e4e9a68ac3642c6afbbe834d0cd,17208122600,1.72081226
0x5e09f11b9fc290e8341fd7f0f1baac8bd8994fdd,60780,0.000006078
0x5e0aad2f97432f3459d034cd9d7772957e38e92c,93530083,0.0093530083
0x5e16acb47bf54797c58fad0243b4af2df3b28c9f,94479097,0.0094479097
0x5e195e305abe770f0df0930758cfda519bed2901,1080971817,0.1080971817
0x5e1b6af3ed60297ffb2b4b10427331dff3158021,49080642,0.0049080642
0x5e1d7bd506612c9f9f2ab4bab8b22dcbac7dbdfd,5,0.0000000005
0x5e1ec87aa07b7539b840e09095ddb456a953a7da,100000000,0.01
0x5e25c840002ffc8c806b2a44aaf5820fbc208abc,29944458716,2.9944458716
0x5e26b74bb1f83114c33e5cd4fd5556d6e0f64bc1,729858043,0.0729858043
0x5e36811b69b12d05eff41a34c185fc8208c5dac4,28319931,0.0028319931
0x5e382c9cd2999a27b13f0c2122b4831d4667d587,246713315,0.0246713315
0x5e4565740ae8c8f55dc7a9b101773b2fe824bec6,8,0.0000000008
0x5e4595b58942073e9a059f4aefd2f9d49230b85c,6126966512,0.6126966512
0x5e4b293c7fda80b545561ec599bd7de5208901fe,3245526193,0.3245526193
0x5e4bc32fca295308dda20bd3f4ad0a1e57ea1bb1,3393,0.0000003393
0x5e4bd149da7059edc712a97b48332af206b50fe4,167963272492,16.7963272492
0x5e4c332ac8b91dfa5a698dca83eb22235e421dcb,325988,0.0000325988
0x5e4e0df4cfa151d7c067c9a9ed76cc7a76e9e05d,108075358,0.0108075358
0x5e4f310dd6b29f3fa4961f6358f6c6d29637f7f3,4,0.0000000004
0x5e55bc9c161ec87730d2f73c048d6c6b20361b12,9986114679,0.9986114679
0x5e56f3b8ae55be270b88e154c6577cddad37b95d,1,0.0000000001
0x5e5ecec67dc02289332bb18fc7c9a834b99919f0,231508716708,23.1508716708
0x5e60fa60bdf05a45bf0493ff00c27f80b3c5cab4,92923273,0.0092923273
0x5e67d0ad959bd09b265d5baca131a86df2d6c518,233228422,0.0233228422
0x5e69928e4fbb6c985c18aef3015ebaeb1e2dcb88,99357476,0.0099357476
0x5e6ca74763734c71ba49df88a30a85b5dac69a17,1653,0.0000001653
0x5e7eab08dfea7ea2ab5891cce1f2a5d824f8a861,49977133301,4.9977133301
0x5e859bd2086720c91b258c452ba635d02ac72aa2,1894492640970,189.449264097
0x5e8ac2dc9f31bbab954877c771935eb88aa47a2b,9584352800,0.95843528
0x5e8ae444f84bed0249c307db42f28639927ea220,132122,0.0000132122
0x5e96c8ade48fcc5db77c662b100d73f4fc5c547e,10144458716,1.0144458716
0x5e98dc514beeae5a4a3e0422a864a7d2c8f2e1e1,89,0.0000000089
0x5ea825748fb914956391b8f6a4c50ec8f2fce8c6,11752357865,1.1752357865
0x5eac16c511e697f963a16109ca78f912c91b54ff,283837233,0.0283837233
0x5eaf2a35f3bba9828eaaa8ea1d8e4b6efed42488,3,0.0000000003
0x5eb269c7bd9f354fb0a2cd4c08e45f6da0f14aff,1,0.0000000001
0x5eb3c9a23cc030fd2942089da07ad175b9dad7dc,19981943632,1.9981943632
0x5eb84f553059e40a48398529cabb9d9b1931274a,289002640,0.028900264
0x5ebaaf723730e494cb5743ed889b8356af5406fc,599516,0.0000599516
0x5ebd69c65b2be0d2906f7c7961cb8f19021c6bc8,7890971816,0.7890971816
0x5ec25197c5438bbc67aa8b3cc54a358c8aa17061,9,0.0000000009
0x5ec3e4e1ec8c84af21b8174ca564fe7d0c748b3f,32944730,0.003294473
0x5ec44632701c7d2976429da66d7ff4880bb0e157,12216175248,1.2216175248
0x5ecee198d13071a5d271e333e79133f473d640f2,1086348651,0.1086348651
0x5ecf130e55062db1a2e4eef7849bcd4e40288c81,4990971816,0.4990971816
0x5edf05ec2cc2558b36704d347f19379a16ca1e4e,1,0.0000000001
0x5edf60c9dc63efa6b9cd41d0aed34ea1c7e7f603,9990971816,0.9990971816
0x5ee3d700d662f952bf596951571e5523f2570a5c,94708012,0.0094708012
0x5ee49d02d52b277a8612e712faf4dc4d0a579573,799175090,0.079917509
0x5ee680421f5a738696f5b25d7f825463d9128512,2,0.0000000002
0x5ee81eb3da27a06389e1be1c9bb641d220b60b58,2743492814,0.2743492814
0x5f148a97c1bd7cd3ac652589076d2e3ff22d754d,95787857,0.0095787857
0x5f17612758d0a0f76646797a019bd8e1babb67c5,990971816,0.0990971816
0x5f1f59e26f7b785c02786c4f8bdca7b1fa2786ae,60000000000,6
0x5f2143ed9a4f788a4a0793e663f75f96f5609a39,15506844586,1.5506844586
0x5f24a052a66e66eb61f84af297f09a86a995520e,3825183,0.0003825183
0x5f2c64b91328529108839fc65af6a007f9ee94e8,1,0.0000000001
0x5f2c74ee1f6adfeed50571ac7685850c262bc029,3187651712,0.3187651712
0x5f39381420f36bc906ad3d9968e1b27ac5780bb1,1,0.0000000001
0x5f3f86e81c44dc850557f3d1d776cb355b7bc824,798994322,0.0798994322
0x5f425eae53ba69e13d86daf874933227c5e8bf22,93473073,0.0093473073
0x5f45b03ecff80eb6b4d5829661fd49a241f06a33,2,0.0000000002
0x5f4983457c9aa3b9b0c1946edb9c3c1a053b88e3,1454449137,0.1454449137
0x5f4a631178e6e554e444946c258794514c4f2472,601854898,0.0601854898
0x5f4c7775b553e8c1a01cdf700509f99d274e3c2c,148467064078,14.8467064078
0x5f509ce1252d25d14d3bcafd7b3c7844b73392f2,78156,0.0000078156
0x5f5419185092e9595251c1be09f993ac1b6b0f1f,14330582548,1.4330582548
0x5f5bc671203cb940d39e117de53ca353618019f4,96100623,0.0096100623
0x5f5c6f4316298fe989ff9e18f496632839f9a83e,306500000,0.03065
0x5f5f9020e7c1b3ae182f7f468b52ac2b35a490c8,90971816,0.0090971816
0x5f60c4195b63394e2a6c6a1ffd4ca8530894cebb,6,0.0000000006
0x5f6799339035b21d41f004f4795ea72e981d9c7c,3679,0.0000003679
0x5f6bdca4f573ff1713d8a7726f8e3f0539c099fa,2165488735,0.2165488735
0x5f6f298113281d6051449cb93670aff28d22e1f2,90971816,0.0090971816
0x5f707b1eac502057865263a90c4dc38e76cc8468,27306391597,2.7306391597
0x5f74c26d3b341875dc9b15e7f82940ff5ca9ccc5,599567,0.0000599567
0x5f7ac0c8fd763fcefd4cc9ffe952a437117e1fe7,94965513,0.0094965513
0x5f84b02e2e6b3d03c8cd8fad3cab0fabd221e550,8943019,0.0008943019
0x5f8c669102b0c3e678cb088151f4c8060f92d946,12332579124,1.2332579124
0x5f9febf1f2a99fe11edad119462db23f28a6ddbb,17,0.0000000017
0x5fa07227d05774c2ff11c2425919d14225a38dbb,2448603632,0.2448603632
0x5fad214f89e20d9db1309f2d8ccf261e3a2fcbf6,599114,0.0000599114
0x5fb05b90b607e6652142b43bf1ed042c59660b44,32,0.0000000032
0x5fbce71764e75204e2e06e50fb87c654b2c5faa1,5882079,0.0005882079
0x5fc198359d05d1c1789d9a4058d6eece220d767a,9248894212,0.9248894212
0x5fc88001979092ba0646afb846557bccffe16bbf,44811062837,4.4811062837
0x5fc8a61dcc11b18b2b7346c8c1a021d9045bdc1a,1549280381,0.1549280381
0x5fcc7eec79f7797ec4521b795c02a0e10fb3591c,24782926072,2.4782926072
0x5fd0e7ad2109ddaced6d00f220860756e8b939e9,4,0.0000000004
0x5fd2899044548a03cdc368c9a0fbef69a5e9f805,895155,0.0000895155
0x5fee40aa8eed082c944d4bfb172049ca136a5e94,381183022,0.0381183022
0x5ff86b3a648931e5f0c5b434b4b9b56ae6ddaba0,739398616,0.0739398616
0x60018d684862a568926f97d511f29b07afeb9429,1344986021,0.1344986021
0x6007e878d3ba531dbe0ca26463555de6f64648f4,59929880161,5.9929880161
0x60081726f67b8dcc6d0d7e2f9d7142ca75e6b3d3,14371627369,1.4371627369
0x6009304abe7a63e3b2956d8a167fa0d8f343d8e5,368281365,0.0368281365
0x600af0fce46dbdd9d471d49e13389d27cff5c87f,93768975,0.0093768975
0x600c0313858dad5d0ea701329c7669e68d412729,79049,0.0000079049
0x60130d511340b2f863281f42806859ebfef8041a,1161019101198,116.1019101198
0x6017b48708031ce52fae6e26dc91424a409b288e,9,0.0000000009
0x6019c311389b017fa9f1973ef715b0d9f2ef7537,101239582,0.0101239582
0x60242eeaf6cecec54a2a317a2e13cc5ed4691ecf,100971816,0.0100971816
0x6037c58aa448d2d8387b16aa835113a27a790966,8456853480,0.845685348
0x60382365a01e626335c4b5509e5c1bfa1a82924a,30411544974,3.0411544974
0x603df36ef79b730800a097edc4840137cce9e180,669548,0.0000669548
0x60573e189feb0be83ce47e2a2bcba45346bf0a87,125765,0.0000125765
0x60587832c070ed14a3e2b7679ad58f63ce86d771,1,0.0000000001
0x605dc1310d888af6b4c5ddd0c42e63af317966f6,1219853792,0.1219853792
0x605ebac845025c67693b2e1089ce9b81d8683830,9973544974,0.9973544974
0x60680a549131bb5463b49c45b1be8b1a56b0adf9,3941628955,0.3941628955
0x6068d3cb169b2a6252d458a3c326bca6784b7e0f,6,0.0000000006
0x606e09a13ac7bb8413a162a1d8c08e08126c97b4,3982820428,0.3982820428
0x6075e2f214d8ea676ab658bf867ea8dd9d30628b,270416085,0.0270416085
0x60842728afe12f3912425066f989c6bccdaf0e0c,599114,0.0000599114
0x608f4f99c2c248415a9c90f00cadb1b1ed848bcd,11816,0.0000011816
0x609d12eaddfd805de8e7b75d124c950f073dde27,9728934656,0.9728934656
0x609e8b1de45cce50784d401810900d5ee3c32e54,8,0.0000000008
0x60a1ef625e73d25b153b16ec9695e3508bbcc88e,2,0.0000000002
0x60ab2fafc444a1e3c17859048692fd773dac6fe9,11816,0.0000011816
0x60af3e39b1031d25caa5f01c744b9e2650b61548,6406389801901,640.6389801901
0x60bee008558802cdeb5f6b43dbc14d0c1d87dfc9,9,0.0000000009
0x60c272446755eed174a4df9e18ac12b7b647a728,4,0.0000000004
0x60cb36a1c9e5bd31b2dcad05ac5c6c0f1e696ab7,450535,0.0000450535
0x60d2500ef72a7e6b9fea986ba98d201ac0239b39,7,0.0000000007
0x60d442cdb97175d9220b2bb9b6d4efbfe6d8cb3f,9990971816,0.9990971816
0x60de7ff4379931ca19f34e4bcdb6bab979a7da30,5,0.0000000005
0x60f13077bfb4d0fa1361e673f664769db97b1fd0,90971816,0.0090971816
0x61033c73b6746f439ee1786f621d88c17537e535,174582548,0.0174582548
0x6103f2e00377ebc6416c891246daf4bc1b626fa7,28913644390,2.891364439
0x610937ad65b1453ea35d10d29e21e40782df8f0e,5173,0.0000005173
0x61149498fbf77a6ba8dc4f94e4b08d6535329139,4,0.0000000004
0x61197065b4fb6a7c685588fb09abd27cae27fbc0,6,0.0000000006
0x6119e83745c40eafd4fe1e11664807dab93c1d72,599519,0.0000599519
0x611c29ea26b6b23a49aa88d0c352ca0720127fba,90971816,0.0090971816
0x6121f4470138cb0dacca28fb97526d3d7a4390af,73544974,0.0073544974
0x61242fa80ce39205b27856c6a68c60a6d9d3a129,1000000000,0.1
0x61283370b88b95dc796d1fd0b3cc9008f196f906,599519,0.0000599519
0x612ad4140c30ebbac8126d4b0f2560af0b9867ec,69803943823,6.9803943823
0x612c6ed38639cb0f40ec7e9083f1838a2cc123e2,94710429,0.0094710429
0x612d8508e986b1d36360cffb3d97ba8a746cee71,439784971870,43.978497187
0x612e93188f7f90dacf4ef845318bfd8d321f5a61,47280773,0.0047280773
0x61354cbf6386588dc7c258ca1878448d0d3c80c6,2822351,0.0002822351
0x61415ad89143d84a3755b9cfe0118d03f33e2f11,34462615,0.0034462615
0x61429d78735ae00baeca831ae79dc3d2fec12cbc,1944625420,0.194462542
0x6143c56ab77846e74486c1d87d903cfae0cb11c9,11460882,0.0011460882
0x61518631fcdbe9870073ce692106d73462af7cbe,1318954811,0.1318954811
0x6155635e548e3ea0b47b449d7912f80061425413,1,0.0000000001
0x61604491a6a29b23ad8204376c830466328f5033,137496374850,13.749637485
0x6162ba3c6ad2dabb8bdd3db4e36f8f9c4dc7e981,12607410,0.001260741
0x61646a78cefd29caad561f191a1bbd658714f255,49928091932,4.9928091932
0x6167404460bbc5d11030f4be25eee65fdddc2036,92462270,0.009246227
0x61694a724af37ae98bb549a57e59bab5190b8f26,29848809,0.0029848809
0x616cd62d6da5900c2821dd607e36b0628e7097a3,100000000,0.01
0x616ce82143e534238a2d283c3a7e6d4d8d4c756b,2570895774,0.2570895774
0x61833003acd4f2061018c6ba1d7a8b33c851ef5b,7814921429,0.7814921429
0x61837fa11a6f7c24838708ece128b2a86d785fdb,7120000000,0.712
0x6190cd5e82008635e866daf107386d2cf715f57a,77,0.0000000077
0x6192867ca749c2016010eb8a465036668dc35206,96099473,0.0096099473
0x61951b525531221a8d3e90568354ec2bb1baddac,4,0.0000000004
0x6197f78563d22c5576f32646231854d2e68bbbc0,599562,0.0000599562
0x6199e5fa5f627ffe703291418df9683c3608ab8b,971816,0.0000971816
0x619ee7a4dd24f9d70077b3ba77509ce4e820cd66,4,0.0000000004
0x61a964a5a0308b2ec87d3e1ab2b1e14ea00f6974,28632996710,2.863299671
0x61aad0336c53fbf5ecbee8bfa6440bb6cddab7cf,544974,0.0000544974
0x61abbdfb36fed6b0b67cb03c7d5c37b8e17f575d,6,0.0000000006
0x61b84d981fd706e13d16b021230c4a89eba1b5fa,39411311,0.0039411311
0x61bf1b38930e37850d459f3cb926cd197f5f88c0,23572706648836,2357.2706648836
0x61c36ce599b424a50b4af6659ca9921fcdc68079,53801,0.0000053801
0x61c490251d9257390f459620b86433e3937fccfb,1,0.0000000001
0x61c4d254051cdbf86dc71d13070a1b6e9abc2489,6557995577,0.6557995577
0x61cba47b8fb58b1efce6a0e34038bd233cf53558,544974,0.0000544974
0x61cc599c823d72b95852c2d0e1f6b0667b60df12,97358094,0.0097358094
0x61d38d3457f1c43f2aea2209f9db0e59bc56f820,100971816,0.0100971816
0x61d9881e92856852b44d81af6c1371fdeb090c27,68376980,0.006837698
0x61da1c9eff10334b371baa36791ef78ad8349e23,8074307812,0.8074307812
0x61e1e7ca42c702def5129cdd6300ecea9438df62,2862153542,0.2862153542
0x61e5f466f9dbaee7528e6fbd4011dc4184532d51,17288,0.0000017288
0x61e78cc17f2ff618b776fa02a4e1b400855cda0a,11816,0.0000011816
0x61eb6459a9332777caff0ea07035056c572bf256,110973544974,11.0973544974
0x61eeebd22581e3ed382ea91c9434883c81b3e9ee,2,0.0000000002
0x61f87418b7f93b242fc349a18901511719840f8a,15831026163,1.5831026163
0x6200a538fa7ffd151658c50a12c52e703cae5ce7,98394543,0.0098394543
0x620904e4de6669bb396813d6a410c2adf5919e8d,89948,0.0000089948
0x6218144d8d45a0579645831b9f54b3e0d026e7fa,87833373,0.0087833373
0x6218337a21462563ddb76a49baaf4b28835994bf,42010891448,4.2010891448
0x621f0960e99b66d941e660f8cdcc9276416c177b,9327,0.0000009327
0x62273b929aeb569da2e746a20e9eb64d7442d3a5,2,0.0000000002
0x6227a45f43ccca0c2d2a44f1600e5b0c908fd642,9811062837,0.9811062837
0x622a31f7e30453e4bc85bc22a3ae281df35120db,9,0.0000000009
0x622a48f9b1acb663f828e9efb6fba99087019173,449873544974,44.9873544974
0x622fabcb319e7ced1dccdb1005fd1312feeed488,3,0.0000000003
0x6233f2ac077ba85c29cb847e0e228390a0bdeb37,599446,0.0000599446
0x6237d4a8a989e1dfc19247985bb768a751bbe804,2,0.0000000002
0x62395caa2195fb007328587988260121c9272f1d,20695,0.0000020695
0x623b19b6c33c0f6171acc5329bb49d35b72cd5fd,98572083,0.0098572083
0x623b4e737698d4b4fc84cc71a1a5a2399ce7ced3,160000000000,16
0x62412d4b63f296e0c87451d90e5b610a3244984f,4,0.0000000004
0x6247c21352bef855f2f2f5366869f59aa44053c6,191290345,0.0191290345
0x624ded22bf0520067de9b3c658a78532824609e7,85799239,0.0085799239
0x6258ac8ee8fc4f5c1aa78aa70eb6d8b6467e3143,14529690869,1.4529690869
0x625cec952e1c824c9080a27bd150541c3ed8d9f7,89948,0.0000089948
0x625fdd43ea1448f7e559213bb7c7fb29d4fbc0be,105696034,0.0105696034
0x6277ef3373b9794507145d3550d60f0061af5a53,17305754,0.0017305754
0x62782b5363c10d549e298921b60fdac490419596,5700,0.00000057
0x628156a2a43ac5e9eeafce68cbccdbeb538eac2d,181943632,0.0181943632
0x628f06deed3131a44e7bd0d1174e75d0d26644d5,89148236,0.0089148236
0x629219c05fddae32dfdf27fa1f4ea5cd879ae781,5002008493,0.5002008493
0x6298511cbca6be3715f153adf5a3ee22b6766fe7,5,0.0000000005
0x629f475b3b0030a3fc344f250c5655d5fcd8cf44,98597564,0.0098597564
0x62a1eabdea4048d9d5f76128ce18a55b586a8437,761598432416,76.1598432416
0x62b764030bf1f015bfb842b70a5b175054416bb0,9139579450460,913.957945046
0x62ba74ab689a6b34e7d65673371a9f05f09190d3,70,0.000000007
0x62bef7bb7439f23779f6031d49b6e4ada6f33c7f,5864435,0.0005864435
0x62c225bda4f8ca0daa1595acad9340a594484e5d,1993,0.0000001993
0x62d19d9057b8addb6e8f8fa835d705e4d05d21cc,4,0.0000000004
0x62d262b76d15580598c9adb7f1aee08df4ffb937,109528334,0.0109528334
0x62d9bd5e2e4ad92061e1af880e1d52d153acc1bf,931917262,0.0931917262
0x62dc77ab88fd87d30f70363d3002edde00295a2c,93530015,0.0093530015
0x62df09e929aa5770f72821e96dec6b13a57fdfae,7,0.0000000007
0x62e1e6d3bc868c9c835d2f2fa67357b107868007,2,0.0000000002
0x62e44f78154134666f52ad474501f469f7ad1c27,35964942,0.0035964942
0x62ea30cfe51b1d1e7f0a8d3244af46b3a91332f1,3,0.0000000003
0x62f3ef881a51184c5e21ea195aa9ffbb3e55f078,14424000,0.0014424
0x63096088fa1516184ecb77f7bc98e1e73c545fb1,18210115917,1.8210115917
0x630f3fe305b561af336f58c91339133e0a1ba38f,605219402,0.0605219402
0x63129be5deda36bf10909eb53482d5f186a339b2,4886928,0.0004886928
0x631315ed11e758d403828e686665d21f3a2a5218,387503859,0.0387503859
0x6316d77c2ace871d40a15e9cd596c3ec96f72910,799003723,0.0799003723
0x6322fd9f229bd5a6ac1b4a8ee16953715b537b79,2484578640,0.248457864
0x632988c9501831660712a82d2ec37a6c9ae14fa9,8,0.0000000008
0x632d9409ad06d36b214c68df54a5a9d4ea1633a4,4470136078,0.4470136078
0x633392399c848856938a2434736dce672fabd024,1399638617,0.1399638617
0x63433dc48c9639c61561870f145f2fc7a56cfb1a,4060561759,0.4060561759
0x6353452031862a00c928600572eb0768d274a873,121864470,0.012186447
0x6354be6969708b8f37427919053a30eba3933ae1,8601183,0.0008601183
0x63553ed520559a229c5f555991af5d2dacce182b,64664854,0.0064664854
0x63579884e292c14efd418346d24ecac69a4b4e4c,30562884,0.0030562884
0x635ea86804200f80c16ea8eddc3c749a54a9c37d,865902451,0.0865902451
0x63609c2ecf36be2f34c34c3fd9b83b4658fc14d4,599114,0.0000599114
0x636efe7d9f9d906ed99870659dd1d61ba06d0e4a,6523547977,0.6523547977
0x63750e29d8ed02716ef588e7aeb242ebaa2f82ab,108753941,0.0108753941
0x6385f783506a8e4917569dcf017202ffb5ea3e0e,1365130113062,136.5130113062
0x638770b5ba57b6fcb0c108e4c990c66ea0f78915,95787864,0.0095787864
0x638b40a8e64cda8a41957ea4eeea213d2b0da55a,2832519383,0.2832519383
0x63952b652f11263eee1db396b2023f5e6070119b,170198281,0.0170198281
0x639755e9c3cdd390ded358220829e11f08403f56,100971816,0.0100971816
0x639c3792ff2b12297f6dec41f9f8c69299ca4b03,2188699776,0.2188699776
0x63a790ebb08e2cb3d258828ca0ff6c5aa51c82f8,1,0.0000000001
0x63a9fad69746033e9871df1a92bd00bd5e28f65d,643818039,0.0643818039
0x63bca1b4c52ddfc35e1216729984c8570e9ae74c,599444,0.0000599444
0x63bd3d4cfc10a4e70bb6af040db11602ceb6b1ed,90971816,0.0090971816
0x63bfbb691ccc53049e1760013cf71a1eb9c050ed,50472045151,5.0472045151
0x63c5e9e36df8cb6013f586997c06162f8acca427,9,0.0000000009
0x63ca38c419c3a932a5acbe83f307d5de613033ad,11413134381725,1141.3134381725
0x63d119e843bc5fa541be96dcfd6c5dec33d6b2c2,4,0.0000000004
0x63d7f5c2d5ccafb349b691b734feed982b2e5793,1204014580126,120.4014580126
0x63d9ffbad82543ee66104fdd226469c216a5a5d9,95787607,0.0095787607
0x63dde50a86d3a6dd8e1003a158cd972084d56f66,53599,0.0000053599
0x63e59ca5a1e2563c7c833084fd163bd5f3cbdd41,42586148030,4.258614803
0x63e7b00bd3a349cf37215783769f821cfa997359,3828,0.0000003828
0x63eb057e1666883f46b4a7f6b75adc2d9e4f102c,10000000000,1
0x63f75fc242eddb042ed6d4318a5772fa541a7135,1566441,0.0001566441
0x63f9c1e332439586b7376a3a34e54001b5c607c9,6790711455,0.6790711455
0x63f9d1b3905b7662a94fa0ca6e771dd3d1641f3a,50003760780,5.000376078
0x63fae5df51add18e1a4a21d8dfa352a9b0a4d270,52,0.0000000052
0x63fc72a13e3346941aa436693e6c56bc704589b3,38144083161,3.8144083161
0x63fcd4c545dcac0a2f1c4bf0342080232959c5d5,188996955536,18.8996955536
0x6406ad6030fe61a332fa0a67dae692883bfcfe47,477133301,0.0477133301
0x640fb38979320bb99549cd967de53a6514d71a05,181943632,0.0181943632
0x6418192b560b27e59c0de4341277e84f16d73c12,15926410485,1.5926410485
0x643460e9d248a4f544c587266a39c3d0aab8b3ff,3531,0.0000003531
0x643f0687689be9056af3b974ee8f798b4412cd1b,36146264747,3.6146264747
0x6441e71d0eecbddb0aed264ad0fe6abf72c48d1e,93768715,0.0093768715
0x64431762fa2b5b7e9f9c4daa5b18d1a8a25f89dc,86571344,0.0086571344
0x64435e974e3997de41c0613d0e7bf432292d86e5,50122472851,5.0122472851
0x6455dd105bbdc0dce9c922d535cebd40e8469939,94708022,0.0094708022
0x645c22593c232ae78a7ecbac93b38cbac535ef12,51314529,0.0051314529
0x645c8d7bc67b6c1e17d1dca6621972ce50f3b373,742262869,0.0742262869
0x64627224808e2551834d7bd4b01d71d7c1126a94,8977133301,0.8977133301
0x64679cae5e2f1b88597cd44fe524fb44c36dc576,90971816,0.0090971816
0x646e3bd22b9d2c40de855dc467af1528307ae4d5,440971816,0.0440971816
0x646f9c6ec22f8e527872e39efcdd12448fd3597c,2524520579,0.2524520579
0x647765a879e21c4777b96c9287b23459ee9ab732,9052,0.0000009052
0x647a9a257b484dd1f32e691b2e6ada308f8bd910,79,0.0000000079
0x648180cef6b7358e596ada3c44c3bc34ee3011be,95307987,0.0095307987
0x648345ca172a52293f390ece4e6ec82dd1d8d51e,100971816,0.0100971816
0x648377bc0c29bfe4eb1e2884c3a247727a602c10,371049285,0.0371049285
0x64867ccc9fd6cb47e6313921b97f588d95236cdd,544694065876,54.4694065876
0x648adbf0cea0d0846af7a977d72fad235788ecb8,10963529608,1.0963529608
0x64a900d22eb4a6b34c5994b196b882a9ce760efc,46639,0.0000046639
0x64ab0168e515004b73326bb67f29fd36dc6e2d4c,4,0.0000000004
0x64ac15217f5331d469102abe0dca5cb6a845a78a,95787853,0.0095787853
0x64ac697f84bcddfacab514f07dd147c6958a7915,990971816,0.0990971816
0x64ae0d9052e435041371182b2f9f1da22fb9863b,1,0.0000000001
0x64b5f9dd6f23269b966a4c3717e150a6dd264851,1601685305,0.1601685305
0x64c5480bf1ba9c1e7fc3695a349e26446d777e7f,90971816,0.0090971816
0x64c6be13d311ef70df5006da7d8364ffa4a8dd07,599517,0.0000599517
0x64cd9c16797bc5de5d576991c49a4250c736994b,48600000,0.00486
0x64e6cb1d9d3585d15a05652787d61c57537587ef,7,0.0000000007
0x64e86a7043ee781cba6864bcb014cd2cbf8c1434,100971816,0.0100971816
0x64eb59e8b54da1df43acd1b72426ea345327cc22,182062361,0.0182062361
0x64ee3839c8ab20ba87b28afd41c64cb0e3ccb48b,97355198,0.0097355198
0x64f102fcd0d87442262e3d1b759a9087b78985b1,9558156292,0.9558156292
0x64f6c5b79d5c4392cdbbf118d222aaa2d0ff4cc5,7,0.0000000007
0x64f6e84da4236e741be9a9871ec3c2ad881d42fe,86015565782,8.6015565782
0x64f96af681bd9c7ee6c031284cd4f20bf16787dc,102320547,0.0102320547
0x6500718368f0d9c16633b80c572f50520d22a244,10803874228,1.0803874228
0x6505b35f1b584b7a612f947315e9b15b3d3add6c,95307123,0.0095307123
0x650aa17fb374322d310972e82cd918235ff4d487,69990971816,6.9990971816
0x650dfad81e90c94116d297376be6f8e10f3f49a7,17321155178,1.7321155178
0x65175a2bbdff87afda8fe793d53d1e56ec787cff,599444,0.0000599444
0x651817b6b7464b61c6c6ef87da2bc84ee0e64377,2,0.0000000002
0x651ebede64a6e8035790909286e631fec6fd47cc,94511618,0.0094511618
0x651ff69a67e095a00ab1ac143a6512fa63266ac2,100971816,0.0100971816
0x6533137b66f57ba41c2d1ce1d9255b2852949ec9,711001000000,71.1001
0x6535deb9447af157eefe0384da914e25e2439701,5970800989,0.5970800989
0x653673dcf3f9a658168cbb4610876c7be90ffff7,94965541,0.0094965541
0x653ec68d4c006d0e1879ce1e81cc5a63a616adbe,9,0.0000000009
0x653ff138f86a01629c254e5c4720bf21e6a47ea9,4137,0.0000004137
0x654948053dcdd4dca7251ecb345d7754a35aba4b,8,0.0000000008
0x654cafbd4d5819300e033f31ef72b494fc236f40,90971816,0.0090971816
0x655301eb3992fa35ff6fec91567240310a9756a6,8813167457,0.8813167457
0x656288857627435d53307fff75c151f247c21dfa,1536263332,0.1536263332
0x6565219e0bb323e56a7e668fd1e629498c9d9aae,14577321,0.0014577321
0x6567cb328f30044c4dcf69b642a81e75874809a2,4074298380,0.407429838
0x6579c63cda47077e6251e7a02c5f3d4d0f1057f3,3,0.0000000003
0x657e193215df3ce898fce08937abd6b7885a674c,380049393970,38.004939397
0x657fa73560d81a3a84652e3f7122d3c5fd49d68f,8674545353,0.8674545353
0x658148d9e382f29fee1533540f14d72a190ec179,5722,0.0000005722
0x6586185c2b16e620db0ab02e7fca0c66dee7c9ea,35182,0.0000035182
0x6588847fb80c60b45b3b1b0413cc4e30d1517fcd,44811062837,4.4811062837
0x658db117e580ec0c3e5713de1b426da8c5390032,68552,0.0000068552
0x658e6aec2659d2a509f89c9eb311e5e4d142a848,4,0.0000000004
0x65929346cc71d7698413df84068691f2261f29d1,93377704,0.0093377704
0x65930b6e742773cbd5dd8a7ea411d8246c7e80de,599563,0.0000599563
0x65957ab2e07eda05f12717a8108263be642c4199,73579601492,7.3579601492
0x6595cfa52f9f91ba319386c4549039581259d57a,20089427,0.0020089427
0x659795707c47ba934ed117e2c8653760e3232fda,6,0.0000000006
0x6598465ebc89d19c30f0eb8275caaca8804e1d8d,99359862,0.0099359862
0x659c4bb77a3b696ce0806460ad4b4b00d58573c9,4,0.0000000004
0x659ceef98b0819d13b46cd4cd2ee827f172757bb,3,0.0000000003
0x659fbc0fc53ea0368793585d1e2c76d6ef48bf4e,645454352,0.0645454352
0x65a1e43065bc48caf1255e3ed5851859078c85ef,1,0.0000000001
0x65ae0ed283fa71fd0d22f13512d7e0bd9e54c14a,896711,0.0000896711
0x65b462984bb484bd4c923a4cf0b03722778011fb,39298087132,3.9298087132
0x65b60be16b914a9d4a4e4e31fe4adc236b509cf6,685501410986,68.5501410986
0x65b938c83990b254228d4a44435d44d488466083,251610612,0.0251610612
0x65ba7ef8c2ce8f8e1a33af3a545aa0f77a4e46cf,9635578476,0.9635578476
0x65bd15774f34c3a7e09df262c447c5fb1c91a8d9,1973544974,0.1973544974
0x65c346eb7d55f2d952a7c593e4a6366c2b46a81a,95310904,0.0095310904
0x65c92f50b398bc05a4be4ad3d47cf23966c796eb,3508358187,0.3508358187
0x65cfe670027ae6f3af9021fef7ce6960538c6bd6,4297665485,0.4297665485
0x65d7929bfec5d095c5fa6357a2aff20c41694a9d,6333532,0.0006333532
0x65d816a0e81607f17d58abdeb55786c0d739b144,9,0.0000000009
0x65e972802beed0b21f4eb01c29612408f07a2985,10954266602,1.0954266602
0x65ee472fa8a76555a1cb72510e3d1da5f1662214,7,0.0000000007
0x65f08de62bbe8488671c45fe32250953d68ce569,295995392,0.0295995392
0x65f294bb761f2e5f7beecbe906155454ffb93061,181943632,0.0181943632
0x65f9db1d8dc7a41b641d149e1c60568254db48ec,51023573,0.0051023573
0x6604108598d74a82a2610965310f83d68eed1fcc,1472229358,0.1472229358
0x660bc2766867e1e19252ad30a413fe20d08a85c4,1926259223,0.1926259223
0x660c2d24dad2f0d2719412ebe4439227c33de91b,8553613353,0.8553613353
0x66107db141216afb9ffa053015429734e27ab6d0,11816,0.0000011816
0x661207f49e45a7c5002de510c83d55c031f247e5,958711790697,95.8711790697
0x661354da1e099a6cb5780bcf334bbafc6bb715aa,544974,0.0000544974
0x6614a4ec958ebcf06eafbee260a9bc33e804ce33,5,0.0000000005
0x66198fc9fb458c0aee1e01e6c91d82cce387d2a8,49241109,0.0049241109
0x661ecad7230ccc788415ccc09f032ac367a60942,5,0.0000000005
0x6623af35b13cadde8c8179f67b4d5517f5123694,92390031071,9.2390031071
0x6629470207436fb96bb35f82a6b27ede53e35073,1,0.0000000001
0x6632a3a4e7d5767a89d0de4d891d7fc177980cbc,9,0.0000000009
0x663a415fe925ee1e9639be6c162a412093f01bdb,18911778772,1.8911778772
0x664776287dd8b93287eadc5c4fed86b58ce2039b,19977133301,1.9977133301
0x664db4aa628764aaa8c23869be76aeab63c3acf4,2161,0.0000002161
0x66573ee46f170add970e0b2b62bdb41cc2ec574b,4,0.0000000004
0x665f288b144cdbbc29eaa84e2756cecf0682cda5,1990971816,0.1990971816
0x6660a71e5c0510dd2d4c5ebaa59c07a1b6e68314,10971816,0.0010971816
0x66613a8b560b4d3da6208cbc0ae5a9fc0655f36f,91016602,0.0091016602
0x6661f075c446e873acae424f8444aee01f037dce,3458,0.0000003458
0x6666f8447b4ffe59af42dc1ada53295d4c4611a1,116355436292,11.6355436292
0x6668cd5587103e30952bc54106d4a47fb478c666,4,0.0000000004
0x666faf687386b5c0afdbc808b8461124338b09ac,99954611508,9.9954611508
0x667002356ca44823c08cf37c95dfbea13a60459c,5481053293,0.5481053293
0x66728844b511831b36163f534d71036862e25a4a,74660523917,7.4660523917
0x667af5836fd7cc812098f2200ccf395cd7a84d21,1,0.0000000001
0x667bd1619683e51869d622ad8eddd2659ba9925a,5984,0.0000005984
0x667d5f1b8a3d0671437b21fed48f077f30fb0fea,4227115999,0.4227115999
0x668017275cda90db039a217384b905e5796b6a66,3,0.0000000003
0x6680ee1074094326dd35505f190857e42859d63e,90971816,0.0090971816
0x6683944e32c9903aab4f2a72e355122912ea3660,777961,0.0000777961
0x668fab5429f363f87c17b1d9f7eada702cadae1f,484262217,0.0484262217
0x6693d578b76269044d3d7c9588fcbf888a29739c,1332528010,0.133252801
0x66943ad76372566f4174aa24081d0ca2425d1130,111267257,0.0111267257
0x66a7d9fcc73d2aa0b4fe80a4c50917698e2f8d8c,69,0.0000000069
0x66b3964db81f6d71141435af768aa14b9167b4d6,4383,0.0000004383
0x66b62fe5755433f8cc2b66deafb8ed34d3bd8bf3,954266602,0.0954266602
0x66b79206a983abe22cd18279dc55834ec94b7055,38820708918,3.8820708918
0x66b9da5b02733ce1bab9f923741c7ba0645157c1,25886467630084,2588.6467630084
0x66c0d9152209b51977047b9dc3b0b5bf2339b67c,1,0.0000000001
0x66c20b01739c6dcb6bf39ce7e5c80c6d29d93e59,6,0.0000000006
0x66c6ae9f795e0d1370a8fd2af67cfce63bd74873,381295673,0.0381295673
0x66c8b65a3d53d5ee729c64cd4fea1d4a5bec8bba,64,0.0000000064
0x66ca2bdc506580f7ab8c21056bad37c05a0afde7,8,0.0000000008
0x66e1df8db9b0521d41d7eb30464a5281f71b29a8,1,0.0000000001
0x66e28678bef39af730f44d4ca685666fb69f6efe,75,0.0000000075
0x66e5662411cc6e3a62387354fa3f80dea097fced,26157737400,2.61577374
0x66f3e401fce6a090aea0537f9dc41842ee8a9222,7,0.0000000007
0x66f605b950f2ff646a1593c44ba22989d4168454,181943632,0.0181943632
0x66f90c01a3b0938d53576212a556aaf019d3bcf7,9259173995,0.9259173995
0x66fa1d8832f61c6fdb8afcbe854dd09e6993d60c,2971816,0.0002971816
0x67012cbf9321d1b7255e58f93271be79656b818e,3967,0.0000003967
0x670fbb0889c55fec05b4422216cb065b072c1da4,11816,0.0000011816
0x671230ad1c78c99786cedcfa090987e2b2c25ccb,10000000000,1
0x67164019a2fe51b572dddde65d2006a1bf2fffdd,1315937216,0.1315937216
0x671975d7745c963daffc8b912880d0ec962907da,4,0.0000000004
0x67215777d28cb6acccbbaeab4c4e3d45f7423de2,172050917,0.0172050917
0x672a4027dea0de7a2de711876ee26ab47a4d29ed,3865,0.0000003865
0x672e2cb8b8897cd82e7ffa0f2b4d23180d0f6cc9,29032070,0.002903207
0x673be806adeda22b5b93a3b1020537da8d795b50,599114,0.0000599114
0x674948e20b0947270bd17183bc2193e7a6cd95e3,7107026,0.0007107026
0x674b7087f241b465bb8fab9aa5a56871029969f4,3,0.0000000003
0x674b81cdf95d42891f339fb4a6e03e47a66ea9d8,5,0.0000000005
0x675462a7a497a0c49cd8a4c9b9f898a129a6e3c5,90971816,0.0090971816
0x67562058931ba54aa7a0a79d84185f0b02250610,832382,0.0000832382
0x67649753ec94893cf9f37a0440eff9923c6f9350,48,0.0000000048
0x676b7bdb52ddda9ebda87c73b29c223ee6896666,990971816,0.0990971816
0x677a24843c5bf1d0dc2dc71ae72c0bd064c9f43b,3,0.0000000003
0x677aae3e9d33e880119a31c958b82ab0415afcbf,599568,0.0000599568
0x67804d36d8d2205d4e0d00f0b0c2f428a21441cc,357226657,0.0357226657
0x6780ba57fb595d7196f9fd9ac10b470db3791919,20000971816,2.0000971816
0x6784d12e8191aa5f5c523d3ab601966432829c2a,95740440,0.009574044
0x67851504e4a11dee39daea30db81a49440f65288,40403453,0.0040403453
0x6786a96384016c4cf22aa37c255b08b5d860edca,48883325095,4.8883325095
0x678aa208a84dc015858a62ca8383a2d0a2d9fe49,7208451332,0.7208451332
0x678ceb1f637cd293d7d444c67e9a36a79801d01d,1533517061634,153.3517061634
0x679b7f9e6dcc743d1ff73e28cd70a3be3d3927bb,3,0.0000000003
0x679f6d19dd99733bbb3e83108dfd10ebc9fbe972,90295900,0.00902959
0x67a66097fbd7fe2f52e52c9548f244fc7c4640f0,8,0.0000000008
0x67a6dfd44b581d2e0ea59d26e4bef7d3b03e051d,59785261390,5.978526139
0x67a966db83ed082985b0af8bfa2b78d0d147e4f9,100971816,0.0100971816
0x67aa563454a6c0890218e6de9ac225bda7c6f7a9,10466635528,1.0466635528
0x67ad7425021714777632feb7d878d1602166979d,90971816,0.0090971816
0x67bd990409fc37724489d70165fac59c292d7f6b,620552425074,62.0552425074
0x67c33529741df96a1467c7201a97262cd0e6ae61,94709497,0.0094709497
0x67cabaae2ef4f3dd73c976f1fb2f00cb703507e7,9331989680,0.933198968
0x67d773662dbb3c8ac20f1cefad844ebc17332086,94,0.0000000094
0x67d7b3298585a7d978834f87b1897c5bc4fc434f,4922884800,0.49228848
0x67d87cc26b74f1757a4531f2644e4a63d2179d5f,3,0.0000000003
0x67e20712877b89f2984dcc3f62f5a80621238311,111767231,0.0111767231
0x67e7d3940160895f98497c514bf16bcceaa6e50a,65683708,0.0065683708
0x67ec7e1dee7d71c9c02ce1c803e0a4c21ab8fbf5,93794916,0.0093794916
0x67ee6e0fc4a316e9df9074c729d4aef81c69aa34,25052898,0.0025052898
0x67eea7a2e81f7228c98ea6ddb3bd4c4849a55554,8,0.0000000008
0x67fee773135979ebff28ca2e38879e450d8e0c12,19712702755,1.9712702755
0x680faf7159ff1bfa05b55cb85744f4f41da094b9,3,0.0000000003
0x681e9a660f0be6a8b2a81e0762d1c5f408109c51,7,0.0000000007
0x681ffd2bb65926d06f9110593be68e616bddd5a0,5,0.0000000005
0x682eaa8a6f11ebc2babeadc72405cb4fefddd95c,199999999999,19.9999999999
0x683013091a4530b8c5f1f91efacf5682603ed5a9,209047664,0.0209047664
0x6834c699f2d1d11488ff6dbcdfded00cd38812bc,517335324,0.0517335324
0x68361413a9a21e4848ba8ac248ab0a14e7456385,204697,0.0000204697
0x6837c97a63f5f46bb2cd65ea22ab69b3d0ea33ae,5,0.0000000005
0x683b7b5d523486fb23a175c52edfaa2adc3e8215,93026138,0.0093026138
0x683e4251932d1dd91ab0bcce9fba1bc173fc8875,97571,0.0000097571
0x684a28ebe9d978bf847f58f45fcf5ebc7d393376,9,0.0000000009
0x684c3ac9f9ffcdbf46a9ef05ff4644f119cb8545,2971816,0.0002971816
0x684d2eb723854dfa6fc68381dae184db3e9420e2,8859064,0.0008859064
0x684dc924470d0ee0fde2761ea9b5a4d0df13ad5f,70180969,0.0070180969
0x68541f794a58ce79a21f843745cc73a1d281ee87,1000000007,0.1000000007
0x68585f7f535abc29741c0abe7c6c400a12132b48,35715746,0.0035715746
0x685a01128dbdf7db4efa40613bf315191c3f5318,3,0.0000000003
0x685c99e8780e5a7f158617cc2e9acc0e45a66120,11442921897,1.1442921897
0x685fbbb78b3ff46637f90d40c55c89daed5c9202,57646566,0.0057646566
0x686ca89a8131253e06a26ecceaf02880ab344a69,23681252945,2.3681252945
0x686dacb09c87ffd6d77917d3d70de205eb341d8c,95740444,0.0095740444
0x68730779f36a4f1a3b63a2bd57a50544de849dc2,7259755,0.0007259755
0x687b3b234518a97a0cc8dad53ff7e45ec465801b,4455,0.0000004455
0x688449b3d1b832eff8543f492df3a215fee10de7,7,0.0000000007
0x6889417ebf34f2c066cb714d06be0c58de91eb0f,2,0.0000000002
0x68916ac770b8167766f4871812ce6400cea530f9,19990971816,1.9990971816
0x68940cd73408910eb271ddaa174d2226501f2a54,3322333,0.0003322333
0x689a81e645f7567d2a1fb0b01822ce21d42b1e64,2,0.0000000002
0x689e7720bf8a665bbae43da7648a48e4ad77a344,97307218,0.0097307218
0x68ac1daa12bcf5d0033cfca13e262bfcfa40aa7b,6,0.0000000006
0x68b6388f57cf22d19f84e7e9bb85907005ee80da,151574862237,15.1574862237
0x68b82f3292cc06b5ce3e282e780d9fc7f13594f1,11622930909,1.1622930909
0x68bf62fcad45ce2de24bfb65cdc4155b7502b223,43846536,0.0043846536
0x68c01711232a7357f5cd8302cde8a3649266af66,841294972,0.0841294972
0x68c245e03d7b91e1fb4c77d3edddfca561d2a2e8,96765615,0.0096765615
0x68c2dce03f95ab42f57e8dc2120b693b905455f4,98911393,0.0098911393
0x68cf18f7d75b7b9f5f54b85c2a6a3cdc40b43d40,4973544974,0.4973544974
0x68d40ba312976fa01d0c0c5cdca5a270640c9df5,3600000000,0.36
0x68d463a21c736bdfb8b690bc7351d93bc148a815,927551531,0.0927551531
0x68d6199583bc1b26d92806390ce22ba9620b773a,4,0.0000000004
0x68d916de46de48b77ae11cf3a119cf8a9d7b6f0f,158838154,0.0158838154
0x68e6e11df6e98cc3d93124679e09cb127d777201,53216421,0.0053216421
0x68f2b60a24661822033fcfec4631befad058791e,3,0.0000000003
0x68f7de23556f357a5a805cb60c957b9dd26b3817,3,0.0000000003
0x690336a2c81ad4c498aae75e9aa62f27d9c5030a,3,0.0000000003
0x6909abf9d6af3cb151e68774cf6095ab4964caa5,94682265,0.0094682265
0x690de173ebb25051c102dc66b1830edaf8a37c94,3301,0.0000003301
0x69172956a8af5d61d47bef87a392e0585f120b8d,5730,0.000000573
0x6927978c0ec621f8dae0d38d0e1da7676ed5fc81,977133301,0.0977133301
0x692b8da9fb64c7792bcb9b4e89134003a7619406,990971816,0.0990971816
0x692cde102eaab00970865a8d08496c83e6919563,84696,0.0000084696
0x6932c73b08bf09134d7e6a01831c5578e828819c,11816,0.0000011816
0x6932eaeb0478839c8898c885fd6ae16ef81eb0a5,9,0.0000000009
0x693aab205517852ebe544b9817609dcdf226b1db,4,0.0000000004
0x6944a534cccf4592bca4d13c6ad7b97e739c291c,760561047042,76.0561047042
0x6950083ca3d97dfec0f2fbf568d5c0cecfb03ae8,140796820,0.014079682
0x69510cfe2f49d81cc5c2db5713e4dfe899b11f84,5680,0.000000568
0x69528c13dcb9d6d5bcb68fd77f8d5498f841ffe4,10990971816,1.0990971816
0x6954196e60037905734bca52cd03ce994ff5ffd2,2,0.0000000002
0x696202fa15521c9886b8c29d5675369d1fd5bc9c,93378254,0.0093378254
0x69650589b793970885bd31a2d758823e8cdf627c,65226788429,6.5226788429
0x6969ed2eb6a9905b2595138452fdc418328d3f05,414921063,0.0414921063
0x696c817d6c3f56d1104bfbcb35dd1555177bbecf,31486114679,3.1486114679
0x696d181a7961ee66c42f1ebeddc0b48b106c45ad,76400501057,7.6400501057
0x69718eb3fc37d4db4059de69c87c9db2b67a4e61,12416124,0.0012416124
0x6974327ecd6d76683bd9f949b00bef59f2e9c1c2,3145516687,0.3145516687
0x69749682b389121b99b328ff543cc3d9953da5ce,96756788,0.0096756788
0x69765c27d7bd329da4437c97437d7b57efb077b0,4,0.0000000004
0x6980d18ac0c93da4062ab6bae66b3d06909540ed,117546413,0.0117546413
0x69a6d9b2ff3d7beb5b90638c06e8714dcba6d5d3,94711414,0.0094711414
0x69abb498cc6cc0ec4d61113f8ee650c91b98322f,92639299,0.0092639299
0x69b3804a55ab84f4ce6b53ba39f8cdea1b85bfa4,23467592443,2.3467592443
0x69b4605f179d959ba01f6c7320908745b24c4b9b,37735631,0.0037735631
0x69b698a95425ddfbdb41b926e0757feb4e67db05,181943632,0.0181943632
0x69ba7215747bf88d027e5a4d82a1dcc77c4480f3,30069829861,3.0069829861
0x69bd830ab8e2e9bbca80ee201ab1d2eb4052d575,8892771,0.0008892771
0x69c59c1751f0542f461931b7cafda56aab91a0b8,95741267,0.0095741267
0x69c8ed7c7849fbb6f3d3b0e2f089218788dfe914,4,0.0000000004
0x69cddebe2a4665906eec4d9c6aa7a975067653f6,85951635995,8.5951635995
0x69d0134a93d7d9e12a830b6c554efe0789b12c67,1,0.0000000001
0x69d01c4500906e4912fd810b98ad264f9c7f6921,212153171625,21.2153171625
0x69d1be401dbe7b7166696ce5f12717326aa133e7,11816,0.0000011816
0x69f236da5ca4570b7d403c676816db909136b74a,32862124,0.0032862124
0x69f2591dc72ee1d5818e72ed7c7fd1a279ab9914,71981943632,7.1981943632
0x69f28d26dd80f9c97b8d8c609744fd9afeb24914,78100000000,7.81
0x69f2fc7be93da2c3a5b81fa24b1500316d613502,99977133301,9.9977133301
0x69f4011b1c8b32ca7fb2dfb6d35ee44661e6bd82,100971816,0.0100971816
0x69f59e3019f27b4d5e2bd99a088df7e82d0c6f4c,4,0.0000000004
0x69f5ad6f4bcbe662a7bf7945b6c72cba74bb2b9b,92710130,0.009271013
0x69f8403dd13059038b7f76ac29ba0e83b3302983,1,0.0000000001
0x69fe3ec6d001bdbcd620500a87c25d24ba5e2919,277698955,0.0277698955
0x6a1588c07da2a6ddb54c1e5a1b4e9a89bcbc30f9,5571919521,0.5571919521
0x6a1dc0acb10121f732092f74ad123871cd77dacc,7,0.0000000007
0x6a1e23293b1dca9233fe4ab89551e4dd97c4629d,98911040,0.009891104
0x6a209a9487689fc6a0b0cae6b82e976c73e15c24,9,0.0000000009
0x6a26270fb41dd2cde71f342812e3b1c170f7ac9e,9,0.0000000009
0x6a2e60bcbcadc6041c2991a4381f97713e59c49f,15501806010,1.550180601
0x6a32651f7d6131a0cab2c649190f3b256f1a959d,726496710,0.072649671
0x6a3291293ef05e04c841fc8e829405c4a39f488c,174184626232,17.4184626232
0x6a3a3491670f5e227fb8fd1b584d07fbdfb354d8,12960423652,1.2960423652
0x6a42c3024a77d8331dcc748db37047e94a6a5a5b,1,0.0000000001
0x6a4a4210180f8491163ab248d7243ab19bbec3ef,11816,0.0000011816
0x6a4a5b7f9913575a1006acd77f6cfd6cc97df091,72388019,0.0072388019
0x6a4a85825a3dad66acac883c5a95f38b3246a3a0,3000113027689,300.0113027689
0x6a4ac22b3eceba9e29cb5abae1d82f7022f34e82,6312862680,0.631286268
0x6a4d25204b441cea17599e4463c59d58a964ab79,100000000,0.01
0x6a4dd1f07f942310d29611d24581a5e26d58e339,21099029,0.0021099029
0x6a4fcf19149098993fa4a855b90b221dea02831c,33277073761,3.3277073761
0x6a54a00e601603c72ffd0b0c34d398fda2bb3e6c,555376461,0.0555376461
0x6a54ce0ee70a4803d1430e20d90ddfa3d2e81f8b,10000000000,1
0x6a565b919ec493995d03dc99f92b8c51f9045cea,7622467,0.0007622467
0x6a5ad60cc0e54b794282f18a43a5485360b020ef,326750145,0.0326750145
0x6a5ea518ed6508efcc583085865e7a9afc4494d8,95787860,0.009578786
0x6a67a0e5265730952ed7dd648aed357c7444999e,81096742,0.0081096742
0x6a75b3864a56e91fe72d9f713786cdc395bace14,9,0.0000000009
0x6a769a5b61c0e8829730e85129734dc3f61200ce,5,0.0000000005
0x6a780c771281322c8e0bbab55b935c1bb70f66ec,15418055868,1.5418055868
0x6a7ff1ce957beef39ef96597c9866bf0128df11b,1,0.0000000001
0x6a892f0e31eae15f0e85508525994409b05bd231,9977133301,0.9977133301
0x6a8aef7648dc366139f7d9bc199e18377606c083,7,0.0000000007
0x6a8d1e61c04acd7ebc6fe818f4bb7c7feaec3ec2,114773937600,11.47739376
0x6a91732a5aa0ecbfdd591d5d5989c74e05174dff,5279440190,0.527944019
0x6a972e84113323da9e4e736da6ad217e37caea1e,19899205495,1.9899205495
0x6a97c0a92b03132b8b5eea5382e9bf298ec3ad43,72023679,0.0072023679
0x6a9ee32a7edaf29c2b6246448fb40861a48d2130,7,0.0000000007
0x6ab079df6d9f2e6cad08736bba0fb8f35cc0ca40,308585314,0.0308585314
0x6ab9f25f45a7f10774d42ad87794f3e29977922e,1033153940,0.103315394
0x6abcb12f9b636f6edab1b17981cb9ef365b09cf2,24308103,0.0024308103
0x6abd3efd5506c74c6471483a85c139e2cfec8900,94965502,0.0094965502
0x6ac051404e8947205f24b5d543533d0080d5d8e9,1,0.0000000001
0x6ad576af0b9a340f937882a2c68c69832afd0a9d,5,0.0000000005
0x6ad6cefd0832811c5c2fc01c3f6637d38b82faeb,1564564622,0.1564564622
0x6ad984f5edbace7c1af75d36dea18d36c8c2286e,8990971816,0.8990971816
0x6ada4caf6c937ec4e4c118f82173be0175180662,95736238,0.0095736238
0x6ae27d968966800fe2e818dc0bcf1cb93283c43f,51155685439,5.1155685439
0x6ae2a81aa38f504fdb6b850578119a0e0504bc16,3192343510,0.319234351
0x6ae2a8b23d2dbed28fce6bfbd0d4cfc15b682cae,90971816,0.0090971816
0x6ae4c9220b9f184c9ce743063e7c026b20a73dcc,1587862029,0.1587862029
0x6ae9701b9c423f40d54556c9a443409d79ce170a,815002658778,81.5002658778
0x6aee65b4068244e358c10e1ce59c57f603c42212,48639497,0.0048639497
0x6af43779df157eb830812a7cddd1491bd6f84ce3,100000000,0.01
0x6af5def392751517e4c0ca4aeba30ec1a8c3beaf,10000000000,1
0x6af76efc7dca83f24cbeb05e28f9f6224812e856,19848797,0.0019848797
0x6aff7dbf0ef5386d9eee2dbe8bed3f7ce395a76b,57953309349,5.7953309349
0x6b0ab64ba82dab64130fcd7dc1e2f803f7aef730,263006092859,26.3006092859
0x6b0b103862524acdbd17d3cb5fd0fe22ec5315bd,98571518,0.0098571518
0x6b10a148f7236f761c167038a5a13cd0010cfb6b,11816,0.0000011816
0x6b125d50e801bfcca0a1eea93561b79deac96638,17973544974,1.7973544974
0x6b174b2f42dae970fed64cfa61cd0b993d59ef66,7,0.0000000007
0x6b1eefd15c817e2ecc40081d2117a2dba2a4a65b,28395,0.0000028395
0x6b21ba2f5d91fd84f5a8422d6552a1b91a497a7b,90405365,0.0090405365
0x6b2c71bd819fdee4d58ba110544ee91b052ce157,261457677,0.0261457677
0x6b340cbff1be2bb4176f99cb16421cbe1107effc,9,0.0000000009
0x6b3b277a1832bd5dd14fd75737b86d1b27ca6ace,95308047,0.0095308047
0x6b47a326f049f0c7c7666f05631106daf967d64f,488971816,0.0488971816
0x6b4a065d88401be1ef1f689aa97d51313bdecc50,2485444166,0.2485444166
0x6b5185a2cf38a12dfc1054f04c98846f68ad6c77,2037,0.0000002037
0x6b529ae58fe8a585ef5eefd3140bc299050fd516,11696336,0.0011696336
0x6b535ad9c7eec47c6150c88e9ca70c69ba4d2f60,99989412,0.0099989412
0x6b5a9453843c7feaf9e4b874842d70b09efdf037,18051871,0.0018051871
0x6b5be9e00b376e14c1d79a4bc3bda7a284a42ea6,73997,0.0000073997
0x6b5d6efa6d1b8fc57f7290c027c3a322bd02fc5c,194127827276,19.4127827276
0x6b5df5b6c32babfb77d457b4fc6e6d4d3fb0d962,749311412,0.0749311412
0x6b5e7c999e8b230077185ba59912453d3830db55,5787427,0.0005787427
0x6b5f24ebf6d1ff2281b4dad8f19d7c66c6a0fba6,492883992,0.0492883992
0x6b5f9c1bee73a39692e51a02809ea51819066b35,12795279,0.0012795279
0x6b70e975f7155894e75ca52f5a1cccd885b9848d,64194162951,6.4194162951
0x6b74efef4d26cbcc993b6907583e0c9c94d8a8b0,4,0.0000000004
0x6b8b568796c45397c5fbe420c4838dba8bf9f7d0,92638104,0.0092638104
0x6b8cb095c5601c8721a5ef521eb7983be47791ca,11816,0.0000011816
0x6b99b14cbed12e1f2b8c70681cce0874e24661ee,508449112,0.0508449112
0x6b9d4a8c2afcce617f9f8f15b452eae5a089b6b1,85800716,0.0085800716
0x6ba259fa9ff1ac96d8af74f005a28c798f2c4e4d,23905879,0.0023905879
0x6ba5d5920106e2508a4e3b1b5918b87884536d7a,82552400000,8.25524
0x6bb200b706ffa1665127877a11588221c49d9eed,105444982620422,10544.4982620422
0x6bb5a049c7ee43a46077e0b2bf588a48986db2a2,4,0.0000000004
0x6bb81f36e612ee0420f9ab205d16e428408dd42c,592086159,0.0592086159
0x6bb9e127e0a68f1644a873208097258157bae49d,488971816,0.0488971816
0x6bc046a71fe952bccb57af70745fb3c6f5093b67,449045164,0.0449045164
0x6bc08ff625fc4841f1e15775f06a1cf8a04027a8,32570,0.000003257
0x6bc1b13a800786455d6228be976c827d5380b6cd,11032486310,1.103248631
0x6bc527c2ccd578f1cea78d9427ae52eba2cae570,93769084,0.0093769084
0x6bcfd93879597a7cbf492f335139ac5846d83065,181943632,0.0181943632
0x6bd59749065f33858cbb2c635a0baccf14c28116,7,0.0000000007
0x6bdaafa7b66f81fbe952ff5abceec8c3132cfeb6,990971816,0.0990971816
0x6bec0bca2f15876f675f2c38958ff986551e4db1,5,0.0000000005
0x6bf26453da0f976efc8fa72691a425bcde714403,8767018,0.0008767018
0x6bf503e9b07e8c6fa8bab3ed0ef93bf013f09fdb,5,0.0000000005
0x6c015c767be68c2b2f9d58c87718c161efbd36d6,1,0.0000000001
0x6c0bed9e8cbe42fb04b248a65dfa77c5f8495b11,515908320,0.051590832
0x6c0c70e2eed2fa1aed0b72b68e9e8917dba2a0db,96308338,0.0096308338
0x6c17a7db03935b9ea7af4d26fba9a4a468db50f0,8000000000,0.8
0x6c19706e090f751028bf747d719a8ed0bc4bbe9e,93530073,0.0093530073
0x6c197f3fd570501de2f3090be03fd2a819a7dec5,2990971816,0.2990971816
0x6c1eb47a9997cdfa099c0aa2a73b3ccf4b0e2e24,93768144,0.0093768144
0x6c224f32f876f0ae1be3b3581dc1b0e1319fb7af,90971816,0.0090971816
0x6c232230f5b4141208830ed4e8e85e0af5db4e67,48827444158,4.8827444158
0x6c23a971cd441e9df563632ca5be493f258a0248,33732490621,3.3732490621
0x6c2818fb183360b3df5605011f11cb0a7efaca85,142,0.0000000142
0x6c2f9ef8da710871934aa08b59d6ff158e67fecc,381323431,0.0381323431
0x6c30cfb7b19f9b5a8387a8bbff2cc60ac1909c04,4799962876,0.4799962876
0x6c36b05aeafb0f7ed2b49c3643e3e0eb264d5adb,500000000,0.05
0x6c390d8e91761569ec9645ed71149bcad72ac2e4,381295584,0.0381295584
0x6c40a42b24c82d10bf0fc65decb9ae6d73346d9f,11986114679,1.1986114679
0x6c439cf1871fbb4b83c4227b8e81ad886692209c,4,0.0000000004
0x6c499efafff5a17a51a504341124fd5bdd3a779c,1,0.0000000001
0x6c4ecbf0f9fe94857203b6f75f1c5d5fce2e2ad8,202715503,0.0202715503
0x6c59894ace6b84f74cc067d971429472937abd88,876111,0.0000876111
0x6c5d9361def4fd92b04bf627c02c50facb94278c,82121621,0.0082121621
0x6c5dffc002030203c722c74497b5348eea54944c,78487,0.0000078487
0x6c6280699c9fd3c213190102ca89492a159a5f9c,464465026,0.0464465026
0x6c6c303bbd0208acbbb09bebaa5e297d531c94ca,440965,0.0000440965
0x6c6f01e5c0edae0bef723211e11de919e68a954a,2,0.0000000002
0x6c6f3d5b2cd41571c8376cdcf097488b8db10d48,3,0.0000000003
0x6c7058ae5df3e79741dedabee3304f144d82a993,2725769753,0.2725769753
0x6c708dbad5c0383d34334c6c6eeebc6732b1a4f0,9990971816,0.9990971816
0x6c7103be4ac59871c5bdc9a7d9d343c7f1611320,3,0.0000000003
0x6c7e7fbfa69f4b5a5ade1c27bc74fa4290a3b8a3,200939676988,20.0939676988
0x6c7ecac9d6c392980d58b594aa458b7b45e77471,33619356406,3.3619356406
0x6c80554c66e6a3ba8e60a79c7d8b1320f8eada39,236089,0.0000236089
0x6c81f423b9165b1b1d75b5719738fab022c59bc6,34417853,0.0034417853
0x6c88925c3e07e43f3817f5fa90be92a0ab2ca984,92537020,0.009253702
0x6c89ab176c3f11e921443941d3ae7a92a7720da1,4990971816,0.4990971816
0x6c9e65cf9fe46bbb359d02610a14e05a9bf31ef7,32390211900,3.23902119
0x6ca1bb2f2794e64ef4d2b20b8307de041a384627,95311316,0.0095311316
0x6ca46f42ee75f8a46188420e6b2956f0533b1560,1,0.0000000001
0x6ca61ec26ad476b0f61cf74a298cd51d285517a9,5900346,0.0005900346
0x6cabf068cf43beccfbea0ee0d939988c83fe596b,2,0.0000000002
0x6cad568a42698e6bde8a414262080a301082f821,4662782059,0.4662782059
0x6cae23e582bbafd51b67ab5e7ba755aed1e5dc97,499486664006,49.9486664006
0x6cb0362cda970a8ae79ba10cb524c88c4b3a2968,69644817353,6.9644817353
0x6cb56ddaff0755083e7097c99f99182d946d527d,177246596,0.0177246596
0x6cb7c395677d108b34ad95f8b7e418be864e2c63,283720491,0.0283720491
0x6cbd743d9b97da1855e64893d3226f8edca16e76,20688947967,2.0688947967
0x6ccb9c69b6a519cf38f72e111ab7bbcf457f9502,1129119889179,112.9119889179
0x6cd882b6f2f3b44fa2c02f38838be0fea7b3942a,7990971816,0.7990971816
0x6ceb1af09fd44670ad3715bd8dc340aa74f90603,90971816,0.0090971816
0x6cec3b9cdce83e70915f90113f83dc78857cf9bf,3,0.0000000003
0x6cf2b0dcbc0feb2f6c4c8b4677d9a6d7783adb3d,19990971816,1.9990971816
0x6cf2f09cb59cc2ad67ce0a907203ca2da3706341,73544974,0.0073544974
0x6cf490f1e6b85da126c9eda2fcafffe93f6bb6bd,9986114681,0.9986114681
0x6d0502622d10eeaca270fa7bcf56b93c4c193f9c,2,0.0000000002
0x6d1613e905533984417ea490fb55814499c66150,6,0.0000000006
0x6d1afe57141eaf3e99d0a49e6563409baff240d0,33301,0.0000033301
0x6d25a1e9e176ab058e0f19e67bcbcaac2be96fa9,3791008414,0.3791008414
0x6d29e934c2744430fff993308e31f853878ef7ee,1034256504,0.1034256504
0x6d317738c9c7fb325cc3df0556873502c76cd760,42322849,0.0042322849
0x6d3f150785727e573608610ac45fd8d9074353a2,926754469,0.0926754469
0x6d433c3c4a0e7e69ed4584564ed2b12803c63766,101070269,0.0101070269
0x6d480b171d93bb393cf6ac1533572ef5948f9e80,4990971816,0.4990971816
0x6d4bd395801389754c4d8ccfdf419a59bcfa7d96,95740537,0.0095740537
0x6d4fc71819b1e418a02c3b3dd345a57d6eaef719,22125674,0.0022125674
0x6d6166818a41aed218916a87605a16c25813ee8d,662209565,0.0662209565
0x6d66bf9c45e0b1ba1850d71b10647a1b6fa09034,95307983,0.0095307983
0x6d6f55a7683b76e5fb690dab6aabf6bfb84a8a5b,912401968746,91.2401968746
0x6d6f646c70792f74727372790000000000000000,1215554243,0.1215554243
0x6d707989cb9ad9229a034c88a686fd3243f4af7e,9,0.0000000009
0x6d733db6052472e1a3b77d72fd5eb9992b7984f3,599445,0.0000599445
0x6d7aa335c95c4b0613733f56324f90e098a4317c,9,0.0000000009
0x6d7c50291db004a2cf9da5ab8378ff182365e909,6,0.0000000006
0x6d7df78d6d9c9c6186c5b3e04575724e776fe160,5,0.0000000005
0x6d80f2bb18ca08f3067c40eda7e849026cec19df,21981943632,2.1981943632
0x6d8331212de575cc25ed90de00a18e82419d1cb1,3,0.0000000003
0x6d86becb817cc5462f3eaf919bcc848773f1fa72,130077932,0.0130077932
0x6d8e720c0ff6e1bc4c92032c51fcd66cba58bdbd,29732105,0.0029732105
0x6d8f5e8d0f2165e8a756d98b4a12c23cda12dc91,10971816,0.0010971816
0x6d90c9b8466d9d6f6f2c04adf486f96bfbf19449,15106891,0.0015106891
0x6d9d3ddfd02d77c3e97ad4f8e99e9c49a7400ab4,95741277,0.0095741277
0x6d9f16728492fe944b2aa91ccf67bb1b36adc5a6,9514664,0.0009514664
0x6db4f5e5323045e72f989d53a7e36f83beb6ae40,289401451245,28.9401451245
0x6dbc52edd2bd892cab5ae3205f77964d4ecd0b3f,10202091,0.0010202091
0x6dcc771ca702504bab3ad2461f866e85e7e6b964,29986114679,2.9986114679
0x6dce39a2c19825907a12715087b73a8e38811d82,2986114679,0.2986114679
0x6dd0c5b278a2111aa828edb8e695e40b2d5dc6c7,544974,0.0000544974
0x6dd15fc6962a8655217327b422d42c67e5e5dfd5,421729521,0.0421729521
0x6dda7ef09c05943e6115419946f01e1619a9c968,9116089,0.0009116089
0x6ddf8966242ab9db856347628dc96688407b9cd5,760320182606,76.0320182606
0x6ded860012cbd371baeb685b975bc4c254b669b8,599562,0.0000599562
0x6df4a4dc72a3131cbf2622b7d867d1e91bb3d59d,9,0.0000000009
0x6df5da29ab6a2e7067e13324b68d703cf309e9f2,5,0.0000000005
0x6e0bd171e6c29c17ed5fac5b64316f5b089bb16d,808989,0.0000808989
0x6e10f04e060a3130ccf6cbcb9de7b858f4ab99b7,381298833,0.0381298833
0x6e120c1f47b90e98c2ec9dcaad911e757f33d371,1,0.0000000001
0x6e179cf3bcbea6fef1f841f36ef863d6685d2b35,5,0.0000000005
0x6e1c5acbabaf0b3c73d4412c17c40d2f1d2e183b,241024,0.0000241024
0x6e2429df6e03558ced906a9b2bf7c355a0802a95,677,0.0000000677
0x6e2a6f224e75cbb624252a022ee27501c355d08c,86,0.0000000086
0x6e2b3cc1964747538a7ee0b1e3a1a2c1ed094392,8231560076,0.8231560076
0x6e3711e6879899a0b50b77422ee29c8170bb9051,95311309,0.0095311309
0x6e4ce110b880774450ef884bd81369737bef56d6,1017962756,0.1017962756
0x6e56f9ec89728ecdc1537a2382229bbfbeba4724,8,0.0000000008
0x6e69e29cdae9e82a9abc8a8d8b7953d8d8e4d6a5,20634922,0.0020634922
0x6e6cd548cf03acf14f83790bbe748b79c081b8c7,2720193495,0.2720193495
0x6e725ea93c7ce93a52c6f75f8abae94f10a478a6,1046567043,0.1046567043
0x6e7f861af505bd57f9a935d2ddcea6b1dd1323a5,34977133301,3.4977133301
0x6e85ae98a5a8970d0a22778474658b0b269f6562,77288881632,7.7288881632
0x6e868846b2182235c16fd122fcd44739e55a58e4,25574917378,2.5574917378
0x6e869bf6ce865a406244c586c2176368e60b3978,4,0.0000000004
0x6e89f971cddef916d718224352e7209486b987f3,94713673,0.0094713673
0x6e8d1d3d5c7709bd9d7f2aa15de56f8b434ecaf1,144455804568,14.4455804568
0x6e8e555d5f893bfb3e815c3c200c90a90df84a6e,11990971816,1.1990971816
0x6e93aea0afd53675922210d461427c95c8a6b0b2,117688383,0.0117688383
0x6e9f47ffeaa2e5a2a5b8759d4de7d4b1df94a69e,913484800,0.09134848
0x6ea295e060a373d2a5bf93ba4212d71e859b7896,16986124657,1.6986124657
0x6ea6a67b1d4fdf28f4a13e883b0e31856e60fd37,1981943632,0.1981943632
0x6ea716ef1c2fb52b9660aafdc61a99eaf6d96f14,14116469322,1.4116469322
0x6ea7965b6e64045f0b709c50383b23eb03ad5b9c,14012991036,1.4012991036
0x6eaf4aacf63b99d75fe9316ea247efdd8f131771,45377110,0.004537711
0x6ecd2bdfed2f9468433d23728d4ee6ff0b162040,7850431976,0.7850431976
0x6ed1d4156f22b948dae2d3e090593ba68df3ddcf,774844745,0.0774844745
0x6ed7e999c79263cbe017bd5edbe55cf50db43029,27607385913,2.7607385913
0x6ee7ddc5d5ec73e2eb6f06a58daae87f8cb4cd6e,98573816,0.0098573816
0x6eeaca66a220c25b3b6e3613aa51e2607a9cf4e4,6953550780,0.695355078
0x6ef2d7839036e9d6b77e2e56530ba90b03102c43,2383283818,0.2383283818
0x6f01d88f39f59df4194994b4d3078498dfa8605b,2215,0.0000002215
0x6f0b5e7681236e7a39dba9cd9f19d845dde22b8d,502404434371,50.2404434371
0x6f128150b5ce81cf83341a90e9e27710ef338dd9,4,0.0000000004
0x6f278ce76ba5ed31fd9be646d074863e126836e9,59945390,0.005994539
0x6f2951d1f99027a579df7d102a98e3e6010b358b,2,0.0000000002
0x6f3064d973c08dd9c88d43080549f474e5827d71,98865976,0.0098865976
0x6f4599c8f563d65e842674b76b224011b221b0b5,4,0.0000000004
0x6f4ad19afe42210988bb1fbcd30f98f101da4ffd,59120746,0.0059120746
0x6f5b35781bd45d15f4153c8a96a2ca5172c0d2b4,13981943632,1.3981943632
0x6f5f79b6e3149fa9c09aac8d7825894e83c44cd3,3696149281,0.3696149281
0x6f613c1281bb879e23e690c0b5956718f540eb87,439335,0.0000439335
0x6f634964236572d1ef2015b619930edb6e59fc4e,106567398,0.0106567398
0x6f6732bf48e03a97a04a8c6c7c514863452d9c98,5,0.0000000005
0x6f68bf57066fd0ab09f6bef9634f4bdb6612fc53,18134610296,1.8134610296
0x6f6d118d536d2efa3a8ab10ec49de5400d42e17b,92589344,0.0092589344
0x6f78715467183fca5173efd6c2e1fee8d2e1f248,6990971816,0.6990971816
0x6f7a7f13e13376ca076ac514d1bec3871c307b7d,10052340488,1.0052340488
0x6f8064293713ff7c93dd7a500147c3d175104453,381975234,0.0381975234
0x6f806dea92ae45fc3f9d0907e42270c34bbdfa9a,15680048,0.0015680048
0x6f8234dbc5476d37d1a3e97e17d014105bbc4a87,9,0.0000000009
0x6f9518b5e6f9ff8782796221d0f64289cfc49649,19771518,0.0019771518
0x6f95610a0c37d87d687f7ce3a6cbe47c58ffc99e,15627301534,1.5627301534
0x6f96aea1b5c55618199c4c4d0395de2f80625c00,70915448,0.0070915448
0x6f96c62b75c232581f2b5aad244dfab8eed4c112,642929787197,64.2929787197
0x6f97ccaa587bf6374f34c2b0abb2df1eabfae374,3,0.0000000003
0x6f9bd36edeb22c9b0b0ba7178ea004221238d62a,9,0.0000000009
0x6fa5c21fa08558444c8cb6c7eb8cf9dfcdaf5a8b,4,0.0000000004
0x6fa776519c152692d0aecf7732e02f159d19db32,599444,0.0000599444
0x6fa80dc7b4a88f61c45776ef5eda422f36d01193,92835874,0.0092835874
0x6fae0036f812a05d95c1bc2fcb847ea5c515ffe9,11062837,0.0011062837
0x6fb0f001ada93d5b24c8e569124c1b945d16f035,100971816,0.0100971816
0x6fb12eb805cd3a5308931eff063cad902d14fc23,21324806465,2.1324806465
0x6fb5c03b8d96c174ba7eb618cf103abb58d00d65,11064794788,1.1064794788
0x6fb6853dc9a36d98d415f9c68c7d2fc0c55198e6,63971816,0.0063971816
0x6fb702180e774de0e206520da20828a414cb95cb,3,0.0000000003
0x6fb85124247b0a452f5b11718544ac6291dea537,381206079,0.0381206079
0x6fb8f81124dd717a4e2b376b203f416d4adf3584,92544974,0.0092544974
0x6fbbd7d7c066ae07c64d801915d50803f7af5937,2971816,0.0002971816
0x6fbc8110f8e43a9ea7985588e3f6c6f3105fee55,281042889,0.0281042889
0x6fd2991b74fc8fedf31e089474b168625d02d071,4,0.0000000004
0x6fd31dde1245a6d334e200c825c6777f31bdabaa,8,0.0000000008
0x6fd6e9315c5c69c272b6716728461939312e861f,360754036,0.0360754036
0x6fe1fac8fc56cd099f74d11ba95cd550376e7c7c,59310988,0.0059310988
0x6fe25b63b1895baa80818af56e4bff9b313280cc,2,0.0000000002
0x6fecba87007996468d0fa7d6fef58ebfe7b500a4,5660859676,0.5660859676
0x6ff3e568953f6e3dcc167447a97496e924b05337,253901230325,25.3901230325
0x6ff56f077766b24749c186a17f2b4dd098a75aae,1973544974,0.1973544974
0x6ff7ceb239764332b96d5ee1da3ea28979fbac0e,32828631781,3.2828631781
0x70007ee028384c4609c1d9c0e145db41cfd69b6d,79,0.0000000079
0x70095739f960262875d5519e09daaac0f3395c02,8594,0.0000008594
0x700a023f22c4a4fbfdeed3d00b951ef8ea932be1,11812041937,1.1812041937
0x700b581d598cb66d3350a5a133c8528916a10646,50990971816,5.0990971816
0x7013338fb56e16395437cc708a87993be3e86d0a,395798189393,39.5798189393
0x7013ae8ea51460dd1818b2d7abdb4d022ae070c4,3000000000,0.3
0x701630bfabb78b1607c145bae3af76c52b2c0955,1526431043616,152.6431043616
0x7017eac2f40765e1323677843c3fe4ca987b77b6,599115,0.0000599115
0x701f5c5d078aef205d87a5fdd93cdd3939fa738d,225206,0.0000225206
0x7022e6310f7e3b94cfcecd647847f2aa56766999,631,0.0000000631
0x70250a37a729f6eddb4f5d0eceac5e97e458f701,90971816,0.0090971816
0x702671438a06d52a22db4311dd0e706a563f760b,90971816,0.0090971816
0x7029bfa9a85ebf4653945be520dc3b7f1181f4af,6127189,0.0006127189
0x702f89dbf1f7efeb3c0a5f93e7b9a472f68f9154,549567179,0.0549567179
0x7031588bd44cf1f70f182c0b00e3d0f22518b5af,988280835,0.0988280835
0x7033ef33676353128f081acfbe85c33c391d0c0c,639339256,0.0639339256
0x70417d88c41ddcc9840a482d7c1c4eff6522bf39,20172449,0.0020172449
0x7049aa8def3aa1f7d9b9ce73ea053f9f8aa5a827,901832097520,90.183209752
0x7052bfb9cf12c029d7ba0be392abd12e2a440be3,1,0.0000000001
0x7056083cd15d91adcac990cd0ad76df5bbd5ba0a,6,0.0000000006
0x7059df82d93aea2a02b9b137a028749526be369f,13951360305,1.3951360305
0x706196b08ea99ffb13d35123b9f5369edc5e5f87,76500878,0.0076500878
0x706c7268368a50bfe1dc31f2cd12d5ee8b525c26,9886515801,0.9886515801
0x706f77ab4b1b7496bdfa89255fa5b68b85ff4523,11364876295,1.1364876295
0x707490a62d83217fc3f74ff172a67062299a839b,95740422,0.0095740422
0x7077545d42222acccfcf4b51553f35a8ac42d6f6,91488460,0.009148846
0x70796e8deea0cb8a962917a22c3883f0f595664b,14542125674,1.4542125674
0x707b19961eb8c1f60e8ba09138724942e0e3b3f6,11939385288,1.1939385288
0x70834a1f67ccf2ec7fd11e1e708483def5d3de1e,67,0.0000000067
0x7083609fce4d1d8dc0c979aab8c869ea2c873402,10000000000,1
0x708621fea6a3e127f775886f4fcc5a7edc6cc736,85333888337,8.5333888337
0x708a5e347370ba0874cef5f66954fecabdbcc46e,427082564,0.0427082564
0x7098b6ada2b3bd9c6831ded8ba30e47c309c2d6b,740967377843,74.0967377843
0x709a85171f0684cf63f7a94237b99184363349b8,1300971816,0.1300971816
0x709eb093b0f27c4233555e066a6f4db5454ee43d,599479,0.0000599479
0x70a4fba9e6bf6bd5cc9c5b889af99dc9d9043095,93768722,0.0093768722
0x70a6bdb41debc842662f7d6d921ce0214037012e,94708015,0.0094708015
0x70ab103f15c1495e9c422da2730988969888d434,4737,0.0000004737
0x70b1fdfffb53deb7fda62f5ee1d76e83d10084db,5955328113,0.5955328113
0x70b25e9b6b891a70f04e08286d7a05f8ddeb0518,971816,0.0000971816
0x70bbec99f8d18e047b02ad11f3b8fe449a7f3a68,5,0.0000000005
0x70bda66c2aa664d9161dc2ac82e10ac3e6da40f0,6,0.0000000006
0x70c35f337930c4af62b525458761334d7f4a81e4,551106299999,55.1106299999
0x70cebc7437e124e77bb5e7b075db993a53f762c9,3671816,0.0003671816
0x70d2e2f684f6b5a2aa6272739f4510cca9c8ecb5,90971816,0.0090971816
0x70e382cd6d6106e96e15a5c90d40afbf32902e23,2357327453,0.2357327453
0x70ef85807523536a2565a0e6cfb932ed975ccfe4,36338533,0.0036338533
0x70fbd84dc7b1623106181bcbbed5a51a8c4cdea9,684351737,0.0684351737
0x70fef143ddabb9c617cc40ace7e743414f1e064f,93529545,0.0093529545
0x70ff928d4aad4d2bd0c79ff55750aea4d03e2b16,197732,0.0000197732
0x71078189ff9057e2256525cf9b37edd6fcda720c,6,0.0000000006
0x710c11392bf7c1679b8a3e44d7f50b1df224532d,2437186786,0.2437186786
0x710e6c7a3ec994723f054f6dd6d68444a2149406,94682268,0.0094682268
0x710f125c057c7ba92ae1865c47232e3fe2475532,52458519793,5.2458519793
0x71182945ea78ae4b0f9db29c5468279443fd24c5,117482060,0.011748206
0x71234f33bbb30cda251d89a4206bba07c9f19561,41715616881,4.1715616881
0x71260249c3e137a4f0a425b31f6d99d31944cdca,570000000000,57
0x71269b2fed56cfa9217b96706a8605412d462abf,1,0.0000000001
0x7129761d8de5c117e1dce99e0fcdc05d8d119617,1001649358,0.1001649358
0x7129d72b384ce452805897485de9bbea3bf525e9,8,0.0000000008
0x712f51177e6619d04f098ed9fe187e9042226d47,92455712,0.0092455712
0x713d799c3e27366a228dafd0c954d49ca9c8ff09,11816,0.0000011816
0x7140fc817b45cab60fd4df7ce90f2f2d2ee3945e,9973544974,0.9973544974
0x71455e3ce9a316e3ae78e263bd45f2d38241e830,13368202295,1.3368202295
0x714816133d78372a8759a9e9cb6b75d2596f045e,1668,0.0000001668
0x71501c43403dbf06d9546b8e498344f47d2b511d,599445,0.0000599445
0x71571c42067900bfb7ca8b51fccc07ef77074aea,349261524,0.0349261524
0x715a0153d6166646845fb502b8adab8ea0801c97,9261,0.0000009261
0x71608d3e66828f427f00512b33a8a449047c86f5,8,0.0000000008
0x716b894263fc2262f59cc066558bbb7387c37a48,2413614,0.0002413614
0x7178656641ba3cb99bbc15420cc13921796edee5,11816,0.0000011816
0x718144fac1a9f546db425ca264c81451968bf092,5821160051,0.5821160051
0x7185ceb23c88c4b8b94b7a37b8cd07925df49ac4,947089948,0.0947089948
0x71a240f4ff7d2aad954c8c748f5f2f387f5c08df,2645180948,0.2645180948
0x71a26c6d6a608814bb97b693861208949a88a617,35537602,0.0035537602
0x71a5eaeab6082a16447966d95369436bb38fa9a6,178672940,0.017867294
0x71a9d5437f73feb65089b7fb9b5766eb06fa0db0,895465000,0.0895465
0x71ae2f25f3b8be836d3703bbaecf6ebe6acdb86d,7371,0.0000007371
0x71b01d922f08e7b14f2c86fe84058b196ab5e1e9,1000000000,0.1
0x71b60dc2675dacfd8f2daafb04fcc1e348086a15,240965686,0.0240965686
0x71bc177caf72940000d2cc7ac922e968d9829de1,6,0.0000000006
0x71c02a37418688c47bd5bce3d6b1aaf25f85403b,11816,0.0000011816
0x71c1adc34cfb96a9090c9db6d1b37444b49433b6,10000000000,1
0x71c1cfb6e4500d9499c45001841da8317c1eea26,9915994840,0.991599484
0x71c4fa6a4fb81f67b670b06ddc44de24ed7f5326,2970550408,0.2970550408
0x71c6329f83b5315ff1b816b611d6d3c318502618,11816,0.0000011816
0x71c80bbb8e2a79ec26a52123b3c3fc0fe9ea699e,697482392,0.0697482392
0x71dcbf17822e0c646be53736b7684b529e565a1e,691318497,0.0691318497
0x71dee4ed50dcfa0b929642433646c085e413cbe6,8981378,0.0008981378
0x71e1aba653cc4aa340274ddeb2608ab5ba97529e,5,0.0000000005
0x71e4f0797d621d115a7d6a0630de588178645e13,150000000000,15
0x71e54d88d862611e42eb62fe31c3d7ad6c999a2c,2890030,0.000289003
0x71e78c7197eee4ab2a5c940477383b89bfb7c5bd,217750131506,21.7750131506
0x71e7d05be74ff748c45402c06a941c822d756dc5,22627286915,2.2627286915
0x71e8eb97f3ff358d65f23b1141bb0bbe432446a8,608883941,0.0608883941
0x71ed3d83c1f42be494757896217d19c931148d40,9968,0.0000009968
0x71ee274716763a6f1a4b388b30d40b79d0455dea,88413,0.0000088413
0x71eee4f21974d83e5fccd5222b4698e60925e148,97732,0.0000097732
0x71f71da09e81252fa908fa64fc6ebcb7c2a130c2,762370627,0.0762370627
0x71f832aab8fbf68d6ca99d869df36ac34fd7eed8,840,0.000000084
0x71fb48f6d9b023b095efb392a1da359c873a0d46,1341645385,0.1341645385
0x7206ee7beb0489c688914ccef39f1aa7fa9a988f,58692244409,5.8692244409
0x720a7ee5a3e05a035573297746349353dd6cb6d5,68624054981,6.8624054981
0x720b0b907036b3c00e91c7c0c185b5dd9e882a1f,50495959476,5.0495959476
0x7211490ee933264050c1f9c0c8405e51cf6003c1,1211113019,0.1211113019
0x72133e94fe6046e1842741884495a301c6f3da55,9,0.0000000009
0x721c7fffe9ac426a028e616677811f755fa99eba,2049198175,0.2049198175
0x722291c7e4ad94290c49c9022a71bec5ecb809ad,96308342,0.0096308342
0x722e895a12d2a11be99ed69dbc1fedbb9f3cd8fe,551930,0.000055193
0x72333bb9d45802aeeed981a4de500e61f39e4f48,90971816,0.0090971816
0x723c6e69cdb8bdf5af3fca8ea0b593a64f6e776c,9179618,0.0009179618
0x723d1c510c8a3dcdaa279181f5f3c0e0826b51f6,2,0.0000000002
0x724068a5554e8469ec69333bf940deda895ffb9d,279897444,0.0279897444
0x724507bf408b691afa12cfeec973377cc3215f1b,93769111,0.0093769111
0x724c8d832ecf36f4d0b7fc20367033e9f43f91c9,31462889,0.0031462889
0x724d6b01328a044086a1c929252426b9f8d260d5,581572586117,58.1572586117
0x725a2f388c33da6b7d4f71ceccc6e8f559c8d8a2,5,0.0000000005
0x725cfb416801c5cb73d3b00a47810600158bd05a,1917,0.0000001917
0x725f10c62afb1dd04072e0873f6ad4de707898a4,42922184707,4.2922184707
0x7265b13e08d9066678eeb454ed949f75b3f8f1c6,4,0.0000000004
0x7268b38e20bff4857aca76ab523dce7a0dc43d6a,3498410,0.000349841
0x726e806ed8f029321025bc41a0c060aef6bda6d7,11816,0.0000011816
0x727554cc8cf2533e30a5f9f26042f7f8afbb1940,77028232,0.0077028232
0x72788244f8b77408e123e145ef2d7ccb2528a007,10971816,0.0010971816
0x727c3e07d2797d8b6bd6c0eaf4968a28ff51860c,4,0.0000000004
0x727d1c2d570da1de067cfc6b42f15be9eab3ba7e,7,0.0000000007
0x728117e5cf41714d1db2fc0d7bb076a8b0acae46,16466534929,1.6466534929
0x729e5d0e6b622d8bab5a4830084a7d6829fe1c26,908533204,0.0908533204
0x72b998db90d74b0f406cb45d8e537c4b841fd8ee,2,0.0000000002
0x72b9eb24bff9897fad10b3100d35cee8edf8e43b,49749432,0.0049749432
0x72be0aee75afeb770ae7565838fdda70222713a6,17976335,0.0017976335
0x72bf673c1b6bcb678c08e8a8b0c3d72f68e793fd,22479,0.0000022479
0x72c7d8a21e12935c6275d91cad7b7711d2859662,5611154920,0.561115492
0x72c8d4c460dc073249fd426a8fc7696c302b9cec,402034,0.0000402034
0x72c945d62c19c3d1beb06ddd0b45139eb171d937,2214044907,0.2214044907
0x72cf8c26c899a201c290da5cad707cbeb9190cbe,17022135907,1.7022135907
0x72cfe4309614580a320296ec97473549bb466978,3811062837,0.3811062837
0x72d0d9c1026494e07189589e1b531462f4deeff0,21008113404,2.1008113404
0x72d72531281e0a799f74b7720c86b173d4cab73e,96099862,0.0096099862
0x72d72b49b11acfc82e1f6833252b647fb2eca494,8300000000,0.83
0x72da71df4e344ff9e4b72c582981e9b812cd7208,9977305754,0.9977305754
0x72db890e5fa6290c4c50b11e9611ebba93495f53,2,0.0000000002
0x72dd55b1ab4c8f928cf9277891a368a64d5d0bb8,100519291768,10.0519291768
0x72e7e650e75b722fafc195e948f5c12578a3d0a6,85799253,0.0085799253
0x72fb349cd8525eaefa55b14f86f683fa61614acf,90971816,0.0090971816
0x73075864d8273354fe5df6953f50f062ea7f2424,9986114679,0.9986114679
0x730bd750775e0506da727036665a81f7cce554bc,401772327,0.0401772327
0x730da4dcf123da0248e95904946aadab97dd47ea,9,0.0000000009
0x730e4995622d15811244ccf0b61235b6198240e8,46234679,0.0046234679
0x731136e585dc11ac4df6c1488559175097507b27,4550304479,0.4550304479
0x73130ba676db9a3b9ec9b3a5646522c44e4c7db9,93794905,0.0093794905
0x73197b461ea369b36d5ee96a1c9f090ef512be21,2195989392162,219.5989392162
0x731b93c129ba306e7b9d0d9c521cd4f8471a533d,3284382,0.0003284382
0x731fa726dc40bd8d56ab614a78684d1a784ea0ed,98641688,0.0098641688
0x733442f5f472bc7f7de23679a1156aae9a49946d,1087371604636,108.7371604636
0x73385194f46a4e2bdc0fce9519ed0e6fba1be289,2,0.0000000002
0x733a6edf2eded29fbea707383e5f9ce53b0ae732,163237950,0.016323795
0x734237e7d1f7be09d300b652ecce85d59b3dc64d,129529013203,12.9529013203
0x73435bf094615d7b57c840c1a1eb0353333ddefe,100971816,0.0100971816
0x735182c782cb8e7806f8903de7913e6880cbf82e,9777,0.0000009777
0x73560dca3faa8025fcafd4e213a1ff33e0fb8685,145550,0.000014555
0x735cd4ef75dcbb99b0659c32f5c8083eeee4a77b,990971816,0.0990971816
0x735dd9dd1fee6454ec033dac876c50870c44768a,26491573,0.0026491573
0x7368bff2fbb4c7b05f854c370eedd6809186917b,9,0.0000000009
0x737256e3b6cbb8ddf07d073c22b10bae09c08082,1022038775,0.1022038775
0x73769bcd75c7acc80e606f80ddca9f06450fabb3,868000000,0.0868
0x738952a107f6f7c4ec8dee6c87672c20356d16c5,3479,0.0000003479
0x7391743e15afae6f25dd1d464efebbff9da80f53,4407635196,0.4407635196
0x739887e924f0360fb023daad11d018b72e86d543,3471816,0.0003471816
0x739a5327cfcb900a7c79d38ff3e493603e06de58,7,0.0000000007
0x739cb572000a86ab5aeb0d88d400e3fd71bb328e,1,0.0000000001
0x73ab9f783827d2bd468a4d2898d1f5bfdc4d08af,3265239312370,326.523931237
0x73aeb51b308a5f55f0af81d36a52ae7f3afcf403,2,0.0000000002
0x73b460c43e94081f7fa29d9e74572d8c711fa011,9990971816,0.9990971816
0x73b7011c6086486d3047405793f3e45bc0e5a6c8,4990971816,0.4990971816
0x73b7e354685c0ef327fa51287a2589d6d64daae8,6,0.0000000006
0x73bcebdf7c7c056f8b760f0daa55dd949a522591,95310492,0.0095310492
0x73c22319a12253bf9b89b82f417020c7bb78502e,3717,0.0000003717
0x73c506c975eb64036a6a92d9007c5098ab593636,7,0.0000000007
0x73cb80ded7dc137d8d341ecfb4cf726b0b7f89f1,240538189,0.0240538189
0x73d74449d4bf9e3821e410bd0c017bf916e876f4,200483268,0.0200483268
0x73e063802145f662aed98d4d3f7f5e8222962272,100000000,0.01
0x73e47e110dd251bd6449381724f2bb51c11b14bc,30486896,0.0030486896
0x73efcd1c763ff8bc474595ee88cee31d65a594f7,60674,0.0000060674
0x73f0a3ffc145e219f91798dc53437fd1d4bc81ff,47089948,0.0047089948
0x73f0dd2451c37347c2f335d4a9e25552d408cbe3,12906921,0.0012906921
0x73f8429803ee3f399d834b8f1561cb2b8fe20cda,56912188841,5.6912188841
0x73ff632ee8ef1a362d406c5fc38e0d29f5921bbe,2,0.0000000002
0x74037fae75b2c4b227ea97d396a3293991b8f2ce,93529535,0.0093529535
0x7413c9c5d9a90d28780323eb91dbefac9eef577e,5,0.0000000005
0x741417c904305eda24ee4200689ada683523c9db,2,0.0000000002
0x741649502f8e6cbb3ea7900bddb35a12e2c01c97,1228860873,0.1228860873
0x741ae17d47d479e878adfb3c78b02db583c63d58,100000000,0.01
0x74213f4671528493d3c93ee834af2870ab22c0c8,3,0.0000000003
0x7425339adf6d4d7465dcc1353f76a8a488d0aad8,3,0.0000000003
0x7425562aa3a1f4021e3269206f5ce7b9350553f8,239793635995,23.9793635995
0x742cba0e91a32c43d432aeb00b0c19ec66b189fb,15638453,0.0015638453
0x7430e4dbefff0043208303f92ea089a4eb9fce38,96100609,0.0096100609
0x743c1260f1c6264106b58110e0f853fd01ef41b3,6,0.0000000006
0x744a3be37446576e9bc95966a170e65a32cf40c0,1,0.0000000001
0x744f617343f03bb7c9d52a6d84f87aa4b1017fac,77982468,0.0077982468
0x74569c677fadd9300e9858f9847b023d16bebdf0,47411147,0.0047411147
0x7457667ee63bca3c134f246af687091e7e259bc2,11439529,0.0011439529
0x745f47b0b14fa73b49e705a1065fa10bbea82d78,94708026,0.0094708026
0x745f6f5bffc3067efc8b234e5b0e5bf701a4c417,60627727,0.0060627727
0x745fdf94e5115187d4d60a7f2c4bfe0bdfd2a255,10060885578,1.0060885578
0x7465a22ba37d72ed2995be8d5e94ab1a39338f30,701258,0.0000701258
0x74661c864013554e4822cfd8390dacd6111dd091,8199880156,0.8199880156
0x746965a0220c69d41bb87c5a6c67a2ae022c1051,599114,0.0000599114
0x746c6d0b96c059eca5b23d948353d3fef3270731,25473,0.0000025473
0x746df0b6691d80f163b4bf8e2544d4a7337d971d,10971816,0.0010971816
0x747276019e3340104c96397bf6537ad01f93d7df,7900770,0.000790077
0x747c1d10ccaf606b56ab58eec8b899ee098f65af,55803952332,5.5803952332
0x748165407015ee13e57b61e517ae45808db9d6d2,2,0.0000000002
0x7488adfd1a8a86504149b5a88c8ac33effaaa9b1,106301226,0.0106301226
0x748985a004d0846162017baacc850c7dc527f36d,381209688,0.0381209688
0x748c28a9d9c7cf2ea59490234e3dd76b323a01af,9977133301,0.9977133301
0x748daa9044cf43aa1279fe8111412012f0baf446,20000000000,2
0x749696fbee9c3b972d62bceb19ed38f9fedc261a,1251,0.0000001251
0x749d951bc9f99c71fe6b32072cdd0ddc124c9689,9,0.0000000009
0x74a4378d94c7b42877771bfe0bba745df49fd579,28208672,0.0028208672
0x74b6b326d5c630cbd097dae48068d1fd518bbfbf,6703460,0.000670346
0x74b6b3cea18455cb6c3d69117b342ac5a8e185be,281943632,0.0281943632
0x74bc96babdccd30191212638b7798db599cb4b9b,2,0.0000000002
0x74bcbf0739b4df78c04d0ed641126c229eb341a1,238681932,0.0238681932
0x74c77c2a5d0a2aa6a99b757b00cbd61c67dbd1c6,11352581616,1.1352581616
0x74c7db98eb0293c12dd4bdc69d9d2626dc33a8da,96100646,0.0096100646
0x74ccd7d9f1f40417c6f7fd1151429a2c44c34e6d,990971816,0.0990971816
0x74d38d1e31f55b9c4a53a4aba405fc6d7e2c1470,2653360844,0.2653360844
0x74db42bd785b989d53de8ece0cb02618d75809cc,36000000000,3.6
0x74e26fe73ec3fad6464095812300bca2a66c3ecd,1990971816,0.1990971816
0x74e54695c03980c028c50a43e15a0821b6af6f24,20401564,0.0020401564
0x74ef975b3128d631b778da3785df861b0578803d,78500971816,7.8500971816
0x74f0fcabc03f55168583875ca27438bb57dbba68,381323521,0.0381323521
0x74f86a90c96e1a8a66c55d71bf1e3ddf95fef99a,1221866064,0.1221866064
0x74fc9b4e4b89a05d4f42b4de5263c45fc37a565a,14470,0.000001447
0x75032d8804c4cb1964e26336639961c9e6aae89b,20000000000,2
0x7503b219d4140dd92d22d182a45420f9358c1d1c,97500350,0.009750035
0x75041f23a83837f0ee2bccedbcee3fda4e588436,159194893,0.0159194893
0x750c0c3eca35af92fbcf5a785d6ad7ef24bb74bd,4,0.0000000004
0x75149644fc371d670a32bb95ab9f05000d4bcb8b,9941976531,0.9941976531
0x7516d448a03d79f69d4602ba7360cc10ea10ea62,10038986386416,1003.8986386416
0x751876fea4048761bd9a1fdd1bbc4cbd66e147ee,58723566292,5.8723566292
0x7520e32fa4e7fc34eb6d3177a43fca3806d74a55,1973087,0.0001973087
0x7528c4dda850921b854aa5957396273003b62487,5,0.0000000005
0x752dfeedc61836045b8d322468dcabc14603e9f1,28351674,0.0028351674
0x75309f13c367e077edb2ee4f32d4e6e72a4ca1fa,33520715,0.0033520715
0x753498956fa2304c9a6f303cacac0ea8d53682d2,7,0.0000000007
0x7538081cc9d2c727eda16d18d10c062c27a29fe9,4952059539,0.4952059539
0x753d2ae61f6f9325b59a178c155b6e04b671a178,90971816,0.0090971816
0x753f5b889d367251f072e640292fff08c2dbd168,2427942604,0.2427942604
0x7541cefecc988059f458df97b68b2e98bbb6480c,9878784,0.0009878784
0x75484486b81e0c5fe06bef6e47ec931c0b66ea6a,48056106,0.0048056106
0x754a6bca1687f1f3623df5e73e31ab2bf785e28e,26954611508,2.6954611508
0x754d42429c4248b0ba6103260e9b7dae50e3f166,84525688,0.0084525688
0x754f6bb8ac89bccbf6d9366eda9f51243dab6f20,16851723919,1.6851723919
0x755e28a584821c4c2d058df654dbd5c2288d01fd,9811062837,0.9811062837
0x7565e0dedb6a77d24b8df6f6855d714091ca191a,1,0.0000000001
0x7566294e8944c5574eaa8c8f57b2df5a27f4eb99,85800952,0.0085800952
0x756dd35c2400ad718e4342cb111e2abc9578a3e1,97506,0.0000097506
0x756e9c4fa4c6fa915ccd2e44777158c77e86b50c,1397856463,0.1397856463
0x757210acc4cca94568ab4c698cb14aed3f490224,3,0.0000000003
0x75725ad09017858e44ad0aeba5cbeaf37358a699,14977305754,1.4977305754
0x75782b85277949e8e63272547fc059a2782743e2,94711411,0.0094711411
0x7593417daac247d2aff376bcb33ac375b09ced35,7,0.0000000007
0x75994bad8ea59bd8ad39c3a2bfd4a0492120aa66,95310919,0.0095310919
0x7599996d70ce96b604cba31a8f6ed2835e3b3ab6,500000000,0.05
0x75aaffafdc99e1f4fd76785bb7e8bccbd75becda,252958234455,25.2958234455
0x75ae01b54b90e20a71e165a88c3d5eb8912e31e9,115994840,0.011599484
0x75b2ef8d85123c587f026df4178520c8dd4f0d29,1518037901,0.1518037901
0x75be7f29f8241f1bac65a6c5aa5ac4ba9365ba11,18026088,0.0018026088
0x75c655bec0db3fa05c8b2361cd314e05110c56eb,219954611508,21.9954611508
0x75c8304a5f2b3be9c34439c1e7769e211dfe91bb,20000000000,2
0x75d077b90759e930aaf1f637bb2153e1cc5793a0,7,0.0000000007
0x75d114a8fe5eb782289cd8108dabfed933f7d482,885209712,0.0885209712
0x75d1f7aefc7c7eeca5bea8560e2bd8064e70a4a1,495147451,0.0495147451
0x75d42ab62511e11bbce839c35c339cb30e1b445a,2,0.0000000002
0x75d9138dcca088172cb4b23b12a13c4ee2db7643,13470201389,1.3470201389
0x75de8554f77d0076843c0eec079f7d9defda2fc1,7,0.0000000007
0x75e65c870840efb6680b415621356a31dddd30ad,100644230,0.010064423
0x75ed62f7a0b769e2c3585a444aceac98890ba51e,3,0.0000000003
0x75fd2bea5c16f587565770250d638d967f982953,2896571059,0.2896571059
0x75fda4785b390d55c97a58f3db341caa023db333,7,0.0000000007
0x75feff82c2bdeca4b0e6f78c7d91550775f56604,4655362711,0.4655362711
0x7601a873a53e367e2a0462c4a0e30e59374f5db8,3,0.0000000003
0x760cd271f69aa6d5e3cedd437c5fd48725ee21a2,94604162,0.0094604162
0x760fae759703d0839966b99fef4fa41d5918bdc1,608934433,0.0608934433
0x760fdc873e4647ea07047118a601082e938102e0,95740864,0.0095740864
0x76119b47e158eaf6a7f2f57db9526bb37a9746a6,95740433,0.0095740433
0x762a9a882685a9dd59a72736aaba550acc04e0bc,94965155,0.0094965155
0x762c18b89720e1f2cba2f6ea318f63068bdd1698,569756177,0.0569756177
0x762f77a63a7ecad4a64f264b2a59631ebadcf4de,100971816,0.0100971816
0x76322f53b91cb8849dfb2007ed862940934b3520,4,0.0000000004
0x7644ad1ae9ea0f2860e94a41fd9f3a3034fc5eac,7106070363,0.7106070363
0x7646883de214cac2d77e645d5e2489aef82180f6,6,0.0000000006
0x764f8ce5e9035a9a1359ef3197b5125f4ba1ee34,96308335,0.0096308335
0x76541d199887f666409d5330187f035ee18374f0,96222298,0.0096222298
0x7659c65ed9449c98d3e91a157d1bd695406cb4dc,10169062729,1.0169062729
0x766b85b07983316f90566e2d53edf543e7ec67fa,104221668,0.0104221668
0x767045aeb740a9e3de451afc453e16c83e140e9d,1689082508,0.1689082508
0x76796f6bec4dcafba9d53c3a50e467cc82370558,3,0.0000000003
0x769237ff047dc48780e330f6f43402fe60f1962a,100971816,0.0100971816
0x769a00b6ef2c67bccdc5a5c4844ce2223233928d,1200000000009,120.0000000009
0x76a16a54817db20184d77e9a56703005e36be4e7,690972472,0.0690972472
0x76a3a9b4da8cd8908be7b4756bbd175fe2906566,7659244068,0.7659244068
0x76a497415fc75a15a2014b49e2d53bf748c30a8f,1483419850,0.148341985
0x76aef882e39b26dcc1e28a165fd815799e682d83,8,0.0000000008
0x76b2c8916f8bfa905d4cf6c3fd9e8c32728e5230,88537735631,8.8537735631
0x76ba101c003f3abba902eab0a26a2a402020607b,100000000,0.01
0x76c13baff9bbf9ca618943f6d90debeacc19e6bc,374958223,0.0374958223
0x76ceb0f9dae2cd5ecaf07d977aefaa82d3d2d082,4112470708,0.4112470708
0x76d6d6c1dd869a4b77f38064e19c2ebd90910fee,213193710303,21.3193710303
0x76dfc26d3ee35e7dd99a354936b13ad35484dd7e,4974,0.0000004974
0x76ec060826d0fa935306b061a4048a9632c1fe02,527798,0.0000527798
0x76edd565fe698996c80690ba6a4d32d3910ed86b,50165954032,5.0165954032
0x76f190485d732f9c9bcc02717a01cb6fee4a6658,3867373187,0.3867373187
0x76f1f0cea0e6326c46fe45da969e77589ebc359f,4,0.0000000004
0x76f2fd7678e2fe9b960372b43772822d0d7af7e1,549666,0.0000549666
0x7704b86338230b181fa147edeb03265407906e9f,4249348143395,424.9348143395
0x770d28e6dd2d5e29c29076556cdea1148ae4e661,21985,0.0000021985
0x770e3572befbd8ce85894fea96a1f888b464d00e,145875087,0.0145875087
0x7718ae8bc43b24e0c0371222739507ac0608ea38,3,0.0000000003
0x771999982fc377611aba04b212dbcce76f8a3cba,9990971816,0.9990971816
0x771d8910c37cbabcc39ad3ad053d48367e15d8ec,1400467,0.0001400467
0x772c38cad6254d27bd68c797aeb019704eea71ad,2563635995,0.2563635995
0x7730246c2c714fdec597af98f480a616918225fc,48150144,0.0048150144
0x7734a3cb1e760df90dc0ad716a550488747a06a2,10993635995,1.0993635995
0x7738360bdbaa033abe9e178f5b9a854e6e195adc,13782545,0.0013782545
0x773948685a346fdb5f2e7278d8afa02b615f7ae8,5,0.0000000005
0x773c795e72c39ec836885e94cbeafc0a9758d850,381200974,0.0381200974
0x7744d9f6cc8b65b2f13a9421ac0af21b569aee00,8,0.0000000008
0x7748cc032eebd802ddfd0eb29db65c02fe790e6b,5,0.0000000005
0x774fd8ac077eb1e9aaaaaf1105d50377844f8e16,13567460712,1.3567460712
0x775712e9d159672be99a1b39a49e2ebd5ac35ec4,7,0.0000000007
0x775a0b4a14f1df7b6d1238b64150ca073173c8b2,85803590,0.008580359
0x77614f41b5489f1c11445c7661b7a3bb4f7631bb,18986114679,1.8986114679
0x7768534af9e60f3a7414112eb4e457b1f00b0b00,3955,0.0000003955
0x7775fa58e90b21bfc0029dc2594d36562574e1bb,7792062837,0.7792062837
0x7777e604d7633454aaa42a70a241ab8726119397,6387488,0.0006387488
0x777a61641cd6d6f81c18d7f1076d64f90c186ada,3994480214,0.3994480214
0x7781b0c00e97e465c2f22a17c03203d01c328073,34982253,0.0034982253
0x778fa0b910e55b06f9e96b4891782a83d5aeeee4,443096345,0.0443096345
0x77909ce2b49f3bba4dfd47fd6b19367ba6c2b9ff,904082,0.0000904082
0x77981d4559ebf4736217b2ae666cc876a4982826,7,0.0000000007
0x779906c7af45d98add82ca850cfee53b09bea91f,50000000,0.005
0x77a3482bd26361c322ab7c2bf6403cb9df1a461c,1570521872,0.1570521872
0x77a88032a988d4ecaae0dee970bce4894412d9be,599446,0.0000599446
0x77a90e73d739bb5b718235f32d7f6327df99ae46,381171577,0.0381171577
0x77b483d45244c0a4cd0a7397718575a62821e74b,48504065,0.0048504065
0x77b4dbf3a8f9da15dded31621121f8fd175b197c,4,0.0000000004
0x77bb3d64ea13e4f0beafdd5d92508d4643bb09cb,1272322886846,127.2322886846
0x77c36cf99abc3f77611ca6a08b833cc3dd5e3cb5,7,0.0000000007
0x77c69844f6ec66c9de349a8bd101f6c9ed4a2436,587959581,0.0587959581
0x77d0abc569f85cb695e836e5f7d0d0c9022e259e,93278323,0.0093278323
0x77d25848b2396250df5860ae566f7c341d81efac,10492125674,1.0492125674
0x77d5bd926a369c71d6fde3912703feb98e77867b,69990971816,6.9990971816
0x77d790cacbf62e4048e9380f6835367b5d5013b2,1,0.0000000001
0x77e42d28224bfcb9b5df52117a87ba0e1020559c,78136799,0.0078136799
0x77e480f328d56eec36078235c9564011eba8a99c,6167188835,0.6167188835
0x77ea8fd97d80326830ee4c25c8e1e51438127f26,3,0.0000000003
0x77fcd357d724c18e8af0688af273c21807ef8658,244723223,0.0244723223
0x77fdd3ad2499c59a6941bee1fc5701e3f8b88c4f,77305754,0.0077305754
0x780921effa44a28cd417a2f430c58362d4ca744c,585535225,0.0585535225
0x780f6788da1f70110b9d7dd96d78e8c2efae1111,91198945889,9.1198945889
0x7815c4bd283a5df69cdcd8641b1b7214be06fa91,35549428,0.0035549428
0x781816325e93e7b8e97108dd1dd390f3df5a8f43,93768496,0.0093768496
0x781eb646c50483f413f087a4c54022e0d8123f25,1349636451513,134.9636451513
0x78228325becebc9cdb09ba9cc1d561337acc8f60,8821829,0.0008821829
0x78234ef467ca04a54d949387334a9c632c92d89f,2861062837,0.2861062837
0x78244b11f2fd8835c08282d79b556551aa5960dd,7,0.0000000007
0x7828749656b32dc85e1c9372839f8b686b8c0f9f,12882891168,1.2882891168
0x782b5f21e1a520f5c278b4cb8ef5462237a1314b,8,0.0000000008
0x782c5f422a0f25fef284c3cf0863b44f26593c00,1750971816,0.1750971816
0x782cf7c3f427a4551a68f436e34615db2cf24426,116912311539,11.6912311539
0x78327706d98213e7e2a3564009a2daaaf158e89a,9906,0.0000009906
0x7834243754d769a1f49eaead51e7f71824ca18fc,4,0.0000000004
0x78433b046d37329f56b359014b3ca8184c6efe09,56062533337,5.6062533337
0x7847bcca83c83a99cac92707fb2adb426e9b67d0,15022029352,1.5022029352
0x7856d773e6c051e2b9208976f63f5c91a39add65,201806639,0.0201806639
0x7858cd4507a299330c16b45a8b772658529b1982,117658544974,11.7658544974
0x785bc2969a57a0c0de9755466eb99165d5493feb,426328334515,42.6328334515
0x785f59b62cb1165f35de37e1d890ef0f8d4c1019,700077305754,70.0077305754
0x786002f86378401b10d8997e89d5f87a412dc456,401049449871,40.1049449871
0x786471cb72eb2e61ae20dfac60f8855145c9734c,4,0.0000000004
0x786726cec11025559adaaa4ae390d8d7c9287225,24132331933,2.4132331933
0x786b1e24177fb2e821b9381174dfcc29bd61b4f7,1,0.0000000001
0x786b2efc2aa60d59f6a60680ff8cb0e37f33676e,81378,0.0000081378
0x786cc1b4fec4c70b8ec349cda8aae8b92255c5d8,138670051488,13.8670051488
0x787016b85520b594cba1929e066cafe371f7a60e,90000000,0.009
0x787becd2226e01a57beea3beb18170c98de3ef45,599445,0.0000599445
0x788477eb50ea81574753085e9a703179d13f98eb,1,0.0000000001
0x788b7bde4550724cad3977bd3551959d33303b79,2,0.0000000002
0x7890d270fb93c3e8c9e5bf6196f9a2f1b9b69d0f,59236939,0.0059236939
0x7893b6f14bff2f45f5542f9f82e1325836c5d670,3,0.0000000003
0x7896ec1bcaa70b0e72fdff8c721020fe006b369d,492106447,0.0492106447
0x78a13d62d175a45df52b7483679d4fae20367a90,2,0.0000000002
0x78a570ccdbde70c3a23d2d080ade4667879023c8,10005444544974,1000.5444544974
0x78a8231c768bf6107b1c7cbe24a5dc00a3db96ee,9,0.0000000009
0x78a879834253155c28f2b596d9d122bf48a8abea,915448,0.0000915448
0x78aa0182eec743c613128f47fc4b8dd8c1461ad3,375797677382,37.5797677382
0x78b127298ffa031f41d1a7b55d1cd6bf02a272a6,55981943632,5.5981943632
0x78b94b119a216b781064d0f65cea242630a04f36,45970,0.000004597
0x78bfefcb54c1a8528c877fe5748a53ad20d2ee3b,1103590784,0.1103590784
0x78c00cfe28f90abaacd8b77acc5524055d9ef898,381183378,0.0381183378
0x78d04fb6c4e699d6f865cfa1969499c728014592,61999790513,6.1999790513
0x78d158b1973e8a0a93efd4a5e024a1b12391b53e,97354537,0.0097354537
0x78d760952e0fa60c76d84c4a9921dd096f747bfd,2,0.0000000002
0x78dd86577ac3808d1ee76ec6239692d777197edb,3,0.0000000003
0x78e27beeae7319da787457c4efd66777575132d5,88138128,0.0088138128
0x78f6469aaa46abd410da2a4cbcaa608e91d52ab2,6077133301,0.6077133301
0x78fb7862ddb9aa44295c6abbd07063b468788dc8,6,0.0000000006
0x78fec0fae245e863bd7f0afb4bfd383f3ea0f015,109450775,0.0109450775
0x78ff25c0c546a8a43d4275dbab3ce7e06d9ef09f,3784767157,0.3784767157
0x790099e5e27eb528ae1896de6896de7f002eb89c,4062850000,0.406285
0x79054d149f6441918592b11ba68b2b4464bbd501,181943632,0.0181943632
0x790eb36db7cc33f1a36b85815d7db39ae03e02ba,44318,0.0000044318
0x7915aacc108dcce4d8f9ebdaa56f791eefdbff1f,683924,0.0000683924
0x792981e386335b3193960b86bac72a1797492aa9,14990971816,1.4990971816
0x792a508f9125ed5db8abf21eebed4ffcc053d0f3,599518,0.0000599518
0x792c6b0f3b61a511b9aac482f0d9148e6cf64b64,3,0.0000000003
0x793007874ff59753212451adc6fbf54069985cb6,6,0.0000000006
0x7931422a0d7c01563ffed338ce9b25fb4662c8ff,1,0.0000000001
0x793878659101915d3355e460529e88781b2bc065,240920,0.000024092
0x793f3c84277afa0990388233d7c646eb7b1754bd,5,0.0000000005
0x7940f132e88001155ca7b9114883eef94ffe4e8b,6,0.0000000006
0x7947210ffb5f44a987ceb79bc5a531396c325e78,94710408,0.0094710408
0x794a9ebf11230b82604857acc584fb6cd72fc2e3,1019683146,0.1019683146
0x7953c9c6aad2de14a100de9a8838fe29ab0a023b,82191074,0.0082191074
0x795c7f706079afe4b4bfca9935ddfe26529f80cf,4559156292,0.4559156292
0x796dcc57cfd744aaf7f29b1a1f7ba6e87ceac066,1,0.0000000001
0x7971d643f8eb00a09035f1f97f9ea91750369d15,2,0.0000000002
0x7973384a6cc655f9983d540aa0addf8bca61765a,8,0.0000000008
0x7975d48958c0241b19da565d0eeea3c775ef139b,4,0.0000000004
0x797722298e6c7f0ef6f6c38bb6fcad6e23a39fb2,619,0.0000000619
0x7977835aed0a9a45c53c3a0c15b6b9e8fb830fc4,980000000,0.098
0x7977b909d55a53f9c73140f7f611eaf0638238ed,80554999,0.0080554999
0x79794100088740c56842f499248d00fbe7e58a4e,605212,0.0000605212
0x797b0c82b836f81daa8c5c20aa8f87c5f5485179,2,0.0000000002
0x7981d6a2ed81238f3f3820d22ccc4ad2c68aab3b,599114,0.0000599114
0x7987a5a7e79dfe782c334229fe4cc9a75b10f206,1764946046,0.1764946046
0x798838b1a24e3644c0d7546bfdcc95ad13efc9b9,94639009,0.0094639009
0x798a906b674fc9c7c2514e48a5b75782db3590bc,8,0.0000000008
0x798e30e0f4009a26bc60c853b16380c87aa488ea,11816,0.0000011816
0x7997eb3b43743956a08451990a1920006d096aa2,19299073511,1.9299073511
0x799892de49d565c203e3cd2f6297dd872339856c,44639090,0.004463909
0x799d5805385cf99b2649be14455ac2948ebca643,73472359,0.0073472359
0x799d95f59956747522666c30975821d4cbdb8b63,25694996222,2.5694996222
0x79a2f8486a2143e1d2a4230b7ddbea800746c383,99357465,0.0099357465
0x79b0d5768fb258b34056431bb0c7a43789d8d35b,793516464,0.0793516464
0x79b185d5446308e20fc742351908b4b253bf49ed,95307038,0.0095307038
0x79b43d7f0dfba22ae5dca67c0eddd1841c67ea55,3,0.0000000003
0x79b85518560cd40e083bd48c5a59f05eec86e35f,1899,0.0000001899
0x79bd65c17537daa78152e6018ec6db63c6be57f5,8,0.0000000008
0x79bdda65c706cbda69c0ad4c8da1d3e91724f48d,7890971816,0.7890971816
0x79c510508e46de9810806d64cff3febd7a26e084,7429956603,0.7429956603
0x79d4afa8af6c3a4d78601320efccbea14a4b9baa,71582802694,7.1582802694
0x79d56b980baf8483a9899142f9f870a23afb56b3,1698662356,0.1698662356
0x79d6b65b48651d4d03cbe42ca0b55c567593e67f,5,0.0000000005
0x79d78b7236c080f917d00e82f9ab8819cd2166db,560156292,0.0560156292
0x79db3bc695ae84ce8d88bbdd8689f8b6c274aacf,308023159,0.0308023159
0x79dd098dcdd2e0432fb64dc38f921e6c40ce268e,21430744776,2.1430744776
0x79eb71c1592a678c234ea221ed3fdc10cee89f88,1137884874157,113.7884874157
0x79f05b32e29139c35cd219aedb5d99cedb1915ac,1764637494409,176.4637494409
0x79f3ddc535bc7ce363b0f43247da8f20e68f0a27,341645385,0.0341645385
0x79f7f43a95138cf11c048e02a677f3ec36d57f09,9,0.0000000009
0x79fb4ebdd543d0927b809b1e8f552f1bf74dec65,415050947,0.0415050947
0x7a0059a050bd58e5a9bd67695856cbdfa18f4018,1243439037,0.1243439037
0x7a031d6f1ecdfff8477717c7e786523f6486597f,599563,0.0000599563
0x7a07f1fc1d0de73455a0ab0c3ded66a34f5d985f,51000000,0.0051
0x7a07f282664894626a0c396eb543259c6a7960b7,896,0.0000000896
0x7a0adcfe047032a8643d8989408439a0c8014baf,268935,0.0000268935
0x7a199df5071cb2903d42e2d5e5063fa85f524ed6,100000000,0.01
0x7a1b53500d55a28b1a116e043075ec2d1a2be210,7,0.0000000007
0x7a1eb8c369ac624209e256e9336176167aff6dcb,7,0.0000000007
0x7a1f8f7bef0ff44bb9ebc2e30949822781f5c5f3,4,0.0000000004
0x7a28b64f15f79087f7ac7074368e928d7164a2c1,2902750,0.000290275
0x7a29c4c886501f6be414224cd68d59bd57e1a702,2,0.0000000002
0x7a419e9c70885583047b348277a376475fb11dcb,1000000000,0.1
0x7a42471ad251ee8760b0237baa065138a4f8623f,6,0.0000000006
0x7a43d66f6ab85d37e6564b0084fb468c1723aee2,1959340144,0.1959340144
0x7a447c0a0ca7a786224bc2d27347b257e246eb1d,6,0.0000000006
0x7a4510d033986af688a0a8a9ef114d07a7b2a577,6,0.0000000006
0x7a45dfb2f394dbb5aa54bd0adac107acd20430d1,379763252,0.0379763252
0x7a4852d9c1e4cf451d4cd884e9daf648adfc222f,51064,0.0000051064
0x7a4b9d9988b83df8d6e9a2d48843527540a8c2bd,49525197,0.0049525197
0x7a4de8eb709a512c993b1b446e02a9c8d8b09305,93298375,0.0093298375
0x7a56a03a4d4194cbf06bb59238713672f74ac852,19973328012,1.9973328012
0x7a63efebd68b197deeced6d3f30d9cc7bda23161,10000000,0.001
0x7a6874d05b51d6fb55d6de3e70894588fc1f14b2,3,0.0000000003
0x7a7183d650172bb0d91449430423ea58362bb246,47949724,0.0047949724
0x7a752120142f7759ee26e3d8d136ece5a0fae5f7,638030377,0.0638030377
0x7a7be9b21bdbebc1a8850a28272495e14ba0dd91,7,0.0000000007
0x7a7bf8fe4fbe39b21b9ac21befd05228e3613a61,3053676134,0.3053676134
0x7a82a2ca966c6f11b03985f7ed33bc36231e29c6,11816,0.0000011816
0x7a82f8a230b3a2390887cb4f22f911175715816f,9979503679,0.9979503679
0x7a91cfd79cb127fd4b71632fee7c7292da030391,10916053664444,1091.6053664444
0x7a930ab52a413ea186a8c2418c2460d0d8d403e8,92,0.0000000092
0x7a9374e1475f9be17230a3de1f069d01103098e5,7427724659,0.7427724659
0x7a95b0b39815119524d44253cca381aef9888888,71556742796,7.1556742796
0x7a9714495f608661afa836552dc96fb38fe5f6d8,4132,0.0000004132
0x7a9ba6915658ff73f5f9f8e9e43a217639c4b19a,93530036,0.0093530036
0x7aa57c756b1af68ee6729421dd91254bc61f0159,7174513,0.0007174513
0x7aa7d5b56133508f17361c81513bfddc5355bdf0,2971816,0.0002971816
0x7aa98aeb3afacf10021539d5412c7ac6afe0fb00,84948375,0.0084948375
0x7ab006a8890e7db5e6bd472b56bc2b1f9280b5dc,90971816,0.0090971816
0x7ab03e3880134791a874b5b1e8d3dc29ceeb458c,986114679,0.0986114679
0x7ab27dbc401e330b889a1461386b95d3e2205149,752819,0.0000752819
0x7ac01acf8ac1984349f1aeb10d9eb11c90e120f8,86800898383,8.6800898383
0x7ac2ffad41040dd8d63dd37c624fa73daea2a7f3,3816,0.0000003816
0x7ac36247457dab3abb833accc538a3e56ce538b1,990971816,0.0990971816
0x7aca4bbfc5fd1f38d55a471f5b89df47f22304a3,96307956,0.0096307956
0x7aca6a311b44750d8a2bc5d41c1338d0ee082dc5,50000000000,5
0x7acd4518ced09d4da6d815edc9675576d4b561ed,4974,0.0000004974
0x7add411aa2d004040f62fb0d7f5c0f62ec58307f,990971817,0.0990971817
0x7ae8a14d9464e32616f411e19b36c50f5aa03c24,7974857828,0.7974857828
0x7ae968a5f895c01e2c78fa4a433a5cfad9e8de26,977305754,0.0977305754
0x7ae9f90712be09f9cb5d760c31ddcafeb764c84b,693406159295,69.3406159295
0x7aeb52b8deebe834346d87a1549b6806d09f7e1d,4,0.0000000004
0x7af4922fc22037d573e889201be7c38e42f22220,8,0.0000000008
0x7b00f813389ece3076648adc16d59e910e36898d,7,0.0000000007
0x7b145cb3b57baa632462e9d1f168a9babb662180,90971816,0.0090971816
0x7b15a81e90ca06bf18cb9aa53eac4f43e440c3af,94241,0.0000094241
0x7b16db33289154f574bb0c512ae6e01505c40b50,89771713,0.0089771713
0x7b24ad98213a7ddf99452e67c9a2249b7d09436e,762407686,0.0762407686
0x7b37cec90a2b7e5fa2ec9ab9e4110524016ee87f,6823,0.0000006823
0x7b3939b49f6add408a4416434004426d4c8f0d52,8397,0.0000008397
0x7b3d6e9756fe4fbded6881065882323a8c6d9b1a,822837,0.0000822837
0x7b42246df7d4749863a215e1a7d14d2fb66a3326,80971816,0.0080971816
0x7b53544ab4d74862e449642afe6c07db0030a1e9,3065690000,0.306569
0x7b5529bb9992d9c8def937eaa917ddb720d67827,2010,0.000000201
0x7b55d5e5d5f9618fbfc98903e711e43534d351d3,9,0.0000000009
0x7b58e60d98e7cf8689f3b6b7833ff9b346e9d1ed,270008981378,27.0008981378
0x7b5b547a01eb12c3e4dbfc8313af0050f7a3c3c5,10800971816,1.0800971816
0x7b5c6eb7c1149cd18568bbcd2708904b46a92718,10001247830,1.000124783
0x7b648bc1f150aed48f8dea4f7e29d9cc230d03fd,47711062837,4.7711062837
0x7b6f94a720bc167ff8fff2c744aab67cbce5522c,1,0.0000000001
0x7b7055bd69bd92edd623a72f2c2025899a50fada,88,0.0000000088
0x7b7733df688c59a651e90e577c6a6619cc1999f5,4,0.0000000004
0x7b80d71b2a43d6d05f6418f1f95df7b03845d72b,7,0.0000000007
0x7b900278f6e5a733550eb85a011f5276ff93fda5,11283697942,1.1283697942
0x7b9044d2862e1bcf5212f9d41583c291cd5419f6,1,0.0000000001
0x7b91773581955129398b57b42186e002aadd53d9,11000000000,1.1
0x7b925164c6ba1c75dc659389690143e7bd2fd30a,599478,0.0000599478
0x7b98df6b658135964a3e58127e3d4bd2e60d80f4,1862048825291,186.2048825291
0x7b9dfc9115ce0db0b016e7bf9a2b7a602ff30ac4,93769087,0.0093769087
0x7b9f591e1dcfd5a10fb78230f42afaa362cbcb7d,1144195441,0.1144195441
0x7ba8c35db5b02f57530014bbf173f9d370320404,181943632,0.0181943632
0x7ba99e99bc669b3508aff9cc0a898e869459f877,2871748018,0.2871748018
0x7bb2808289d2479d641e03c21a04078e5aa610bd,6929973638605,692.9973638605
0x7bba79fb26cb7b0a3e1daa4cbba04f5a18e9acfe,6,0.0000000006
0x7bbeb28f30d84a596b78c5140e22fff413c76c82,253280,0.000025328
0x7bc0ceafffc2f2322f07c3058ffbcc2fa7c2af7d,588789017117,58.8789017117
0x7bc52f82e1d25c627b21b6bbf2867f666a8b7b2a,9986114679,0.9986114679
0x7bcfde3053184c2ee87348fbe35358fa5b3cdef1,7,0.0000000007
0x7bd649ae8b812f6b1b8de9b89559c6428dea9541,1000000000,0.1
0x7be347f35ea5e144e63d3a1e2a2b22dff2abfd32,238292265,0.0238292265
0x7beb48dcfc6698a32a630c8aa4291bd1c26937a7,19977133301,1.9977133301
0x7bebee9f4c1694e18fd9bf3bf0f113d7fb2d6bb3,1000977305754,100.0977305754
0x7bf662daacd1fea53da7d14280322e48e45ee112,278901507739,27.8901507739
0x7bf7cee586fb1a53a20d1e52681fb322f3a7ebdf,990971816,0.0990971816
0x7c01e9769d8aa093e0a98533e7c3f4cdc9266ac1,36909479640,3.690947964
0x7c05e213d1d27fc3ec7df59fcdf65d9d94fb1c72,4,0.0000000004
0x7c1124184c6f0952e5fb4acd1246ad1197bff1c7,155783729361,15.5783729361
0x7c218a744fbf8dacb8256f6e39d712fed1f0d67f,473579438,0.0473579438
0x7c2cacede3f5479c2a30873ace1cb8bdda0dc59e,8,0.0000000008
0x7c2dad579fdce2e0727711c1c98f060550491748,93792636,0.0093792636
0x7c31d1b01b1d3213f2787cd2990962ae6ba3a8b8,932249147,0.0932249147
0x7c49244f87839f255621e8037387213c4c4e69d2,654367,0.0000654367
0x7c4c71a4488efeaabd420b8bcc5a221affd451ea,298761893,0.0298761893
0x7c50234f3e6c34df8f7509ba4e819ab73baf2aae,461262146,0.0461262146
0x7c574171b57cd1d0b11b6e3536285b4275d6047d,17907057588,1.7907057588
0x7c5a7328ba50f57689dd8c6210cda54df337a471,2498,0.0000002498
0x7c5d546df3b61bcd5402a02584a8712f04799295,128971315,0.0128971315
0x7c62d9328d28c97bb0e03b160f953af0060f57e3,2971816,0.0002971816
0x7c632b90cc7698f6dc9e3aab900a62b30da4b7b5,2,0.0000000002
0x7c6637fb93de64ce5cd959af212cad754d023a43,11816,0.0000011816
0x7c6a5f3faae51de6e96aa89bb643bc4bef2c5e6e,10000216195,1.0000216195
0x7c71e70e82bd602c155a9b8970f356e2e3059025,9,0.0000000009
0x7c76931bc6419431cbbad74770c61e31fb53a04f,1,0.0000000001
0x7c7a182e27f38b7297be886a4a5245079945e7dd,331142,0.0000331142
0x7c7aadcec3ad94ef493f4b4043ebf8f5012b31b4,99357472,0.0099357472
0x7c7ba7f4a6804dc9cbbcad6584424a783e62bd90,2,0.0000000002
0x7c83b99c5fa6adbedf559b3acda5a6bdbe0a707d,4800,0.00000048
0x7c843e8881a7dfb12f0645b4f6dad1cbde64fc44,351389055,0.0351389055
0x7c846300e3a4b2e8dbd790ab078b9e143e356268,248456926678,24.8456926678
0x7c8c0b08f739d86aa21eabe9c740bc9a855cd58d,7,0.0000000007
0x7c9352cdc3304ad0c90cee2a17fe6fa49233fcfe,138247757,0.0138247757
0x7c96c48ff27e07e79889b533fe63c0909d7f2015,95307983,0.0095307983
0x7c9955a6adaa0970bcaf9b5e8282398dd633e96a,1979,0.0000001979
0x7c9f0841e35243a1a9efb8c8463f805e84ac8448,1877133301,0.1877133301
0x7ca14062debc040a87821c278c3c7e655b5e89ac,475645,0.0000475645
0x7ca81fc58683d66ab63355e26a9e2c80230f2394,499822392058,49.9822392058
0x7ca837bb83bbd21ea8d8b343f058346383430b2e,1467254,0.0001467254
0x7caa741d741a38be582fa619ea51f4657d85e85f,3133226018800,313.32260188
0x7caf58db10e4905bc8eff96a2b7b5df5d481b4de,10986114679,1.0986114679
0x7cb0b30bf420de9eeed13852276868c1b0f56f9a,66732179987,6.6732179987
0x7cb47e0d1e84b1eaf4a0ce5a4b337e356a51a6d1,10971816,0.0010971816
0x7cc409bd13325c09ddc0eaf7eaf6aa7f18e2cb5c,49,0.0000000049
0x7ccf1b00fc1092a03948a22d30970c59ec911e1b,181943632,0.0181943632
0x7ccfe0e72a0238a50ab851ba8cdc57bf12d71ee1,8986114679,0.8986114679
0x7cd10cd7582a7e05cd71dcb2ba9188b47ffa1803,407356472,0.0407356472
0x7cd32a2495612dff250c375cff373e90db21223f,3,0.0000000003
0x7cd8e8e246efd5b9023b2506731977deaebe4a8f,69003,0.0000069003
0x7cd8f4207ea70a608b10bd65a28c838f5f6e133c,7,0.0000000007
0x7ce62d11cb93bd12b4d511a42565ddd0bdabd2a0,9031459302,0.9031459302
0x7cea8b35d532d77f4154fe4dc7214f2b0173504e,8,0.0000000008
0x7cecaf26321dc34f0fb84684c761ef6939b04e8d,7,0.0000000007
0x7cefce3a83932a14fcf947e439671ba03fecabc6,3,0.0000000003
0x7cf1787e3af0da55c175dd56e3820e6dda859afb,989939870,0.098993987
0x7cf3af3b2a077c7e142a468e8d0c36b4d4a8cf7c,183094320350,18.309432035
0x7cf6eb13ed74ca3128f10baa08d21142a856fd3d,3992940,0.000399294
0x7cfac55386f72e16b1432d084427c5112a5602db,93378258,0.0093378258
0x7cfd86fab2dd3ef58dda08856da8a154615cb8c1,971816,0.0000971816
0x7d03061e7e2fa532806c8ae3b887da05e2f72a67,85803961,0.0085803961
0x7d08919f0631da9ffc661c72c20d9b10a620cc7d,93981273,0.0093981273
0x7d0caefbe8a6f66aea68389f8cbff9052acd8fd7,57445587,0.0057445587
0x7d0f16d06bd4dcf918dc21c5b776e7a9d10c8fab,234441156,0.0234441156
0x7d101a07717730043e10a29253c1d5033328f5d8,7,0.0000000007
0x7d182a26134e3a7fc9bbb6a7e688316aaae6d95d,18,0.0000000018
0x7d1f947e00c76da602ebfd04495e4f0560e5e972,347089948,0.0347089948
0x7d233827ec2949f79894ff9b37e35ff51216d080,5,0.0000000005
0x7d2e4d645c0acc5a6bf596b612cab351864f4090,8,0.0000000008
0x7d302c7c0c2710e31f3ff6eb7e916bd4e41c2e89,5990971816,0.5990971816
0x7d313746fe1fb7614dee7c533aa64b92c90dccbd,1000000000000,100
0x7d314f738ab0a0fb9cc25e9c40d3ce82652ba7fc,1743318,0.0001743318
0x7d34d567d52ca3a2fa78890bddb358a0f08cbb9c,5984332024,0.5984332024
0x7d3b0d5a9ca7a0e9138c60cd872f336fa4cb006a,49148528,0.0049148528
0x7d3b6f0fae542b06a071c8d7ad7b06ab8ad7f16a,54944000000,5.4944
0x7d436a8cd332ed2d61d9bd8b5d479e83f250c573,9,0.0000000009
0x7d441c625df52dc51c555945fd909b375d4420e6,85799737,0.0085799737
0x7d480d5fa0e8ab1232c02daf9aba33fd812987fa,6159146855,0.6159146855
0x7d5b401c887117a567f2f334976e34fdda73176e,5582857607,0.5582857607
0x7d5f1ef88f293fb48e023b401e29f4db5d942c10,556682215,0.0556682215
0x7d62efb965b9ac192ad73ee439bb68b16428757d,12367906,0.0012367906
0x7d716b6fd8a184a490b2370823db11ffa19fa1e5,2,0.0000000002
0x7d823dafd5736299cf77d34cd4f0c28c87d175de,1189630702,0.1189630702
0x7d8abef18dbd092b4aaa3706abfdd2da33afe62d,1,0.0000000001
0x7d8c0113d5b84b70d6d4968da21cc1ce40cd67dd,38921828,0.0038921828
0x7d998c668f9ea251eb3f2f46da1561b19f212a58,3,0.0000000003
0x7d9b88a116c58e475c95f94147de6d0a7806de78,18341201879,1.8341201879
0x7d9caf802617144d93e66761f11c58db7cde5e3d,93434433,0.0093434433
0x7da0541784f4a2559a59e97f2744fcce4f269c6d,2989414,0.0002989414
0x7da0e97cb78832463914392b5d414c1befa1fb01,1022642940,0.102264294
0x7db7448e160376b50ad8f1ac35678c64b355d58c,5,0.0000000005
0x7db924fb0ba3148024847d7231361099f19780e7,95307639,0.0095307639
0x7dc1003b26cd0741e23cfe960428c7f1d44d3165,1232803912,0.1232803912
0x7dd0a328a7de01fb1f3549dc955d8feefe38103b,3,0.0000000003
0x7dd387906b05caf27af0144c33d6a2bbbc3a0ea3,19922392058,1.9922392058
0x7dd6b8c532d57313eb9a439eb7d1ec37617ff262,1773191542,0.1773191542
0x7ddefc5699d351c1e8c9a29f74a939193e593626,86174715,0.0086174715
0x7de0a8f875d86bf31be2b8bf8211e4125ed2b39f,7981943632,0.7981943632
0x7de35221e0ec43b91ce55990cff7724ae24e1108,761235078,0.0761235078
0x7de4dcbb43de5f11d8ed254f3ac3bf60d3554781,13190939,0.0013190939
0x7df044a0fa207b4867694aaaa4f243daed1be807,1,0.0000000001
0x7df2a462a4a537622a5e366d6827bfcec2809c18,80592749,0.0080592749
0x7df3466626b82bd6fffbebdb14203c42e04bea61,337981075442,33.7981075442
0x7dfd5237a0d7d03fc81671b19ffc78b76f41e6db,475298326,0.0475298326
0x7dfe45e77566338482b4ee69633077bfd195165b,96099476,0.0096099476
0x7e0820cdb67f955e1a1ce2f37b29c62a648e340f,9046064459,0.9046064459
0x7e08427bb11fde53fa7457c3233c535f2e774a15,6085399842,0.6085399842
0x7e09fb3c5460c73ce7dea8112bea615c6a3b8950,11343746797,1.1343746797
0x7e0fcb597ba9b8f3aeca921dd9226601c6f841e7,892628,0.0000892628
0x7e11d1cc41db3de0229c0526f2038e45e91431a1,36268485401,3.6268485401
0x7e19fa441a3ce77aa8d554541726e8a0bf1cf0eb,93529539,0.0093529539
0x7e1e1c5ac70038a9718431c92a618f01f8dada18,38910141233,3.8910141233
0x7e21b337b56470ee73afa16e13e1442285bc522d,910971816,0.0910971816
0x7e224b0cf5763d19c2a55202431ae20f1e898ad8,95309355,0.0095309355
0x7e250ac9bf3f9a3d544fcb0eb3a6cf91ed2eef61,47439756,0.0047439756
0x7e2547cd77bb6752987f739b00a253d9bfdb1e8a,90971816,0.0090971816
0x7e3f360d2524ecd939bdb22377f1b2cdde538d96,10971816,0.0010971816
0x7e4943b78fd106c0796dd4b10ca5d1763918431b,8,0.0000000008
0x7e5588df3574f0b7d144f78f236facd85247d4df,3505,0.0000003505
0x7e56ab022d14bb06388af4a940065bc90f42bde4,93768985,0.0093768985
0x7e5e39ae6e6b36062704315d14d07e753bac3e57,94710367,0.0094710367
0x7e63cc14c719f29876cf5f30880ab4a3cd612524,93422829,0.0093422829
0x7e6815f45e624768548d085231f2d453f16fd7dd,8551736,0.0008551736
0x7e6b11ed11395fdd8344146b0afb798928c4b269,4,0.0000000004
0x7e717fa613f461dca4bb9b03e2b112f48d428d73,500000000,0.05
0x7e7250be6a32ed140e1361e939c1025fe66623e2,990971816,0.0990971816
0x7e75f82c6a2a56ae6dedcea7a258e8ed57380e1c,557,0.0000000557
0x7e77a841f993090f18b6fffcb997d7fa69d5991d,181943632,0.0181943632
0x7e87cb15ce6958c2cc6f8f6e488faf7bf85429a2,9973544974,0.9973544974
0x7e884e885ac2ec3241fef4b560f7d1aaedcc0e50,5453550990,0.545355099
0x7e8a0dc128da779eb6b5ace38aed238aed963ce1,37170,0.000003717
0x7e8edab8a2bbcbc37314c4b86057d8364ae0780a,8,0.0000000008
0x7e912b92aa009f2807358d5c990aab8671c2cbbb,19990971816,1.9990971816
0x7e98781f250a166a89215a1426b962108b9c38f6,544974,0.0000544974
0x7e9a4e275d8c5e66d7cc58e11f5ae24cc79cd1ee,2,0.0000000002
0x7e9f9f69ddee7216cf55fa8889edffad9c89ee74,104337869,0.0104337869
0x7ea0c3c728aebdf80c99bfcd846980fc2c915a6c,90971816,0.0090971816
0x7ea6e708a8982766ca75add9f54bae606a4fc403,2432899358,0.2432899358
0x7ea799fb89fe2c7e993df071da1d69541af56d4e,4,0.0000000004
0x7ea82f805e4f5d978a2e106938078dda7090e4d6,567777187562,56.7777187562
0x7eaf53a2441695fe2670740f9577943b2593091d,3649739949,0.3649739949
0x7eb3950a97be445157ae02b883c73d84255030ec,14054129294,1.4054129294
0x7ec043c1cd66498b15a2606f97eaeded657dd03d,4,0.0000000004
0x7ec3ac809984f54aeaaba3bce2c3a76cdae3b064,7322,0.0000007322
0x7ec7b375834ef33a1a677503d5065651ee530975,3623198654,0.3623198654
0x7ed5d1d2a29d7b3c0770579ea3760f06b7e6d436,10374544,0.0010374544
0x7eeebef5cccf11ce3a77e7941d8a9282e471c90a,3,0.0000000003
0x7eef6f6affb8d30dbfc332e9f3065b27ae80d5e1,795420,0.000079542
0x7ef0887097db7d9a7dddec14e93ebe03798ac653,92639282,0.0092639282
0x7ef770a7d3bfddf7a58c19181b214cf2f229280b,74003760780,7.400376078
0x7f0f08237a47628786febe8b85cff13aac883732,113556223,0.0113556223
0x7f1720ec387bec6985de7fa87bc720d118a9af86,3338931,0.0003338931
0x7f1c25cb515893b186fe6a6dcc15862f3e2ad81d,9990971816,0.9990971816
0x7f23ee992b49236d5a422c2e7bdcaca6259d5dcb,4,0.0000000004
0x7f28c82578c489883a952929c2fc09b876851ab2,299524,0.0000299524
0x7f2fccaf717128bdf5efabd67a8ea9a812d5813e,13224721794,1.3224721794
0x7f3dbc2e681fc6588b159cf297d361806f90a289,9686898094,0.9686898094
0x7f3e065250fe26659e02aa5ffea422fe9eeaf25d,19990971816,1.9990971816
0x7f4383b68c0ca5259c67c7eed2737881b119f794,50089636020,5.008963602
0x7f445ecd8a56316f9c1e634184d3e090dbd01f78,4961307654,0.4961307654
0x7f4cfd75873954a5f6d2b56251f6aa14d35472d7,12193892699,1.2193892699
0x7f4e1f5ad6e876deee97d62022ff1c20a44eeee4,491637,0.0000491637
0x7f500bc4374b3636656f07d0a1b3e657254c9efd,99315395,0.0099315395
0x7f55f1aa01dc71ad252736e9cb2e0cd3ff7b6a56,8,0.0000000008
0x7f562fd692c8c07eb997c63b6efe88ef22b79469,5,0.0000000005
0x7f61a7ff1226a23973aa6eef414515aa28318a74,63212201,0.0063212201
0x7f6629ec8a28a05c8a1bc6b71c55f8eb3634f482,100971816,0.0100971816
0x7f69d5d972c2dd839abb8e11b521b37659b90c69,599518,0.0000599518
0x7f7315a417e91b5b1cd4fa8ccf14830bdba11455,181943632,0.0181943632
0x7f7ec89bb7c16be10875669e37784547aafb7894,85800959,0.0085800959
0x7f82cfcaf4bec5c6501bac7a2f377a445e78e7ca,7,0.0000000007
0x7f91cf010175f8416745a8c1fffe6a86d7c87869,990971816,0.0990971816
0x7f9310edd200ce7b8a49b92633e7d33970675e57,2029783703,0.2029783703
0x7f93b033d18dca9fd2ba4cbf2bf73a2df840756c,299800971816,29.9800971816
0x7f9a94f291bad8ac21ded571e3d6d9f4a976f0f1,32847,0.0000032847
0x7f9adb20217a0dabd313123c03421b58952fd740,1280952197574,128.0952197574
0x7f9f3d8dc7cb18efd4bc0ede49acd76e9bcc2cd4,18811062837,1.8811062837
0x7f9fcc4bc267cb07154ffb9f11846a6fcd589340,94730680,0.009473068
0x7fa1b3bf7c2183c595d80be23a8053f50ea3745f,93322259,0.0093322259
0x7fa59e7d352dbf77579f2be237161018049b5009,973544974,0.0973544974
0x7fa8cb8a1f124c5531fa22baf0bac347aea02501,88785,0.0000088785
0x7fad616a079e971ffdf03fbbb36edea9b9903f01,2971816,0.0002971816
0x7fcabc037dd9551a3d44941546b0f3afe1485364,196109509,0.0196109509
0x7fd0bfce9b3cdd9b428d0124d4745f75dcb384e7,917832,0.0000917832
0x7fd757059e032977f79d96765dac18f0d687538f,13,0.0000000013
0x7fd7ea0043de720f8aae10e0ccb232a5905f0e27,6326577704,0.6326577704
0x7fe332a833b1765759c2bb36d573546ba599f517,196028682,0.0196028682
0x7fe3b5d4cf71e027ea5a87ebdc557bfc15625411,8686897,0.0008686897
0x7fe66218f06715cc02fe7802dc0a799f708032eb,10000000000,1
0x7ff00bcf90b9afe21c8f9af9397e3b0714928599,85646379975,8.5646379975
0x7ff013eed5976a65c5cb3db141aa60466c76d88c,599478,0.0000599478
0x7ff292895a5c2b9824a720453e18a57d12a4686f,11816,0.0000011816
0x7ff3ac4b7e6cafb1fd82314de7a628c629fff3f7,3762447797,0.3762447797
0x7ff58622e361018cda2b13d9a6ae26550da04148,10836720574219,1083.6720574219
0x7ffaafb456285624d89b88ba0f46bb710afc7a60,27802056389,2.7802056389
0x800557569ffd43618298a784486a8757342aea80,19973544974,1.9973544974
0x8005d02eb3764f81d60ec3c1aa20d6f9b2dd5be3,150000000000,15
0x8008c76d9d9484b6af5d53b7426b1c84a63dbfe4,38881715425,3.8881715425
0x800f91aa25b91ee3bbc1cce1dddff43cd2e62076,3,0.0000000003
0x80126de4976405f0e59970b19ed4fa55484c03d0,990971816,0.0990971816
0x80147017c469b97da3eefc10679c81d1a9d99b66,8,0.0000000008
0x8014ad974ede43817688978ad5a58178a020c2e6,19981943632,1.9981943632
0x8019067c09ea6587383f728bdc708f41590a12ce,3563,0.0000003563
0x801969e05b265ae9fc82f879e1f640f9b0c1adfa,100000000,0.01
0x801c9104010619e0bbc3ada9679d908f608758fb,5,0.0000000005
0x801cf581c49467732d0b06cde06e851562317a36,6703227,0.0006703227
0x801de1c3d87c085ad85ee27d13dfeba3788344d7,4954266602,0.4954266602
0x8023100f60c4043a740f3cb3753dfd8d2d1af28b,7,0.0000000007
0x8036dcf5c0d48b0807ba91a3bbbf7d6000760bb8,9014264268,0.9014264268
0x80379532b8dbd4c343dcc1e1304e3a5fdf637c80,27682049,0.0027682049
0x80407bbc071c34ab9ad0683c74903aba676775d7,281943632,0.0281943632
0x80433beb5a77abc3cd266e2f492ab2efb0604160,4,0.0000000004
0x80451313c3b13236073528415eacbec7a964b28c,2364,0.0000002364
0x804649548bd7a55d06d9f74087891d98e20d2fe5,4,0.0000000004
0x8048632d26a4e08bf07ab83a52f06e5383206230,4,0.0000000004
0x804c4c527f3b278a1b328ebe239359e1c1008398,449986114679,44.9986114679
0x804e8671bdcb69a7fc9eb20b981c54e9beb72749,28332595858,2.8332595858
0x8051448bd2a5140aab1dea4397afd6a39f30a8ac,761115,0.0000761115
0x8054f3f86f67254567ffcd3b7eb814d3dc4a086b,109093235232,10.9093235232
0x805e20d232c28be59383199fbc2f97117dbf2188,5,0.0000000005
0x805ebb94084e01da57c4bc70b6fe414af9148596,3776513680,0.377651368
0x806047b0334f95fdad3328694abe23dc7efb9591,181943632,0.0181943632
0x8064cab5abc9246422150efa696ad0b653b8c285,1750858344037,175.0858344037
0x807117e2428f7e63615907fc02d6f9f6ca83f646,49990971816,4.9990971816
0x8081a5c751fc26c6c9e6c9bd8fa5d8a798dbb6c0,4,0.0000000004
0x80826eafb89805afbd3f1cc275d96a01863ae082,85801339,0.0085801339
0x808a58a42346c64e412b9b63c7a069c2613d7e49,5,0.0000000005
0x8095dad1a7d6aad02d9cfb0069fe77e7dfcf4a29,2263449913,0.2263449913
0x809602555c7fa033620b3e1917489089e5513e9f,8663096156,0.8663096156
0x809746d86422a43b0a7f5481315e68a2ed395ad3,4,0.0000000004
0x809e21dde5226198cd3128384629d3aad9ecf921,7,0.0000000007
0x80a4b87f1037619915331a1235520111858f0f63,5,0.0000000005
0x80a7b37f8e813929680a4999b1ae2be8ab49f216,5,0.0000000005
0x80ad4c86e18b236d48623c2ca8ec7ed17ef71a24,1111991971816,111.1991971816
0x80b3d34bdbc9df60beb9a55997b4884e24f466d5,4,0.0000000004
0x80b4fde31fddf3d2fb67b012ff206517e7c36b00,1611,0.0000001611
0x80b7b446f809ee98066bbe114d6cab4a07613e79,381210802,0.0381210802
0x80bb6faa87b9ae4f5f6e192eb497400b859c4f15,2990971816,0.2990971816
0x80bc8d7b95ebc75564b490f31015a7bee4219dfb,45468969,0.0045468969
0x80d1ef5bff450a0564c12788fafdff09f1d8d76a,97500323,0.0097500323
0x80e0310b95cb13e886c712e6a7e5059bc9619f38,469018821,0.0469018821
0x80e6c132a29db5de2e61f0e2ea3ba29a573a383b,7,0.0000000007
0x80ec3ae958f7cd45f89ee727674b41dfaeb23b45,49926315,0.0049926315
0x80f40ed437d2b597c04317badd9238ff7e2bf230,3508639360,0.350863936
0x80f9a836923673bf0461d2068836ef5915d9dc4c,6,0.0000000006
0x80febbd9c3411d08ff88124b1e575a7a86b9eb4e,49977305754,4.9977305754
0x81045e75e7dbfcc248cb0af36ab5396a291758d8,95787599,0.0095787599
0x8104e85e61b98d0b305ada1e54f695f6520fc89e,7,0.0000000007
0x810542f15cbfd78eb2b652873b4fbd60479fdcfc,9839508,0.0009839508
0x810ebd36f5a314d97f736814f4e68cd187c3165a,355828,0.0000355828
0x810fadbd5f0fef62c318facdd9c3d3fabca30a66,4,0.0000000004
0x8111fbb9b70338a810a97a1cb433250968ad42bc,139645510,0.013964551
0x81137f754042a336c3b5196a213d12b635ff2c4c,48480754,0.0048480754
0x811429dd7184b3b198c3bf80765383eca390b445,128757490339,12.8757490339
0x8114e8d393915a02eae20bd60c30e776e9f56d38,14746532673,1.4746532673
0x81178d16ae28e520f3ec8eb55e8fb32f4d129d60,1958017,0.0001958017
0x812fbc38b3a4649aa57cf871325b723f03a723cc,381123891,0.0381123891
0x813266906953c1709ec68e0577110fdb12b687a2,6,0.0000000006
0x81373285b2da4453ffad45a5f1c3fa72a0341533,10971816,0.0010971816
0x813ee84f842d284661efb69c7a2ddb20a058d906,95740497,0.0095740497
0x813fba0fcc4efae3524a0b31a43ad4a45ea3c503,1,0.0000000001
0x8140b2c9d9ad3d68e122556e02243397e219ebe6,99358844,0.0099358844
0x815400bf42a37af49f0229b502a15c880ad14ad2,2058,0.0000002058
0x81549a1e1f2c53ab55c45e2cf38dde88b0b2a6d1,8787557713,0.8787557713
0x815fa8db8ebbfcd04630f64f53e0467645ccdd5e,59747,0.0000059747
0x816516fbc3817e1b08660415b8556da5a7c273bc,927114,0.0000927114
0x816954057a9e05c08bc208b80997460706442e8f,1,0.0000000001
0x817624700f0068884b7385da1964cc2aa07b5e42,7119226,0.0007119226
0x817c40415b78492654560cdf354222f428170fab,3,0.0000000003
0x8186bdc6ae5ca1c84cca856fc3dbda2b4c36cc5a,22307885,0.0022307885
0x8186f24558cbf7c08871b64e90ce993961b1daa8,448163136,0.0448163136
0x818c0318c90accadc6a34ded6ca75e71b9a62de1,300000000,0.03
0x818f45a339b9fa3bff54d6c2d24543eabf156e08,21039820902,2.1039820902
0x819833b76649ef57d84c2ae667c81ee34da9b512,65274,0.0000065274
0x819872e30a5bb65c299ae488ffa42a3c38057787,5,0.0000000005
0x819f2094f284fd0a9969549be37044b964cbb56c,533687847,0.0533687847
0x81aa73784e5ea39a67ffd70a58de4c0b50303319,599519,0.0000599519
0x81aae6bf29273f363a3956606e25c2f7cda141c9,829975,0.0000829975
0x81acc319a1a50c0faebd6882643a0cc8b6da5a18,24177814,0.0024177814
0x81afcf6dd79897cba488471ecec2f41bf3f7ca9b,52235164,0.0052235164
0x81b19e5c90a83085b9c83001a38fc8b91b7daf32,95740454,0.0095740454
0x81b7426326624bf14ddfeecdf58a053afea4f84c,79686030779,7.9686030779
0x81ba93b26bce8ca5d649b6607df15e6d45462d8f,157137324,0.0157137324
0x81be604c314f2c95bb433191a296e9be370d099e,4,0.0000000004
0x81c627d1b080428ec8ccd8fc082c54a1192a62d0,7,0.0000000007
0x81c8b2cf19b55f90846619a0be06958773093720,3,0.0000000003
0x81cc4ee8fd496979c976650888182787b6826b5c,10000000000,1
0x81ce8226ef830fce3dd8d8ce49c3be047a4cafdb,973544974,0.0973544974
0x81cee999e0cf2da5b420a5c02649c894f69c86bd,149563906914,14.9563906914
0x81d44ee7ec421db94ffb5866a06c66cb985a667f,10971816,0.0010971816
0x81dd5a023f872c300a90bcfefcb0edb6319b4785,31527588,0.0031527588
0x81de882263312beef4eb5c0dae729499c4c8a9d5,9973544974,0.9973544974
0x81e69a668a8e4bee6947f22b8b3e532685bf5afe,7,0.0000000007
0x81fd17b96506965eced90767cdc2b58c61673190,8,0.0000000008
0x81fdbf13e55e7b3c77378bd27bf9d345bae81e92,10971816,0.0010971816
0x81fe0574de9614c467198a29336fbbaabcddabc9,5665422,0.0005665422
0x81fea9f8b7b80484316aee6ef8fbd967e6cc4318,83319884808,8.3319884808
0x82039fc7d37fe260e2f70c35f6a5a8234b104d02,9,0.0000000009
0x820a417f5e2b4383987300c23f75cdadf01304aa,2520656860886,252.0656860886
0x8211878e3ddde71f12ca9d1fb5f32772dbc0ebf9,4000000000,0.4
0x8240655f718471e4df18f52c4e5e67aa3112cfba,5,0.0000000005
0x824316df9c7656dfc77d323117a75d41007478e9,1,0.0000000001
0x8245934220e9d95f25c95d6e8ce5fdad137eee78,24014299695,2.4014299695
0x8246e5d177995db6c0d14dc17c5497abc1aa55ea,8,0.0000000008
0x8253e17620409f423ebfc5b78ac205764615de04,540950023,0.0540950023
0x82546bc21c72b3e1a4af53149bea891df6f470f5,8,0.0000000008
0x825789379f894866455779e7ba867f0091d1c1a9,90971816,0.0090971816
0x825ac8a3cc5e6d7691a6a499faef98d699fea44c,463284,0.0000463284
0x825c1728948cddb6a96a4a212b44381bff4bbb87,4117804487,0.4117804487
0x826586827b473eb8d68b2128af978147620704b6,12729749525,1.2729749525
0x8266384cb479f7a7847acb751f5f0f95546ac0e7,11816,0.0000011816
0x82683f46c69e068f244d86103317b37ebbf93779,27393301,0.0027393301
0x82686d2aebddd28e87ed80a6f2c247682c1db332,134834492,0.0134834492
0x826b4b0c55221ab10b338f59b1b8eae22c09ec26,3,0.0000000003
0x8271a5fcb45066d77f88288f4c076e55fd61ffea,8,0.0000000008
0x82758d429ee7cf0f9eef4e3f1746ae5ff7b55819,3112095302,0.3112095302
0x827de84e5c3579f5767faccb8a9b59fe2561796a,5470349575,0.5470349575
0x8289194dbc703b6ef73bbba00993845452d44e23,9,0.0000000009
0x828a5457b8773e65f54632ee47eca18b9885d98c,11990971816,1.1990971816
0x828f1f1f631662a6384c36c3b310ba4b5e46bb98,1000000,0.0001
0x8292e2be365f2e2d6b0786426dc271489a5c8672,180087,0.0000180087
0x8296054409d8516b80d0bf6f1d9f5c31eca544ee,990971816,0.0990971816
0x8299f05ead00e19a7e895edb9e5577726f92b57e,95441723,0.0095441723
0x8299fd0b56c59548ffd64e43f0b7a1ac5c106b59,936368106,0.0936368106
0x829de816acb83037662a600e95b554952aa73a69,9700858,0.0009700858
0x82a5e3e6f88763072914f5d21b393c4d5f417e5b,95307585,0.0095307585
0x82af5efb7c66f385f410be08004a6e4c4132e385,8,0.0000000008
0x82c3a2783e645035ff4269cd7251e8889974172d,7,0.0000000007
0x82c66756bffa8b17216640224deb353fecc750d0,1416473988,0.1416473988
0x82c9e8f39786ff8db09c4142d2419c51ca50dcbe,3000000000,0.3
0x82cb0d316b6e6f5b82d86d5ceafd23376e10efff,94713281,0.0094713281
0x82d54b74880f7a734c333de01e5600c57db00ab8,2,0.0000000002
0x82d9a407f99a95db4671e7021d625cbd0787a407,313636700,0.03136367
0x82e88356396eb8d4645dc09dfd2c5821b5f88fbe,5091006332,0.5091006332
0x82e9656d384af1c0a6298601ad091d95cbb7bcee,67008,0.0000067008
0x82edcfe00bd0ce1f3ab968af09d04266bc092e0e,3194354285,0.3194354285
0x82ee52cf4e793926ba930c3b8e19735fcb83c748,944,0.0000000944
0x82f3ea3c41846e043646a50903c798c1d0d98166,3,0.0000000003
0x82f6d537e1db03836a21eef7642ab531a8021fca,202633,0.0000202633
0x82fa08ccdc02f2fba565434061f5e2c07a1c762f,9,0.0000000009
0x8303c27839e00ccc56f2169a2a99a63a352c0817,9660000000,0.966
0x83047d95883552eb7adba8f1037cda3688ca7352,86762025,0.0086762025
0x83085bd12fac296b4d8d3f7bcacabf9e585ae649,2,0.0000000002
0x8317ec9ce9735b77f1fd3f9acba99f77b1ec4fd8,159113874557,15.9113874557
0x831e0ba0ffea5c663222434d48e1a20719a016bc,977305754,0.0977305754
0x83211de347403dd8ff8c2c31c6d4768fc726753e,95012573,0.0095012573
0x832b21fa3aa074ee5328f653d9db147bcb155c7a,1,0.0000000001
0x832c0b8a95fe3ebe5f2709a966187d147347e256,85796819,0.0085796819
0x8349b919d60e192a09913e9e46c89678026efd3e,520000707,0.0520000707
0x834c9cdaf4a8dfce485883b794d60ec61e1485c1,7387089948,0.7387089948
0x834d2767cc4a8a0b0fa5a4cd0c50d8e08d32c76e,83857386,0.0083857386
0x8350cc084fb91e7066be3483db0741628056c80a,2,0.0000000002
0x8352b758111accdc52663061e4dd5899588b2653,15542444745,1.5542444745
0x835c55bb4c5ea5077e7b5c0707314d49bf5e941b,1331299,0.0001331299
0x83616faa1cda9b97f47721af73b5500d77212d3a,93322882,0.0093322882
0x8362d88b3939a89dddb09b5be2639282b24f6925,173544974,0.0173544974
0x8362f5e5d6681aefe385f16258e43cf1d11bf59a,544974,0.0000544974
0x836b2212919414f9755924929128be6809ccc409,9980021262,0.9980021262
0x836eacf18452a9efe0116f18dfa466c1b3c48ac7,12984992115,1.2984992115
0x837b46171f393f2445a3347d46c2ef57aed0720f,96290053,0.0096290053
0x8382a9acf115c059f214d1ef5c9400d3d0eda6c2,71920634922,7.1920634922
0x838abfe9b57828fb8efb49c46fb0e033706d5961,12607405,0.0012607405
0x838dbd844cd8b2e51de576edf6daa2eabf5892d1,248540590863,24.8540590863
0x839283dbd3fe843ae4a8c7e1d94f442a59ceea0c,969630429,0.0969630429
0x839c2f1061ea0972b74a2cb068669e4592b43c39,19990971816,1.9990971816
0x83a472bd80e6a27e7a0f4ced488c3ca4570bc8a0,95741309,0.0095741309
0x83a76d3d563a57b3ee7689232c3789e64ba71772,2038581847,0.2038581847
0x83ae38ff2fc5755b95ebd1acb8d04b12c4934a9c,5234,0.0000005234
0x83b024d27cb7c57cd0f7c63a4b681061c7e65abc,96100612,0.0096100612
0x83b6323792ee5931520ac2e811639d4063f83978,52324421,0.0052324421
0x83bb6c47b94a3c42bf507d7d22074a01ddbe51d2,11816,0.0000011816
0x83bbe9cfcc205bb8e53cba0b51d6db9386ce58b5,8890994373,0.8890994373
0x83bdc7cab24fea33a49458eb94553b601c856f5a,97322209,0.0097322209
0x83c1032a6112f01940da88ce5fbd02f43f406d4a,8,0.0000000008
0x83cf13873226507e23ffcffefa38c08a59a6b697,1902486667,0.1902486667
0x83d362de5580e712584ff9db3fc933584a11680a,1,0.0000000001
0x83d5d34537f2f09a1ce710bbf8048477951f05fe,10971816,0.0010971816
0x83d6c2ab78ddeef7697afe257cec1c916766a5ba,4,0.0000000004
0x83d9da4666378a7756cf69fd33996ef838e0ec0b,90971816,0.0090971816
0x83ec761f8f107cb32669020080287c5085c2e5f4,8403214656,0.8403214656
0x83f7321a05876f0bf973bec3033858bb0b91e37f,1000065974,0.1000065974
0x83fbf2718cf447d2d1ce6bd2ba3f18f7ad1a2a79,1074970,0.000107497
0x83fcb5916a5a6c1291451379c10fadc69941aa14,4,0.0000000004
0x83fe2f1ef062c0776a7dbf25360376691ce728a6,571538646,0.0571538646
0x8405cc7e2452ea3e69e50475a3c88449399366c1,7853933860,0.785393386
0x840ad08f4305bc4f9ee208d38e9bea182e3a2f29,90136680,0.009013668
0x84102a5425e5e7c8d1e6797b3ee846b61c3343f8,1359485,0.0001359485
0x84172967ca23f1cdadc8e2f3d41a3674a0807288,2599,0.0000002599
0x841aac2860d0f51c1fc466954af6a8665e3643e1,4,0.0000000004
0x841ebdeea8f592fbf7a88534d70597b588b77464,488263,0.0000488263
0x842e62507022f9fbacbe35daf571c7b8e22a7d85,308711238,0.0308711238
0x84301298d74d3c86ff81992b8d2476c9a6fa64a8,9756180,0.000975618
0x843034fdf1c4f89c338a8e66b13a2d3ef46b77ed,31125596,0.0031125596
0x8431f860f52a87b983a12a526a77527b44fbe31e,96625674,0.0096625674
0x843d2693431c6a20696e270713cc820d978df593,615615724,0.0615615724
0x8444fa8d3ff781ff47d06461007d6c92ad646fb9,95778230,0.009577823
0x84462607253bbef8b917b527fcab6e3b8256cf82,3977305754,0.3977305754
0x84498c1d61641b35ed7a64a1697789c3972c9be7,1,0.0000000001
0x844bf8fa88508304301f5938b46a269af1453400,8,0.0000000008
0x844dc38bfa4882eec8c5b85dceb08fc66a7a4fbe,59536691903,5.9536691903
0x844fe0e27ab8e55c5583c4c0605422fa32bdcaa4,3,0.0000000003
0x84511cb1a48f53b5320e5344baaa0a8a3d3dac59,99359865,0.0099359865
0x845e869fbf29edbd14a1e93e2390f993b0d4774d,15625453206,1.5625453206
0x84672cc56b6dad30cfa5f9751d9ccae6c39e29cd,1611218807,0.1611218807
0x8477f3fde5fe44177f34e0965e0b06b6ce17b60e,1959875,0.0001959875
0x848ad04d30b1b61b8c8b20e7835312e2d6bce43b,5833856172,0.5833856172
0x84908ad4510fe6392293fa140e194ad964fe75e1,70599338,0.0070599338
0x8491c573446c302e589708d80350db1e104516f7,974,0.0000000974
0x849345dadf8f8a4c50d72cf615a8c743a61dae2e,43337735631,4.3337735631
0x84987a094b9b7bde73788b00aa38671334a1ed2c,4639062837,0.4639062837
0x84a0415a50225626cde96344603ef73a1a88ef2f,3866738,0.0003866738
0x84a76ef79baa44052f62ac2b909dff5df1b552f8,544974,0.0000544974
0x84aa1655d1f3f3e437fdacf0f957176baffc9869,9990971816,0.9990971816
0x84b65f09058b5f50459897a8d8c4e1963fef35ad,1435311845,0.1435311845
0x84bec6cfa7b366490c190d8d1f9540ec7d81e0b1,2,0.0000000002
0x84c2fa2213267163b515a046a343eeb5b99cafc7,10981943632,1.0981943632
0x84ca849d51b2ce29d83f7f8baa445443215d40f5,1773821974,0.1773821974
0x84d628bf8aee96a40d551b3d0dd3cf6d56695627,2420695444662,242.0695444662
0x84dc1524ab97aea5d8895216b560d271b6760ad6,3061816,0.0003061816
0x84def84669396b7222e44c5cc33cb6ff7b2e107d,10374544,0.0010374544
0x84df064d561e5a896975267bb348f5f7c80f27c7,6,0.0000000006
0x84e6b0a97b839d454f55d1428d1e88285feb7e8d,990971816,0.0990971816
0x84e8def6ff6387f1c8207d68acc0b666f3e73f98,4990971816,0.4990971816
0x84ed727428b75be6600c9a276533bbcaa0b4acbd,93792640,0.009379264
0x84eed784eef2d87bb7b252b4267f9ee959e02356,43678327,0.0043678327
0x84f100fa83b9b7d5ca535ac9383bce23bf3a910f,471281792,0.0471281792
0x84f2bc9184710223440631ccebc5a4b565ff5c3d,28327261,0.0028327261
0x84f4c650c020dbd5e406b1a9668365d0416e5084,49300,0.00000493
0x84fc07be98f5f9b7bed3ceb0a6c711e2e21b092b,11973544974,1.1973544974
0x8506be34529f134f21c499b3feedc1be0e7179cb,98394547,0.0098394547
0x8506cff145f5666591b075e7b17f37d8cabaa2c4,26319189019,2.6319189019
0x85070c9fa2f31a5b022b4736c9f2c27ebafe630e,3604488421,0.3604488421
0x85123bda45bb736962a572c52d27f8603eda78c8,381298005,0.0381298005
0x851c743bf35c0ca628f458e68e0ec850bbe6ecd2,3174153163,0.3174153163
0x8524230990fcb573a4a9be9eae0d9059c2d603a6,162424564096,16.2424564096
0x8532ca8b710e4f9172bc754bc35d8f6106c16010,96075356,0.0096075356
0x853bfdc86db617e64e9fc16fbde189b3a8e0e6ff,154457702456,15.4457702456
0x853f9c076b6c8b59a287eb8f246e2ad2e12199fd,573,0.0000000573
0x85416cbd40755506e5adf142b968de72a297f247,213671393889,21.3671393889
0x854a396158c1dfa01a44061c471cc4720c463ffc,1112075379,0.1112075379
0x855179669faeb08c8f00520b9239be1e9de7bdad,181943632,0.0181943632
0x855314458768d5ccc923ee7698b0aee4a8e44eb2,292008713964,29.2008713964
0x8556a5d37a19854f230d5d3325c49cc605cea56f,1000000,0.0001
0x8558abe24699ef09885eedde8c83e220f1496086,93544091546,9.3544091546
0x855d3fdeed4299839164e42bff63b69b5e16997a,7,0.0000000007
0x856841db6f8bb2c80a79611344c021eca3312bc3,88047608167,8.8047608167
0x8568563716f07049b78a1cf13b11887a2b9d1b09,1822920389,0.1822920389
0x85789625bb437fe91085ebe956a2b6ae033782e4,96047964,0.0096047964
0x85854a6d5d6f564d8cb8432a4d2ddfad7f43f2cf,691937229,0.0691937229
0x858aa4e4337f0a67ecde1f0f06915ed253600c03,602410956050,60.241095605
0x858efd57f7e06b66ea30c7a2a1a77d7622e5cd8c,2,0.0000000002
0x85922dfa3df3668380c4ba79507251a24d8b32e3,276899930,0.027689993
0x8594b20469c27b211c1b251fdb37e3619fbee4cf,599478,0.0000599478
0x8597c71fc439cc3c0af876182a266606aaf0a17d,1,0.0000000001
0x859ddc18545481922e36459aec86f0f1efdb7899,24288469678,2.4288469678
0x859e24732c681aa55d5f89404bf2d1110ceb194a,64619643379,6.4619643379
0x85a008e1123ddc4b2b6b3abb5decd49a8e767852,2608404399,0.2608404399
0x85a0282e76cf7012b15f8d51965f486cd344687b,79990971816,7.9990971816
0x85a39da9cb45ac20ca543aaa3af0a80afd64ca95,7,0.0000000007
0x85aec45cc78a687f80470f21bed486324905a549,95740540,0.009574054
0x85b5594abfee34b56cbd4f07dd5ad5bca98b6190,1573676541014,157.3676541014
0x85b940b41e68dab0bfbba38d9651eb906e993098,93768982,0.0093768982
0x85be1d670d83310d466a6d99f4cf6027aa4f34e8,99440,0.000009944
0x85c0d1c8786ae98c72cd277085b8da3075309ebb,29500,0.00000295
0x85c24f8fe24b875ec56d4b0cc8611a885dca6576,94478971,0.0094478971
0x85c53b39c243ecd76ddfedba30bcf5408192e1e9,88598424,0.0088598424
0x85cd07ea01423b1e937929b44e4ad8c40bbb5e71,1,0.0000000001
0x85dc1f89de4f3513cb6ea94b4731768ecff10847,18763207952,1.8763207952
0x85ef32a59abd7745ba8e6b793abeff1e4be0f380,7,0.0000000007
0x85f58448cf17ecb14b4fd670e9a6cc74e7f7e4b1,138464337722,13.8464337722
0x85fcb25cba91f8df8a47508d0160017b69e5b471,96131159,0.0096131159
0x8602f3b429ac3450f9e038fa3bd6d581752c4cac,89948,0.0000089948
0x8603b5df388eb0a1790a70cf0cfbad166665cdb2,52414624802,5.2414624802
0x8604d59e03abbb4a74b83a63f44c94451febf6fe,3,0.0000000003
0x86085f36f88a45e79766e70c0e2df29ad8951b71,77,0.0000000077
0x861107cb9b5767792a25677e09945882c564f6c2,6042,0.0000006042
0x86244019b3c0376a952833c1c529ff91d4a3242f,599752,0.0000599752
0x86249d94dece5f5e41a3ab022c3650139246c719,91709491,0.0091709491
0x8629e57822831952063e6894e69579b2341488ca,6,0.0000000006
0x8639756aebfea66314fdfb9f693c5ba689c20de8,47717854,0.0047717854
0x86414608ac86be28c9246ac1598895283c7447b2,7,0.0000000007
0x8652767d52054d2cd29343369b19ba357f46869d,94319537793,9.4319537793
0x8652eec6eb0e654b4e8a5696df3bb0fa5c0f860f,97309799,0.0097309799
0x865446eae99bd35f2cb04d1aff5cfb33d9f7c10b,9689,0.0000009689
0x8657325b023d5c9377e75ce7ff56bf3a691d28b9,3,0.0000000003
0x865cefc296cb7f49256814606e2e7d09d9a912af,8,0.0000000008
0x865d9b877008e01bf15d0cd82e918dcd7fe30ca8,1810971816,0.1810971816
0x865fe532c9de6acb64ed41719d8df68a47ba55db,7,0.0000000007
0x86616e37b1660a09858f7628ebaabd4ee094b8c6,79,0.0000000079
0x8662c1bd4014969b3699fa20957002bf5057becf,76009571529,7.6009571529
0x866381abe48ae8b9e5d6064473fc7574becfc869,1068143732,0.1068143732
0x86701d3b448482212f1c33fd271040fecc907a4f,93768972,0.0093768972
0x8679bcf9cb019d1b05b89dca59d657b25d032c0f,62837,0.0000062837
0x867af6b39e3f113d62e6af8a3aeef1ff42d38669,61062837,0.0061062837
0x867b4bc123d52995dd577b1f6d440dd7fc7e74f0,986114679,0.0986114679
0x867c55acd5a4691d9336b26bb15c4dbede5c188d,8,0.0000000008
0x8680b61c2f2ca7ec8d70ae7274b9dcf62b0426f9,316,0.0000000316
0x868778267d60006652cd069538b8a64097f27d3d,93434753,0.0093434753
0x868987baeb6b29cbfc6a2d201e1d60b1309c18c0,990971816,0.0990971816
0x8692aa75ea440d21a2eb3b80d44eab767a573e34,61779997,0.0061779997
0x86951b2e7cab5c9cae52de4329c179432264a159,3761292406,0.3761292406
0x86a32698e1635e88c770423e97d334abcd3cb0e7,599517,0.0000599517
0x86a36ba1abf537b2b236472c7ec76365bc474ca8,186737298,0.0186737298
0x86a758f5fe32c3f72113140341f13c4366928925,11816,0.0000011816
0x86b6a171a3e9e2c193a7ce0d120585c3c4f87166,8,0.0000000008
0x86c379780ce02df1be731f354108bb8ad91a2f23,2,0.0000000002
0x86d0d4dc415b6101f5f5d352e1f34245a4009dad,950,0.000000095
0x86d67879ce0ad6bb4f58e87c792890ded462b565,290971816,0.0290971816
0x86db8f5c4bdd66a07a4589d305fa2e8f25f7f933,8,0.0000000008
0x86de3063e694817095ed8f65b6e075d542a25671,1997370,0.000199737
0x86e0145fa3c4f292bf6c65dea27d270fe201b5ea,160256,0.0000160256
0x86e1148f7ef17a765ea9f7c3f6b068a24295abc1,10355476160,1.035547616
0x86e1775be37004678f7ca0158145599a820a0c08,93377711,0.0093377711
0x86e24f194fd809cfa7e3d38c216a44b7dfe2a6c8,4089,0.0000004089
0x86f36e0fbe9b50371a306e8126916aa877d0aa51,4096910,0.000409691
0x86f3ba119f3c59310a41fbd81cb621307f0b8646,1153658844,0.1153658844
0x86f7670b97eff2624d6c904e371fd96b0fe76126,999827547,0.0999827547
0x86f8d5f0d89e0cc515774a0188f45b9ff580b694,7,0.0000000007
0x86ff9a5c9c2ce39f7a29468cb5e9e77aeb5a37a4,33027053,0.0033027053
0x8709361c3479e60f1c281553b2a4ffb56598f051,13990971816,1.3990971816
0x870c597d1b52dfc977169778a591f1170b3a2338,5,0.0000000005
0x870dc279570833a8c5a72fc7972681db9a96cfb7,49977133301,4.9977133301
0x8710111499932c00afad4e1f11e4fb227f5e973a,7,0.0000000007
0x8714d8fb295c64394e862939ac8de61db3c8994e,1475082487173,147.5082487173
0x8716eca6ac4a59dab9abbd95a4a47cca5334063a,895704,0.0000895704
0x871cb51a8bbed984c3591810719e2e4e00bcb4df,101651854400,10.16518544
0x8728c811f93eb6ac47d375e6a62df552d62ed284,4,0.0000000004
0x87301cb48676e827362e02399f2b0c6968371295,72915448,0.0072915448
0x8737d05ba6c8d4e865bbfc2bd4991eab484211b2,986543251,0.0986543251
0x873820d7a133d7ebbcd724d3891a07ec52a8e673,99856281,0.0099856281
0x8739f389b63fa70a396ff072167cc2c65158a07e,8,0.0000000008
0x8756606778aba204750019abe1e23f492d207a82,1000000000,0.1
0x875961f2eff575b9c9e05f25b2bc339341e489ea,10000000000,1
0x875a498923811a9174e252b62d7e759b9a8c0d4e,659009932,0.0659009932
0x875f2c6e564d924cb4a97cf568c36b24c2385fc7,9977305754,0.9977305754
0x87656671f1dd7f34d4560d216b807c66ebc6b7ab,82738359,0.0082738359
0x87788b34fb8c1fb95e00d33a734eb594d46e4d49,12989717083,1.2989717083
0x877f241413a54b22941174881fef7f55c965aa17,943631,0.0000943631
0x8782047442cfde943b711636c930116ceca9cb7b,14053194,0.0014053194
0x878f1bd0417c7d6d7e30e0ce5e9a16cdd5b056ca,5,0.0000000005
0x87a16f62dbab83a71da846a441d3148eb3f442eb,92639255,0.0092639255
0x87aab57157474c38a3518b68189b138914e479ca,92735443632,9.2735443632
0x87abcd6c291ded29025e88f50dc5e971b950bce0,9,0.0000000009
0x87ad64fa25c0d2d462d8a56f459a378427ab0495,43379460171,4.3379460171
0x87b5062947b63431d90707d39bac4c25a34a6835,9,0.0000000009
0x87b53428e47fde614d2f63c746351f0927d5e599,103790699251,10.3790699251
0x87c7e3729cbe7ff79b554a2ef37b3663a22ef26d,9700954,0.0009700954
0x87d1e6962002d994b11f3f4c60f139310a065b89,80971816,0.0080971816
0x87d617dbb2d58119a5be94aedd7f858d27f5bba7,8,0.0000000008
0x87ea8190f9842a9162badba7ce31f5519ed2af86,690971817,0.0690971817
0x87eda9c656ba93a41260df613087fa016e6d7697,118,0.0000000118
0x87efb9a86d5f144465cdb3e62029296f0201bddc,47089948,0.0047089948
0x8801055268d8b038856005b5fb504a9c8c63d9ca,5756431821,0.5756431821
0x8802c3a7831759345c872f8ec4e493ca107a14d1,9,0.0000000009
0x88057adb788b601c5b7dadb07e5365f278a8cfef,3550997362,0.3550997362
0x8805a5e3353e9e583505c50b9cfc36970dba0d27,94510159,0.0094510159
0x881606a06f1da71606c4cff57379eb0c09805bbe,1,0.0000000001
0x88352f05db07eb5fd23759a6805da148281f2053,88,0.0000000088
0x8838004efd726b27dc00edcfa790c781cba0cf33,11380465434,1.1380465434
0x8839da9ee712aaafa174aae8252911c516060e81,3071816,0.0003071816
0x884108f0dcf10473732d549a48138fcdc68dbad0,57,0.0000000057
0x884601543d233d0eb221bc34300b9cbf0aa22b79,1,0.0000000001
0x884849762c524f34d4fdae5b6adbe531b2ac9635,1000000000,0.1
0x884ced18cfd114b67db35e674fb7f47f628220f5,26786091396,2.6786091396
0x884d6fa3a4b349880486ad4d7c833ca968c785d8,8879137672,0.8879137672
0x88527d4091f8474419b3091fbaaece0c84bd43c6,19556783845,1.9556783845
0x885b59721d3b4c7c773ec0ffaa207416dc9df3c2,599445,0.0000599445
0x885b72e5b87b0589d9f071df49a746327228371f,7,0.0000000007
0x8862cfb0e1c94597283af9846572665bd710ff82,971816,0.0000971816
0x8862e2121072422b673463932fe5aafaea08ec0d,2176130284,0.2176130284
0x8865ad122c3a3a48465d033bf9c6d082b49ada36,180704963,0.0180704963
0x8866d6dded432120f73ac63e915c3950b64b8674,9,0.0000000009
0x8868efa9452ee5fc3515c75a06d8c5767a902037,1000000000,0.1
0x88827899fdca6049bdb8f945cd9d3baab515cba9,7,0.0000000007
0x88844185fa124f6f620578afc57037ebedaab840,3811092,0.0003811092
0x88858e536e37a703e25098ff242ec5a1e1313d2c,4,0.0000000004
0x888989edc6b1d3cda7f7ad0051f3c5cce8ff01e0,4652470088394,465.2470088394
0x888eb76fe785d44cf68b3cff6db3b2b4932af8fe,97732,0.0000097732
0x889df98b883e7e10e82e9b47890e0e8412ff165b,100971816,0.0100971816
0x88a0626eefc82dffd52c0908c26aa3fb2176af59,972915448,0.0972915448
0x88a09a05b60e5649e6f20b45d305d80d44431d42,5128756152,0.5128756152
0x88a0efceb89d7a940c3d97ad99112d19f0c18fcb,3,0.0000000003
0x88a39b052d477cfde47600a7c9950a441ce61cb4,778160540,0.077816054
0x88ac62b294f4dde7ae7ad7daad85378bd939893c,2971816,0.0002971816
0x88acab51c24a3f406f5643115832c4791da22999,93451840,0.009345184
0x88ae893350c6a715030946686af3efdf01c7c545,8,0.0000000008
0x88bf2e0d6a7b400c00e2075f5972b5cbbac85003,93379364,0.0093379364
0x88ca217b331608257f4e6f9c4579c04ed7fbdd0f,1,0.0000000001
0x88d26f4d39eac066bf5a648af21524fb5f717448,190776,0.0000190776
0x88e137bd3c1d8e94162b48034b221335f7ace9ff,7890971816,0.7890971816
0x88e57c01beba95b51006df6de835fdec38d370af,3468385851,0.3468385851
0x8908c7ed19595bf94b0622efb4e098648f16a26c,62004433193,6.2004433193
0x890b0fc776a60a8ef5179737afa17ee3cc1b89d7,1893,0.0000001893
0x890bf4a988c8c846fdeb8a35aed0f53fb139904c,875268746,0.0875268746
0x890f3b94f61d0484e1fbc7f05713d5d22d110663,222462780948,22.2462780948
0x8916cbe0a294d0ab449303277d97b70a3625319e,2,0.0000000002
0x8920ec757817be05eefb84b4adcced1dd935b2d8,55634293256,5.5634293256
0x892b2ae9cc735a00ad84d64fe98bc44573a42979,95740476,0.0095740476
0x892c84ec7bba0da37544cb1a218ebb97f2de4422,4175,0.0000004175
0x892dfa37253a3b1b750911f662276f526261c75f,194323964,0.0194323964
0x8930b8bb6479e7cb19a9ae4136f872dd853e42c6,972229358,0.0972229358
0x8934f31c116b2c654084103ac3050f96c8a04172,12509798390,1.250979839
0x8935e060ef3385a4b090aeb3b1dc788a69d14584,900000000,0.09
0x89367d2347ce4c68e2ed5bbaa94a5a04c01b7319,11474842,0.0011474842
0x893a83f5521001559883cb9682b15439c023e54f,2083426974,0.2083426974
0x8948d300b0ce3d8cb8dbf12129a1a7c779a36084,7,0.0000000007
0x894ea3dc9eb334a4509fc558b44d336efc18731f,3,0.0000000003
0x895a258cf950d5b0b8538115b6906770fb82b0df,10000000000,1
0x895bdfb315204d67b5784a3c9ca9b92fee412e47,1880234,0.0001880234
0x8967b529a879e14c3b95a5a5a13b8876cc24efad,4,0.0000000004
0x896c20da40c2a4df9b7c98b16a8d5a95129161a5,196328771031,19.6328771031
0x89795cc75bab93b562a673b8fbd9c32e2ead2bdd,1380382329,0.1380382329
0x897a6e6bbaa68d26f965949f1bf0b7dff723f22b,800000000,0.08
0x897a7f6af47881c62d7ca7e3dc5bd8a1341ad8ae,2211543121558,221.1543121558
0x897b85afc77f884bfa8b35e19cafafd33e959563,4,0.0000000004
0x8982aa50bb919e42e9204f12e5b59d053eb2a602,90000000000,9
0x898582529c8b0c033aceb256acebe38db264d7ec,599113,0.0000599113
0x898b7edceb1bb9dad0dcc7bf66d90c2cc3dc61aa,1,0.0000000001
0x8995379496fdf2433a2c9d0096049caef2e518b3,93530062,0.0093530062
0x8996844dfbe8434d9293341100c30b4ec3dfc93f,5,0.0000000005
0x899edf156e73c7d2bd9cc888c40a62819ab4f564,3972229358,0.3972229358
0x89ab915e810038fc65fe731f04abd8fc08d9f8b0,93540271,0.0093540271
0x89b06faee1a95b4198b25a469d506ed462762998,470706441098,47.0706441098
0x89b4afd880e18e31bc249d978d7f4a3d702b7fd5,84556089406,8.4556089406
0x89b7ac5c7c6e4dcd71737b5f25455be099e6af88,51709740772,5.1709740772
0x89beaf88f554d255edb56ee1bbee9052282b1a0c,27526379,0.0027526379
0x89c2ef42c1e9e190f6c150581c1a54c43173e8d6,9,0.0000000009
0x89c86b5747e1924f3ff9b07828ceee16b12714bd,81,0.0000000081
0x89cc0c50ef4f402b349d56f2b5ec325f7315772b,13915952897,1.3915952897
0x89cc2998db319a9ed04bb25e6623f6e795f68a95,103676530,0.010367653
0x89ce16c1e1d81321e633bcc9d806f02667535aec,63641779,0.0063641779
0x89cec523d481204d9eed79448e921207c21d2963,9,0.0000000009
0x89cf7fb9dc5e13cfd63c4ba23928ad4fc4503519,73354,0.0000073354
0x89d19c7217f046df30b72cd5799268f8194ee99b,2,0.0000000002
0x89dfc31282cf6d65759d7dbc636e2af191810f8f,231148,0.0000231148
0x89e3472e80a0ca6de8c6e5b5af5c359d31f9c062,2,0.0000000002
0x89f1ee120dae486f13900085b81778df382c66e8,262373301,0.0262373301
0x8a0ba6db90291e2d0813d89de29e57ea94012ba0,11816,0.0000011816
0x8a0fa631cef135e2502adadad201ad32840458d3,1,0.0000000001
0x8a10c33c18d1e624611a44aa7829da22615b15fd,85800457,0.0085800457
0x8a156e6245440dcd8755bbc680da534f3baf0665,6080475,0.0006080475
0x8a15dce7ac08ebb735387459665d8e40a20df174,1851700933,0.1851700933
0x8a1672ac9e44c0199dffce8830a29452f3eb01b9,2666921385199,266.6921385199
0x8a19d26887722c5073f90180a966a5bf88ef5210,1698621629,0.1698621629
0x8a1c4a55bc221b9d4acf5270dbb4325fb74872b7,95307979,0.0095307979
0x8a279b6990a9348229f938110e02d9897eb98bf8,14111367,0.0014111367
0x8a27dcfbb08f5cfb867dbc1de5dfab7f2be9ec0e,895094,0.0000895094
0x8a2e722c2f167283e38ffee0ee5f1a035596915f,349915994840,34.991599484
0x8a2f87b20a48e4db73c9e1f936c7fa5bff791bcd,952443,0.0000952443
0x8a38157e7105cc376bb5a1a2b2949dd6aea3360f,9977305754,0.9977305754
0x8a3a7dc92469daea3ee7b814f601736b5e2d758c,5,0.0000000005
0x8a3af0a51ecc23c4eb0310442214a49e1fa81759,3,0.0000000003
0x8a42d2745d354bc6ece9699eaad5185555666440,8,0.0000000008
0x8a51350a207dad8a3ef643747e753473ba16c3a6,151625752,0.0151625752
0x8a57824bf8657b2c69ed1adf04b3d277e343202c,8,0.0000000008
0x8a58f936df0a6b4431352b94a45d245831c61aeb,6,0.0000000006
0x8a592eea40baa74e32f726bcaf90125eb82fae54,1981944010,0.198194401
0x8a5933c09ea5d64d22c48cece720141090e3d4ca,6,0.0000000006
0x8a5b0cdbf2269da1bd59687024d257d5ff6496ef,87936111126,8.7936111126
0x8a5d63b5a6f571f693b7590829930ebab15ab29b,93219221,0.0093219221
0x8a5de75eabf88fef629d4c3f19995494a25c55d4,610100914,0.0610100914
0x8a612fbf6786f8f836d509bcfe1d79bb4371d7ac,58259954877,5.8259954877
0x8a6f59aa1687579785f00c42fbfcb73e36172dd2,46474,0.0000046474
0x8a726225c0f90e33ccfdd4cb8ec8c8db5bbf9a44,95740529,0.0095740529
0x8a7d00286af92ed564f276070cdd3b2f456cfaa0,544974,0.0000544974
0x8a81afd8a7b6897b8572212e413c7c1b02efe277,1152798875373,115.2798875373
0x8a821dbb14902a93f19e321eb2f5756640bce140,7632,0.0000007632
0x8a87bd0e269448682266e69f7f53b01c30ee1daf,94707597,0.0094707597
0x8a8a47ff1a1cc3e24d74d902f5817c84d6e07ac8,3,0.0000000003
0x8a9319bb46be3bfbe96c92aad77905218c293134,2000000001,0.2000000001
0x8a9ae3393801cfa423a54e1031639cf8c6f65fbf,1,0.0000000001
0x8aa4243ef5fe3d6ebe375fa6d47a710266cb0caf,21943632,0.0021943632
0x8ab0544ddb834fc843f816fda44d1d1b793e95bf,90971816,0.0090971816
0x8ab478b9fb2c158ae0d8d2b6dc5006bb1b272683,1590091854,0.1590091854
0x8abb4dfe8fcf1d683bba67ea18d082cc9a8670f3,6,0.0000000006
0x8ac06e0f4ee0df7fc5e3b1af41f34b855f1a294b,2984535197,0.2984535197
0x8ac12779cdf932553fe3be0a576eb3150d8d38dc,1115570214,0.1115570214
0x8ac464a8d32f98c9d2da47afeda2d51d9290e38b,5590399903,0.5590399903
0x8ac81055a77a4b38053582c356761bc1036d0ccd,5143,0.0000005143
0x8acb67209a41ed0cb70cbbcbc23c1975c0582659,95787875,0.0095787875
0x8acda8d7e34fff2aa56147ba24ebb2dc9ab932c5,3,0.0000000003
0x8acfb693e753956b1d8a2d51d4135f39036fff37,6,0.0000000006
0x8ad48bafb6b09a7351535adfc581341f978cddc3,3,0.0000000003
0x8ad78e4d523481244b80f2252f37136872adc1fd,8057205373,0.8057205373
0x8ada3a8064e8f53c6ca77d82257e41b60c6c8b67,637806,0.0000637806
0x8adc10472288e2ebe0c3bf5703979d40b3592ff0,77342167405,7.7342167405
0x8ae27892e2084bea16907c18421aca76d3c755e2,14,0.0000000014
0x8ae8b2d61723a072738be9239c9cd6bc9e02af49,652660492,0.0652660492
0x8aea3578acea1bb62a63586e1a70ef1a340d08ee,6,0.0000000006
0x8aebb3d6363514465834eeb2dfaad67189cd8594,1990971816,0.1990971816
0x8aedbe543f026f1ebd44679b38e1f0f567690447,677305754,0.0677305754
0x8afe22557c65380b122a514cba998bb7405234a2,98911037,0.0098911037
0x8b0a7b81f68772cc3845bab9c80e562c1eb16b91,453059651999,45.3059651999
0x8b0b9d1a908fde071b04988c6751e7d5fd1debf6,50374,0.0000050374
0x8b16f57adf9557fb1c57f92d809db2a558451128,30042790166,3.0042790166
0x8b1a7beb8ad5b621bea557ff6788a667d52afa3b,381183486,0.0381183486
0x8b1ec65671b713937034e14c580dc0207232fbc9,98394528,0.0098394528
0x8b274358d75bba95350f2b1e4be5e270f00ffdd3,60990971816,6.0990971816
0x8b2c572f1bfa40410fde5d1094db1495d4bab97c,236089,0.0000236089
0x8b373c569505316a8950c729961d2225c68e44b6,84636530,0.008463653
0x8b3f03449c5986c00aa6332470857b106531cef9,7,0.0000000007
0x8b46490ddd571c7baeb624b5b32576e4df419025,1201096479,0.1201096479
0x8b4b5b9acb0719420d282ad35628b7348fdfa9ee,3182924,0.0003182924
0x8b4c9e5743882f5f9253f5742814aea3b7c7fca3,89281285,0.0089281285
0x8b4ea6e60d517895a63043cadcc990cee558554a,1141839904,0.1141839904
0x8b5edf418f13fc05a090d4182fa0356f9f6d69e2,10981943632,1.0981943632
0x8b6108b3349355b5b6f4cc3237739714a9113be3,14986114679,1.4986114679
0x8b617f294b9d542799fb6b14521691734c9de7e8,90971816,0.0090971816
0x8b6b50ba94357eb3dc5f306ad691006220c316fd,948898476909,94.8898476909
0x8b7922a4d962eec1bee730b34a2de3e7f6beb162,6981153087,0.6981153087
0x8b794214a34edc7ad39964995a2c0368fa762143,5000000,0.0005
0x8b851d5baa1c536af28083e160c17e9b73475969,3415781956,0.3415781956
0x8b8729a8400b7cdeb6314762c54c2cf6bce52ab4,11816,0.0000011816
0x8b88eb924ede6ca345a9c218a4b2631dd92ae580,61701,0.0000061701
0x8b918c0abd57888e1e5e7862b20cb6aeaddf54e2,183633843,0.0183633843
0x8b95ac8cd4d1b5088d5adf3c2eee0c7a1dfa4bd7,10223544974,1.0223544974
0x8b9869a87d5d5128eb742fbaed44441e90327e10,7,0.0000000007
0x8b9d3112be18fd7909756e5c9a946bd28a2f9977,1192820674,0.1192820674
0x8ba0eab9cc613b6af44645cfc3f5ea6e03e0fc91,8,0.0000000008
0x8ba18f415b02f26ea94b592497b68b9bed9ff872,7,0.0000000007
0x8ba4a7c383b5d31175664a224858dc7ea0c80df3,5,0.0000000005
0x8ba60de1316a06665432fa544c67915287348247,3,0.0000000003
0x8badbd34bd51b589109e78adbfc7d40d52624409,1,0.0000000001
0x8bb1af489d1f79af8b0fcd079213876fe806bd70,53146,0.0000053146
0x8bb2cae26281cfe37b5f50ca0bceecfe30d552b6,47670053,0.0047670053
0x8bb4d2594683c05b20d6fe9c6cae669b52aa3596,3,0.0000000003
0x8bb53244772ccb7050e022fe285410cf85e96c6f,44811062837,4.4811062837
0x8bc1f4cba6f416aef8f873b45fcfc3c049f28d32,8,0.0000000008
0x8bc2cc87c7845c05ce97ceff2f6c1b35dd36ade1,177008729,0.0177008729
0x8bcc76c08dda78cce62318fea786ce2ccb30d352,457024263,0.0457024263
0x8bccd5fce3b24beab61d3b94477d62c1efe03b47,5,0.0000000005
0x8bd93a87cbcd4b9353e275be9f0413b32148fe82,5457928362,0.5457928362
0x8bddd78f50347b8d36c588c43cec30bd5d57c17a,69544974,0.0069544974
0x8be25fdc43213199ced2e6220e81c1d49c0e252a,500201458,0.0500201458
0x8bea91b9d68d17b6114344a1076250191d394bc1,19,0.0000000019
0x8bec843ba278ee7db3288374d2228c520ecff8bb,9179618,0.0009179618
0x8bef77fdee13ff8c17a9eeacf7e50dcd31fd9143,9990971816,0.9990971816
0x8bf58b4022550b8a24152639b47ce34e0b815468,57317984440,5.731798444
0x8bf95edf6d02149ce100c2374a4b299bdf24fe5c,36582145,0.0036582145
0x8c05dd731d3ec61a331bcbaf241c78615435d894,973544974,0.0973544974
0x8c0a536e7839c89883500ca02d26ead1e8d67050,399998628,0.0399998628
0x8c0b70aaca9f95041a2bcc555b2fe360a2f64443,199348335,0.0199348335
0x8c0d3735c3eab8678f3e85abb3c8fc49c9d0d28e,1957338646,0.1957338646
0x8c0da62b2f992ec731ce92fc30b1b5227d8c14a7,101470149,0.0101470149
0x8c1caf2b40e7b376948d7d9c0a0933e85673d7af,96290050,0.009629005
0x8c1f42580657f1cbf9ca055f94a6f22c0ee8643d,105134436653,10.5134436653
0x8c20ea4f989ed5ed85398ea1bb3df5906f1fa19b,242264853,0.0242264853
0x8c29416cb75a4e2e7cc9091f8acda55348d7a191,963247980,0.096324798
0x8c29cdadfc797c775fd9ccb3cbe8856cc3b29aaf,990971816,0.0990971816
0x8c2b7a12e0a0b40f9c11e3bb80fd2e3e011076ba,3,0.0000000003
0x8c2cad6d863ec3a6773af8a047689494da2d1640,226,0.0000000226
0x8c41145cd8a78daf5faf872c8aee1a98231f8da1,5873236832,0.5873236832
0x8c437f4ff59b3ed660081a483a0c61528a1617c8,7,0.0000000007
0x8c4a7eb9d45d410ff45919c8308c71243234b49b,9977133301,0.9977133301
0x8c57d1fab10d4b78f49ef5c6abaeb76a63710f61,30919645452,3.0919645452
0x8c5b1bc92aa03037d2827a70df10a7f02b6096c1,2,0.0000000002
0x8c6054bac7a41f0216f48f9bcbc44558a4e240d0,23987780425,2.3987780425
0x8c61e751ea89ec0b044967a7e520c3a971709ae1,252287268,0.0252287268
0x8c66d150ae74789806b1bd2f57656918eccc4b2e,41069294,0.0041069294
0x8c679300a65f791ec4885d8089c78fe0437f6636,7,0.0000000007
0x8c684e08748ee3573aa093bd055aa47e6ecf7c79,943632,0.0000943632
0x8c6d754624b5784f9d97776bbaae30c95595102f,7487,0.0000007487
0x8c6ec184c3d2b8984a6178b46c48d9c3dde2832d,8,0.0000000008
0x8c6fdbca2070590d7f2ce5b2c1ed1c305d968e5d,2,0.0000000002
0x8c71ee3dce37cf2becdb7d6a6310bbcb3bbf87f7,105111062837,10.5111062837
0x8c7ae0a1b1eab1f3bb317f93982daebfde420365,89948,0.0000089948
0x8c7d6f1da923f8f369c5a4ff160a1429b88ad351,49435538,0.0049435538
0x8c7e287234a2728b774204700c4f1a82aca626a3,4973544974,0.4973544974
0x8c7eee2bea0452424e89097ae3cfda4d9d82035d,64516790,0.006451679
0x8c8580d0a7d0fc256acb1447928f8a70be2f6fb6,859,0.0000000859
0x8c8a2a22ad6f3d87710323182ab275d754b4c415,1,0.0000000001
0x8c995ef54b22b1a7ccf892b0af77e601459dc8a4,13330265075,1.3330265075
0x8ca5709007c6f06180e6145cc1a30f9490126ca1,110628304142,11.0628304142
0x8cacde53d63fda23a8f802653eeef931c8528cac,42187892791,4.2187892791
0x8cafbf2ebdf8493574434f63aaec13033df99019,90971816,0.0090971816
0x8cb170377ae568473093388b0919b2f904c253ce,9,0.0000000009
0x8cbe2f3a3017f0966fe6b4bf13dd262a404f0ae0,64403908075,6.4403908075
0x8cc2a925f135b5d022988a7a46933278e64e67a6,9,0.0000000009
0x8cd8dfa254b8fa98c07b8d39fcf767086d145833,2,0.0000000002
0x8cd9c9129f1b04d87fe0c3195a71072758f77698,61865150767,6.1865150767
0x8cdafe8d1f68e74f0f51c6c54f852394daa25ff6,8683750753,0.8683750753
0x8cddb8c21c0d6a1aed622a61695b8a6b85d717e4,11779746147,1.1779746147
0x8cde41037889a076986c9f701f88d88d9ba0903d,95310455,0.0095310455
0x8ce9291f77195877658ed285a42f34e12a3517cf,24626905,0.0024626905
0x8ceda86e3ad5a99754858dffd436a3b9e148fe70,163347483,0.0163347483
0x8cf0a85ab3cdbb2a7c84e8ab4ac919f847672c53,3811062837,0.3811062837
0x8cf77068a6d4a719f98e74061320d16193f798ed,1,0.0000000001
0x8cf8ebcd9442c2982147f5c6f3a9b578601dc72e,981941100000,98.19411
0x8cfc24ad1cdc3b80338392f17f6e6ab40552e1c0,46184,0.0000046184
0x8d005cc8c0ff30ac7e2343351107de2591e3c59a,1491062837,0.1491062837
0x8d14fadd3cce9a7fc017a367bfb3b94c8109656b,10947089948,1.0947089948
0x8d15a13b30c87a3b6add41bf6d5983fa396a6c98,3467091312,0.3467091312
0x8d278ad2e9f114b359c23d9b1a86e015a87b228f,2961491614,0.2961491614
0x8d2876ad4d2a994c529f19d846ca541015dc3f05,1,0.0000000001
0x8d2b82eee45c0082177c8badb839758c1590874c,3614818674882,361.4818674882
0x8d3d7ab70a2f05a5b8c345d077efd786dd21ec04,9953529,0.0009953529
0x8d508f7b7b4e8932cf67f0038c68d3919a2520a8,8,0.0000000008
0x8d5439eefcd0c548b927ff3340236de03599f6d3,3090971816,0.3090971816
0x8d5787dc08cab6942d696cf0186bf89c2e572caa,6284644552,0.6284644552
0x8d5bd2aba04a07bfa0cc976c73ed45b23cc6d6a2,4217391679608,421.7391679608
0x8d5cb7eac9dcd1da092eed4b84e143ce44952870,599479,0.0000599479
0x8d60f21c0cddd0e4b7e117a8e2ee596cf4b7b6e5,137847964,0.0137847964
0x8d654c864a81257cf71917ea24876eb499f0ab17,1,0.0000000001
0x8d65af590dc056a9219682cfdb1041699ae29951,10971816,0.0010971816
0x8d6d5cc8036d6b13073c3683086310b43292d6c8,6,0.0000000006
0x8d74d349ec544ffeddc320d9e1e4b1144da80e65,1779853230702,177.9853230702
0x8d7ac2ee420f0af0f85d8cf6bbbf00addf1127f7,58870865,0.0058870865
0x8d7b29f782681ee57ef2411ca1983983ad8ff00e,555,0.0000000555
0x8d7dc5eaff916fde1c5badb3029081fd59cc4e32,93540858,0.0093540858
0x8d8c16b065b539575f91e3bd4a130b9e524b280d,5,0.0000000005
0x8d8c7e6288e41892edcad772a1d07bef7bf94e21,200000000,0.02
0x8d93a78522055f72e2c799c8f8cfa15867cb1665,4,0.0000000004
0x8d93bd580f31238422000087c5c71bf110dff1d8,11816,0.0000011816
0x8da398da86082853a402a63f04142215f99e6447,4,0.0000000004
0x8da6d4927af234cb29ce84210789d8827561edb0,7,0.0000000007
0x8db65879bcfeb4bdbcf18638bcc8acfa3e735673,6,0.0000000006
0x8dbcacf5043b5455746e1979efd3b3effc3389f0,14657293543,1.4657293543
0x8dc59d49cebe4907476c9ce8300aa62617b24f16,29922406536,2.9922406536
0x8dcace87066f1dea9b46394d14d4b104db3c8534,98911509,0.0098911509
0x8dcee31be04d292debb881d191b40e9da635cfd2,6,0.0000000006
0x8dd070abaf7d1d195aa38ee4cd1cb6a4c67aac05,3,0.0000000003
0x8dd096a65f960d71b05712d11d58a719d30c1d04,3,0.0000000003
0x8ddee0527b0c8728560660ec3696a95d35173a87,2316749,0.0002316749
0x8de28c5f15d5a3cb7d2c3f5d016fc1e8513cf908,2485190647,0.2485190647
0x8de48d5a62e9184f64887617e3fe037c1ea53046,1058704989,0.1058704989
0x8debebf42640e422c38c284bdc67a654be5fd43a,36617979838,3.6617979838
0x8dede926e912ae1f554f635e1d518f0b5523e989,9,0.0000000009
0x8df267e9ef380ec9198fe2b381cefa4fa258d70d,54685062,0.0054685062
0x8df3b409c23ca8f8a55016557e03d5d296345611,1573544974,0.1573544974
0x8e007972fb48f69852bb87e9875736dc1a9821d3,93792647,0.0093792647
0x8e057a6aabbafe33a09b11c205ea342383ffd579,6999083,0.0006999083
0x8e08310466429dc0433204da546d23bee48fe2ab,8,0.0000000008
0x8e0bf655c1e90b4427c99a445acc37ceb37b7fed,999173492,0.0999173492
0x8e0c18ca3c5d093fdf251f7bbcb0f984b0d0a266,583754287,0.0583754287
0x8e190a767aef17fa36a64d548f2cd342d3e45aab,257688183958,25.7688183958
0x8e1cd3978f35429f2b43ffcc8d3eeab1c84f125f,155435,0.0000155435
0x8e25b8cd301890f86ed176ade6139306264f6dba,100000000,0.01
0x8e2920ecf393e8ec0028496c7a10a4bfab09bf86,19990971816,1.9990971816
0x8e32fd98ba65d7fae65a71cdbc797006356ccfdb,6,0.0000000006
0x8e338376f62edc6ee3895a6a651f5f94cbed367b,908963,0.0000908963
0x8e3ecb55dc5ee09164f66d8412755764c36ebd30,544974,0.0000544974
0x8e418e9d8295ec7aa9fe271b777672b89319f966,11816,0.0000011816
0x8e426ca0905dce30e2c23617727330b9d980b4bd,1,0.0000000001
0x8e42b4ce7bdf086ae029d37a99633148e184ffa4,94611847,0.0094611847
0x8e43029e8865bdf09953a57856096b6964c268b4,7,0.0000000007
0x8e4b56691c230cff5136da0468490247db90d4c9,10401103301,1.0401103301
0x8e5331b8f9eba88c43049b69c6cece1abd0c18a0,236089,0.0000236089
0x8e53da9c7fe018d6ab8319014c6b3973feb9c1c0,94480410,0.009448041
0x8e5db52d13325dde41eb451b51e4dfe800bcaf75,61357350438,6.1357350438
0x8e6521980a37d66a003998e2898534b659998470,90971816,0.0090971816
0x8e693edbbfbd115a36c438a02584a23c36c32919,8,0.0000000008
0x8e6987d009df1bf4ca10d15daca31fe9936fadd8,532729195,0.0532729195
0x8e6ffdcb8a8d972a14422325fe51d6912c3f40e9,990971816,0.0990971816
0x8e78885bcd783063922b865ea8bf6b9bc49e23cc,9973544974,0.9973544974
0x8e813d63666437b5c94abcca0a46edd9dd4a4c9e,640850366,0.0640850366
0x8e81df3f82a10831e709899f61a84b3f7896d6e6,149490971816,14.9490971816
0x8e825b195181e26c7ccb2c57ebdb1c585455e19c,67229942,0.0067229942
0x8e8df055624250f6b3dca93d3357cd3f55d93a0d,4615994840,0.461599484
0x8e8f3d9f384982815917edab82a06f3e3d5aef64,48710578,0.0048710578
0x8e9accf4d54239ec669dec966f350dee14120d52,10334821047,1.0334821047
0x8e9ade25e780590b50a9284f20be4a7abc9796d5,5,0.0000000005
0x8e9c6da43e4f78592e5503b8e8a340403a998899,81715,0.0000081715
0x8ea6aaf30b7338b97730a115a7586ef4d946c052,99999,0.0000099999
0x8ea82c04f21f4074f3e8c2148c51a920d7dda410,86114679,0.0086114679
0x8ead7d2e8e9facb64f06e56b57ac3db4a39d6152,6,0.0000000006
0x8eaf59996312daa7feada643a5be11589d0037e1,199002384,0.0199002384
0x8eb13188f50772111e7b509d96324cba80fb6536,3,0.0000000003
0x8ec28ed15eaee78b22a8cf770a54f8370eeffca3,2971816,0.0002971816
0x8ecae64f66d84b226e13a9baebe92cec1aabcb78,93530032,0.0093530032
0x8ed0c182e59e46132daebe77d74a8bd7facc70a2,9929880161,0.9929880161
0x8ed67a5ffffdb03eb451eb271abbd8780477aed7,97354928,0.0097354928
0x8edbc8cf9b66fc779b94ead8b0bfc66853ca6ae8,596,0.0000000596
0x8ede2aa47777218fadb638d86fe908478dd236e6,78768283,0.0078768283
0x8ee3622e722f3a2f3da52ff49b342bcc477f3da3,599517,0.0000599517
0x8eeabef7bd61fdda66997cf64fb3ee81dfd53553,3856,0.0000003856
0x8eef779818afa953b0652e45438423ebe089f55a,11875962837,1.1875962837
0x8efa5c1c2dbb71ee538b861668c7fe0f95270a3f,973544974,0.0973544974
0x8efab3ae450c0736e5dbf7093736548c2fd15f46,41543248422,4.1543248422
0x8efea659435a675b7ccaaaa963597b908a5b1021,359282853060,35.928285306
0x8f0155b8cb12c4c224d6d40fcd21666a914a14b1,381300991,0.0381300991
0x8f07adc031cf8e12fc66a01a12982fb543aee86c,8,0.0000000008
0x8f09e8ee2a580314e8540687f888b393c62316c3,95787639,0.0095787639
0x8f0be5564e4e52bb5e1087272de9aafa5d5be7ab,97732,0.0000097732
0x8f1054fe3e4f369cdfe6c35e7c5e3fdf7a53ad98,8,0.0000000008
0x8f138ea6f243dc3a58d64863072db6ea514b0964,92698413,0.0092698413
0x8f13e639c660338482c6d7bd28c2bcb44ab9cf39,599445,0.0000599445
0x8f156b17c9002cc0aa229b9ca285345fbdb0ba7b,194508855,0.0194508855
0x8f189b764b3480d243f40843cb14aacd48b8dc9c,99269531,0.0099269531
0x8f1ef1ae7aa7bdbbe6fbddea1bed2b4fc630f3e2,89863080,0.008986308
0x8f2a2de5d2c2fc4fdbf54e39358e7631c644f08c,8843323512,0.8843323512
0x8f32a6a29d3c6c61254e972592e6c30d2e7d55fe,3157395,0.0003157395
0x8f35df47832dc2015011d0af1d5f1abd6f7a905f,10768165887,1.0768165887
0x8f3618ce4553eda1ea0ac68be37a1960196a8f5f,1411601894,0.1411601894
0x8f3edfc7cdd58b338811e534aa4f2c5727d7b633,7,0.0000000007
0x8f426e4745e5330dd44713f55f7a00b48046bfc7,95307994,0.0095307994
0x8f4e2874b8c57ddabce67e85f03d68bd7dc5c22d,8,0.0000000008
0x8f5825090801e3c659d0351af48ce26b926b6765,8613678802,0.8613678802
0x8f58846f4866116074612853fc003ec4b0a7cf40,709525,0.0000709525
0x8f5c2d7f8b10a115b299d1bb16cbe63938437c22,599568,0.0000599568
0x8f5f9f01b6be40ae72e9141cdb43a07d5576aa82,4990971816,0.4990971816
0x8f693495e5063b42d5aba100daa61bc1802ca7a1,95307659,0.0095307659
0x8f7442f90ce16fc3fae4f201bf0a6240fb1f60a4,12816814860,1.281681486
0x8f7a5643825ef608912d9358681c5cb7649b949c,140824139875,14.0824139875
0x8f7bb6bc78f1ec07ee956e4ed364f63bece36f92,5,0.0000000005
0x8f7bcccc0efeca85b103d9783055704e37e40f2c,1472,0.0000001472
0x8f7f208f38a4362e6fe6112b720630f93bb608aa,1285539603,0.1285539603
0x8f81a487f7e7151f4e8bfe6d596547139563408d,93529725,0.0093529725
0x8f8583831b2670f8de55bc1b6b532573c3f89d37,9,0.0000000009
0x8f86f84751f61863ff24a7dfec9022e13285465f,4627070391,0.4627070391
0x8f8942885db6b4340a0bd5a6bf741cff914d4a8b,9,0.0000000009
0x8f8bea30ce0ef30052e61234387b184b03712ba4,233999613095,23.3999613095
0x8f8d8bb404f4da8a48ca78f87e237c9644dad46c,12990971816,1.2990971816
0x8f9972f087eeece455aceb2acd177f99c78a60df,59990971816,5.9990971816
0x8f9fcfb1a1c67d969ae9daf8b5c179fa905ee1e4,10971816,0.0010971816
0x8fa7215a6a89287bc827b54b7e540062fb8fca7f,30008821962,3.0008821962
0x8fa765950d107bdf40716ebf4705781488ab2719,102748799,0.0102748799
0x8fa9c8246e6339f67b463e31909c12e733eea9d0,97358894,0.0097358894
0x8fb091a5fb8a789150c3e6c93f51ba7576a491a9,49831989680,4.983198968
0x8fb806754daf2955a704641d4dfe5d0322ea1267,94965516,0.0094965516
0x8fc47f4754865f214b829331aae1e0ab45a1a593,9977133301,0.9977133301
0x8fcaa699af9f6bbff7fe8345c206c1c170296c2d,8681898922,0.8681898922
0x8fce0e4b2413e97074991c1496a89ca6734d7bee,6331894647,0.6331894647
0x8fce137b268c88c8ea7ea02df22c877a5a80c8d8,2122125674,0.2122125674
0x8fcf1103da3918c78d4bf465e25850f3d01bbc48,94713288,0.0094713288
0x8fd6a3ed22fdff5b06a46659c52d823cd2f5e354,599115,0.0000599115
0x8fe1f5a3afd607332ba5d8faffa02f97d82cf508,232001340,0.023200134
0x8fe3a6f8260b6e1dcf6353790e432c3c98213d61,24973544974,2.4973544974
0x8fe7261b58a691e40f7a21d38d27965e2d3afd6e,8,0.0000000008
0x8fe7c321865793004fc03bdc2e465f3c30a49645,802,0.0000000802
0x8ff53170d197df8e106f61162cd5588b0213e41a,8141,0.0000008141
0x8ff8324f49655d69e919696b2b1bd1763f4b66d4,9913484800,0.99134848
0x8ff89ff6c8d9f720ccd9cffcce52be6af85dcb98,8,0.0000000008
0x8ffe7f5c5d35237ef5e1eef7505f42afa51d9133,10000000000,1
0x900567692c57ba9e8d9473c1fb04a60ca148e1f1,1,0.0000000001
0x9006c75fa490778b05ca9d729b888a21958ad95e,90971816,0.0090971816
0x90104dcb1c42f83c5d79b41490f1ad9aab6a71b7,211789772,0.0211789772
0x90156efefe61fe97517859cdaa20d08789189960,90971816,0.0090971816
0x901eb751d3d89b67e47192e6fb1739054123e578,3,0.0000000003
0x9021b6739b0a2ab2085bf24db2c17b8297a85260,9,0.0000000009
0x902fa6e39ae8bcf8d3af4f6ced97cc446b9075be,9,0.0000000009
0x90340e92d5c664d387d165068cf97aebfc8e5454,5,0.0000000005
0x9037bce35ca35fb7a08f2654eb1b1ab5272282fd,8984466142,0.8984466142
0x90395cfa030f50b8e694f0c93008acefab1351ab,798156,0.0000798156
0x9039d8579493b23673661fdf92265f00a938f134,53154518043,5.3154518043
0x903bc13fa3b9c9e5ef7d8371966f6c68f51f36d2,90971816,0.0090971816
0x9046efecd0b1395287f3947d27512578cb564f98,1016266531,0.1016266531
0x905c445c211c544e5b76ad05fff55ccef4a4db20,5713544974,0.5713544974
0x905ddb8bb0432b25526b451b40f195dcb474d5e3,2000000000,0.2
0x905e4bee4a6c476b8f7ac2a658afd771e5643532,19973544974,1.9973544974
0x9060cee403e119da0f76a791b38d0d2b0e16b9c9,78410541,0.0078410541
0x9063e1a6dd076899f6a0057475e8614e17536f59,3,0.0000000003
0x90653c8000a28cec60ec7f94020a8a0c1d444aeb,152534309169,15.2534309169
0x906dc5ccbde33c13ca69cd892deae08507fa25cd,1388424902,0.1388424902
0x906ebe868403638cf38b8aeaf345bfe259774257,9357875373,0.9357875373
0x9074f1a7c6a09995aa4766d44342dd147138bdf0,6103311133,0.6103311133
0x90774ab01bb5725d1ce10adf47a1b791a594279c,7,0.0000000007
0x90875edc125048e7679985a37cef84dfd5c30652,3,0.0000000003
0x908bb17c730b83ebea7581c0ed88e06eabb1355e,2591661792,0.2591661792
0x908cded62810ba4ae7dfad234d7b2c76956a6240,8,0.0000000008
0x9097546e06d1421908f36df24096e578c251f051,223203681928,22.3203681928
0x909b467cc0396905fcb02dc6203003f689dd0b44,1361710268,0.1361710268
0x90a34a919e6be7a19a3954f97eda194f70221b5e,10422392058,1.0422392058
0x90aa1e8c8d4d9794ff425adddbd28e434da0e141,3084395691,0.3084395691
0x90ac70216786cb290d0987dcd2338b93655c76ee,631652,0.0000631652
0x90ae504b903f38ac06d6792a19a55ff7a8b293a4,971254228,0.0971254228
0x90ae79b3c83e30f2ba0060dfc533031c2b6ad155,90971816,0.0090971816
0x90b19747851b88f79c846eb709f4ef24d659da31,9990971816,0.9990971816
0x90b658d01b57cf9f881c808acec0d09789d5be87,9179618,0.0009179618
0x90c11c8f649ec6a1ab0bec86a6ce4fe3fbeadd49,7,0.0000000007
0x90c38b5b7cc04e647ca2985069f2dbba906eb619,6,0.0000000006
0x90cd550fb5c8beb3b16549c5891311e7e56342ff,599445,0.0000599445
0x90d3c05b2c89d405684fe154115b39a791bd1840,77487066,0.0077487066
0x90d5d898d1dbf538ecc9083086b0fe1416ddafe8,984520,0.000098452
0x90e34f5df30f0510d32bb5e35816a2204e241feb,1,0.0000000001
0x90e8220e469401d11223c1c5db042db17459e2ca,95787624,0.0095787624
0x90e9cc334b18269bf2cd29f92fdda3790fe6c6fd,5234,0.0000005234
0x90ef16ab451b1b98a0bffa3728acac069b80531d,474735762069,47.4735762069
0x90ef27399e5cdbe167d91cff8eef3d5b7cb42e5f,10000000,0.001
0x90f08f6d549f23573e203c584780b89300a16009,163894,0.0000163894
0x90f1fc2dc78e64a7a20536e2a4e73ae8f5ef1b4d,25288,0.0000025288
0x90f7a2a71acb405149d5d989edd1c73c016c54b6,99360377,0.0099360377
0x9106cde2a6d640fd64c037d06fd6e9b76c0bcafa,11816,0.0000011816
0x910ad51da24f5d0fec82f70b8d16bf84988857b5,605406986,0.0605406986
0x9110e1d7d5ec28c91b3511c930630c5d641aba77,8032589087,0.8032589087
0x911787835ec816c4c050ab395c21c54a926d2524,94707601,0.0094707601
0x9117900a3794ad6d167dd97853f82a1aa07f9bbc,28849373526,2.8849373526
0x91191d0ebdbf928829c2e66c7bfe23d6d241a260,9,0.0000000009
0x911b4576c5c0ecf92e64836ef0bcece6c52b94c8,2386,0.0000002386
0x9121e7f85ebeca21fba3c61faa24705d6222389c,6,0.0000000006
0x91251e18a6ff07eaa7ffeab8b6d1cb6f4f604544,9986114679,0.9986114679
0x912c817a2f9249343aa81d54863f80e2077027d3,20,0.000000002
0x912db4e35b85419aa57545869dbafcc961fad9fb,599518,0.0000599518
0x913a6974be87aaa8f2f6421f7f74bf54e01d55ac,516183408,0.0516183408
0x914231259537fdda93cbbc77b03e26a33037deb9,2,0.0000000002
0x914f1769ef26deafb49c577fdc46e93fa5895b9c,10971816,0.0010971816
0x9151bf4fbd2abfea1c932af617b418c1e38fdcd0,20000000,0.002
0x915815cd9b8364c3be3fb044e26885f3ffdc448b,93298408,0.0093298408
0x9158ca42b76e27487f53994f3ca6cd49e16f9292,64071980161,6.4071980161
0x915b6c07b5fbd02fca847ad054c519d20faa6ce8,1810215919,0.1810215919
0x916148a97f5cc27da1b1afa3a49d5746395b703a,24240000000,2.424
0x916b1f14ee6d1b5a948e50a575873865c965aa12,2893279824,0.2893279824
0x91753fa60f506faee892e7e3bf40748eb7c261b5,3238201,0.0003238201
0x91761928f48c77a48fb718197c3efbe4a65bf8ac,9,0.0000000009
0x9177eb417cd0f2ccd2662e1879af1c67e1d2779c,1,0.0000000001
0x917c5d4e506dedfa5d1b97970d123f92c440561f,4649759337,0.4649759337
0x917ee197ca9a2db6eb44c09c647658df4ba16d72,7,0.0000000007
0x9184134d8ce37204addd28a425e3f8f767b144f3,2080971816,0.2080971816
0x9186ddcf3b5243984a9a94e4dfa44f70e087048c,328296571,0.0328296571
0x9187cc924f70bab2bc331b7a4e1d0e05334bfe94,148119560,0.014811956
0x9187eddd8cdebfc5258a9f2f5c88f4860ba8f765,118227289603,11.8227289603
0x9189784a2488c24e6415f1befe8de43b3a36cdbd,9,0.0000000009
0x9189fd05d2a0002421830077eb254d4415051253,93195320,0.009319532
0x918a22a014883f17580d86986cf87a62d29fb8ee,22,0.0000000022
0x918a9c5ac8bc8079ada2a92f10af2e6663e241fa,13113440459,1.3113440459
0x918c26e5b1a79fbd81434fb9a21f83ef2f637157,1421887407,0.1421887407
0x918d03e873365f507c0a726e030ab80b8642e437,1781514073,0.1781514073
0x91a55d0048f101083405e81f4b46c90bc7c3c45a,26639766,0.0026639766
0x91a59912fabe13ad1f7927828b16724fcd97f14f,1214185353,0.1214185353
0x91a85ff9a0ce0e4a6d75e96068ba16ed315d90c3,107331804646,10.7331804646
0x91aa2f88b7897a938eb9c48ff4491a0697731aef,693211,0.0000693211
0x91b28e51ac195beb239769510e9399efee1d518c,38,0.0000000038
0x91b31c5e9453aaad8a19fcc06382b8bb9788399a,8,0.0000000008
0x91b3573ab80ae2497d4ef2c7634634fecb6b16b7,599556,0.0000599556
0x91bbce5d8052b2ee444e9187b5d6e7e7a24081b2,922367,0.0000922367
0x91bd6e2b5f136e636015821039a36b4002c15d09,207981639,0.0207981639
0x91c21f8475e312999a9ff7cc3331b4da70b8b85c,5525946125900,552.59461259
0x91c2232f8eab20b21aa95c325aaf9aad639ff486,28088035,0.0028088035
0x91c2d2b812c7cac0563b4f87a0571995aa106990,404922264,0.0404922264
0x91c45cbbbf8a631d52d5c8ae6bffd2174dbb6502,705238534,0.0705238534
0x91c4fd52e265fa8ed9667afdcb0d9b8a187a29de,168939941364,16.8939941364
0x91d6a64f0e96a8678442d1c99999d2615a7b903f,18277133301,1.8277133301
0x91d789dd85577342ac9b597c1c7893e75f8c73e4,111359793,0.0111359793
0x91dad140af2800b2d660e530b9f42500eee474a0,915885,0.0000915885
0x91de86d28e2e2dce6791ed81d76d7c2cbac7e77c,4,0.0000000004
0x91df799a8f95cea8f815a3608baf14815839d06c,95275768,0.0095275768
0x91e6b7939dbf48ff0eeb87384dfab05d35a1fc9f,14990971816,1.4990971816
0x91eb3a902d0cf1d22b12aaf7725afdff5e3ed3e1,599445,0.0000599445
0x91f1ed418463ce85db44cb6ff36a415b18905f4a,8,0.0000000008
0x91f2b82fa8e12f4fcbf93abf8aa3b987de88a767,93026141,0.0093026141
0x91f7c7dc5a44276482c102178fe1d620b397c276,4098154305,0.4098154305
0x91f8cc676c0adda03369ad5f793df648975357e2,94710221,0.0094710221
0x91fa472fb12ef104d649facce00e3ba43de57a8d,1000000000,0.1
0x9200aaac44ae9ee698273b7f324e5051a5d50fa7,100971816,0.0100971816
0x92023bb09e64848e6c317e2d163d36d51741623d,134454893,0.0134454893
0x9208ccd9017e05b60a1fc0c609be04797bd15604,50731189,0.0050731189
0x921a48640da910be9e4d4eac375c10183490c6bf,7738438,0.0007738438
0x921b35e54b45b60ee8142fa234baeb2ff5e307e0,158837626291596,15883.7626291596
0x921df14cc5705ca278397fef4a84474d060cd071,971816,0.0000971816
0x922b0f73d7cc630f6c48e598b45a8e1eff9e6fb6,315785253,0.0315785253
0x922bda7165d37b126f2080ec71f93c6f996c40cd,5,0.0000000005
0x922beb515a619a27c1b425a3cf8f79d2b6465236,35008981378,3.5008981378
0x922c29df9b3d9608e730644185d41844df722185,95307997,0.0095307997
0x9232379bb3c59aeb0d4c01c970ab7f7340d2ec2c,700443136,0.0700443136
0x923e4e18513e6e3a5823de296eadd640068c95e1,49235384402,4.9235384402
0x9240130e2eb1c66a97ffc20bfbd79a71c51fb6fe,95307990,0.009530799
0x924e16deb0eb1164270f0842e57734452b0e03b1,175240,0.000017524
0x925b0ce29182f2164c03b57dae302a622c5a27d0,95787582,0.0095787582
0x9268d119ff479790cca5b6f7fe53773ee6d30cb1,202633,0.0000202633
0x926a24a80785e7a57f38b0b8aed9f73500659f4a,1975648708,0.1975648708
0x926f8b145e2210ed46b3e5258a96927bb56b5612,19977133301,1.9977133301
0x9272092b77560043a45a386b1905a2229599346c,7,0.0000000007
0x927317f26b1ba125b67fc51f6c095342ed34c4a6,1247988974,0.1247988974
0x927940b4fe41d9fe519f9580a29a351e57203dc7,809315440,0.080931544
0x92879a3ad5c2ac6bd06ba04dd5dd2bb52b47e923,59150912,0.0059150912
0x92893eb64bb3eb0b27d9ee0c46159024383b7c20,376781861,0.0376781861
0x92906df4dab0334730436829e0ee3ed7b44a190e,976350274,0.0976350274
0x9290be33360e294f6dfb2a213f344034e7b79f9b,203158012,0.0203158012
0x9295b84f08b52e480bce5cff6a65d27f2e7ce3b2,6,0.0000000006
0x92974ce6436b57642ac4a424c3ba68515f22a8a1,94606218,0.0094606218
0x929b29d3d69249c529e49f81dc317772ef264b02,95311355,0.0095311355
0x929e1c8f9645a4965b8c89cfc8b7899001e84537,3,0.0000000003
0x92a4f58009df9eac5f2af6d05977683639f0060e,49981943632,4.9981943632
0x92a72fa57ca951bd71c3dbfab14d3d1a8fbbe757,92710150420,9.271015042
0x92ae1cd3e8a35f7b2d70fa7b963de37584d4a5f7,4688795068,0.4688795068
0x92ba894509d311874a4ffe3d75ea20ad5c0abf86,19990971816,1.9990971816
0x92bef2bcc04134ec56aa2b97cde7ffd7c1777f9a,4,0.0000000004
0x92bfde966a3f850a1f0cff9e661ff9fd47626a17,6,0.0000000006
0x92c4e5658a6015ecc2734ead60fb3445bb6f664b,599447,0.0000599447
0x92c5245f1ac61d20a16abe9e09f1396796db20e9,2216,0.0000002216
0x92c8797d533ae34fabc8d9a3b357a73e0463227c,736127,0.0000736127
0x92ca0f6c5b1def20022619c2739b84c9ea67ef5f,207216,0.0000207216
0x92cbe89b5cb1c22c2c16bc465caf34e3c80b617d,49912060811,4.9912060811
0x92cd115045128100933f2b2db3dd1c8b29668711,70620582,0.0070620582
0x92d3bab18ed830301f68ad8e0355ce5b5a13a5d2,5,0.0000000005
0x92d4ee32bc0f81dbb9923073395a2be7febbc3e5,1241,0.0000001241
0x92d76629493be4d027ac22d7a3e4aea0500a2b1b,69,0.0000000069
0x92d8409d056292e20578c86a4423dad1adf2d7c7,1886,0.0000001886
0x92d9dd53c79fd3a426ab489012a19696ac7b25fe,3,0.0000000003
0x92da9398d7fc1a9a005a730f2433f697215e75c1,758566174,0.0758566174
0x92dcaf7c7b84dfece57ab1b4ec567bd33bf5cefa,39345231111,3.9345231111
0x92f6e22d40f308b92ba254a568859691942ca53e,4,0.0000000004
0x92f9d308d760fd83112c55591b7973ec683f4456,318717047631,31.8717047631
0x92fa9521216bec4278bde1e240fbbff0499b50da,29913484800,2.99134848
0x92febbfd4dbb197e6c756d28609cf2f565d98154,599563,0.0000599563
0x931e7d8624459a0007c46782b9fca697a740cc14,38352476,0.0038352476
0x932180a880bec42727f4cf31ac5d2a81eb476029,763482397915,76.3482397915
0x9323cd241db191234a5a2cb19decd7e432ecb0ee,15350820,0.001535082
0x9329a982b77519c008ba10556b118a26e84c6302,8,0.0000000008
0x932aaf84e1f17a83abb4c21bd47dc5939bb0026e,80895779,0.0080895779
0x932bad9228d2bb187548677ce6712f9b001993a9,4,0.0000000004
0x933319eea9a074c40f72f9733245303b5c76faa6,8031670,0.000803167
0x933910fc02f4e99c93dd722550952fe225514e0f,6593460,0.000659346
0x9348695e42a0d746d04f0565d67d5dbad4860375,599518,0.0000599518
0x934b93f02706a9c15e308bc4d8a09c0903dd548a,10000000000,1
0x934ebff7f027e28f4591a8de1ea308e5e1b9bfe0,9929880161,0.9929880161
0x9359de65e5d1b9554b6394b20c640528b435d6f3,92456031,0.0092456031
0x935dcc9fdfb4e9651a7ce54e8a4ad47369baa5b2,1,0.0000000001
0x93636ad60e247940cb6686d81de833ec3bd462ef,9977133301,0.9977133301
0x93676b4bc15c50af8aa83c5c85ef870bcc34b3c3,1,0.0000000001
0x9367eaca7c60a018fff80d8c585321c066325030,5,0.0000000005
0x936869d75dc83de73198c9a9b8940e5607d081ad,8300000000,0.83
0x9368eadbd276f91e2de575c351555c2bad5960b8,85800719,0.0085800719
0x9369556e7bb3e224959ecf95cb0cf5c5094041af,8896,0.0000008896
0x936d4642e099d6c7c05bc5bd835dddc5f0a1acd7,4,0.0000000004
0x936df0fb2134e04948c2a07482486e1362c38c9d,39612525544,3.9612525544
0x93728c58cd4bf1fd01e763b33a2c5334372e9e88,10947089948,1.0947089948
0x9374788f144bf7e1dfaf91ddfda9bcad583163af,251203025,0.0251203025
0x9374da9404459d40f34ebbb951c4b4cd91390ee5,257968120,0.025796812
0x9377d26d177b563e02b35a588145fc5ac9e6ea7d,7,0.0000000007
0x93863c18403eb76dea618a0095dac0c620c95cbd,12810118,0.0012810118
0x93878d1932b111c075ac4b4069b447dfc223e483,599479,0.0000599479
0x938831ac1f7e754d5981d536cca420e75eb10d10,5,0.0000000005
0x938a98d0cba7c5feae585156198ba2ec37fcb188,2328974447372,232.8974447372
0x938f14c5a55dfcdd8f0c7ec3818d0f4d3503cfae,1070971816,0.1070971816
0x93963ed7a61db662440f46fa7d2789098c1f9009,1977305754,0.1977305754
0x939bac3bad78752763be4dd1da19e8e70995a408,70537479740,7.053747974
0x939dd1b7e8da3c260c8cc6e28ec89dba9df172cc,971816,0.0000971816
0x93a54cbbeb6369e521a36662e8a7fbff479e97c7,3754,0.0000003754
0x93b5f3681c605f99aecaeea14cdd754e73941730,6,0.0000000006
0x93bbf2b1ffe750fad9a83384e6c4fbca01401b03,2939408465,0.2939408465
0x93c0d4a52d1312716348045d8f59073de5d51bb9,687396860,0.068739686
0x93c10ceedfaceca83ae246206241c0298b9df5a8,18622125674,1.8622125674
0x93c6a961a2e6249d83d85ecf60621d272dbcf03a,92705138,0.0092705138
0x93cafc0a320db75a0d2f44093486af22f8a2d9cb,147975,0.0000147975
0x93cd5cd289a01e27e0d25ccde1525a886ac07171,19464803,0.0019464803
0x93cf44f9d2ab9d98662f7440c8a85995639e73ce,121359375,0.0121359375
0x93d0d418ba8417a64ede07ac4e26b39996b0b24b,482548386,0.0482548386
0x93d659ed5abf80fdfaf84423a3f6f399a5a22bc1,991062998,0.0991062998
0x93e0ed963e73a6c576341b5c2045bce8e6aab2cd,979299457,0.0979299457
0x93e428917769cb9c954ae2e99aebc343958d772d,2971816,0.0002971816
0x93e712e65c85ab798ef961189a296511f914bfa6,9977305754,0.9977305754
0x93e8573bd23fe7e94b95c4277e8bfc46e6cb7f16,4573544974,0.4573544974
0x93f0e7fa97663babca1908556dfdaffb72417eb8,4866377169,0.4866377169
0x93f21d715b4cfba8c061d656b64b9b07e3104bfe,404767101,0.0404767101
0x93f64ba2948914d65cd227c3501e22c93ebee19f,45660592078,4.5660592078
0x93f91ddc9ad9da827689e5f0edddcc2695d3a865,2573528801,0.2573528801
0x9400627a6c07d64903b9f980fa427252307515ed,40971816,0.0040971816
0x94026d64e88a65928fb0f24c183da295817a668f,1990971816,0.1990971816
0x940472b4347add984e918a20d7171dd15517c5a1,95787646,0.0095787646
0x940a104a9af05c880b0d669b31ed524191eaa72f,949764413,0.0949764413
0x940acd9375b46ec2fa7c0e8aad9d7241fb01e205,1,0.0000000001
0x9412bb35164102309bfa0991bc66041b4f42c5d8,599446,0.0000599446
0x941a670788d8448f164037d47e582a337f83946b,320358114,0.0320358114
0x941e3b88e5909fcd4a4aa08e1dc32f0398c1fa41,4,0.0000000004
0x9422a6ea401863b0099f55ba1e8991c10d7758da,6,0.0000000006
0x9422f0e6c622d51caa69f085d48b6e98e8510b6c,9990971816,0.9990971816
0x942d039ade164f5eccff9e79bc80fff1a9fd97c9,492764681881,49.2764681881
0x942fec89e62c34ecfb26694654bec567fbdf68b5,67822059,0.0067822059
0x94342d43a24acba27de0b661de759042bee3ff2b,7,0.0000000007
0x943593da3d4a29b69c4732feb8645855d0defa65,244579889,0.0244579889
0x9436881d38022403c3ac7123a6ddffcf28d53479,8,0.0000000008
0x943ab19f3312f6a1a1ca4e1a8bef2452185974f8,2490971816,0.2490971816
0x943e3abe69f5cc8697c8c8241881ad1afca27bd3,89101132,0.0089101132
0x94506be0b70521f243882b817f89cee4cca8c017,2,0.0000000002
0x9451c61084fadff457aea3611d94b1ac051d93a5,718040715778,71.8040715778
0x945450861b126bfe3b2de23e6eade90bee2a4cb4,1,0.0000000001
0x945cd4d364b8552bc9e30f348cd68946464d426a,6,0.0000000006
0x945eaa972dad94eda1ee78dcb3cdae06afbb7ea9,92462894,0.0092462894
0x946583b3801c703dfa042f82f3b9b3a2a9a79393,389643143451,38.9643143451
0x94735e440fd174a9453bd2b246333bb8077c9b85,30740763057,3.0740763057
0x947ebecd725e07bac225363f328de957aa5819b3,1935160494,0.1935160494
0x9480fc2a527bb0f0e5e6a3cf2922bcd123b71302,20534578758,2.0534578758
0x948df9588acf80294d359c0fe4e5bdefa1bd364d,3,0.0000000003
0x94928a6d608e0b70b8b130e2042f1b3e4e1688a5,94242052,0.0094242052
0x9494d5950802446f2abdf81149cea96227861b5c,84018836,0.0084018836
0x9497a719748b42ba364ea2813ae407171bc53e68,96271826,0.0096271826
0x9498cebac77d6cd9878eba36a14d37de0d56d693,4384323479,0.4384323479
0x94a2fea4daaa2f9b25d5323a0dfb35fe499f8660,96755762,0.0096755762
0x94ab8a463df50f95feb347a2624bf40f45f1cc0d,26064988,0.0026064988
0x94b10ab07a7287958cfeeb7da95e743430981288,19000000000,1.9
0x94ba29f9d54fb518e6eaa5329ce24a55ddc9abc9,300780389601,30.0780389601
0x94bb80230de02d34d2afb4fa8f8d7781985afb35,19973544974,1.9973544974
0x94c105a920738e7ecdd5fb442c1ea4badd51ec7a,6222135299,0.6222135299
0x94c263ff27d352605dd3ae557e71e76e5b63abb1,136983521,0.0136983521
0x94c2860b3560725fdd39ecdac69e6b56771d4d0c,7,0.0000000007
0x94c32cd334bffd44cb28dca3699c781b3c73495f,4845315005,0.4845315005
0x94c7ab5ee552b6ecd1b0b1079b8cc0788399dfb7,7890971816,0.7890971816
0x94d0e697010e05af714dbdcf8e1f1772f807e295,3,0.0000000003
0x94d75e3e95b4d43be6ea0cb98663e90a13dbcd9d,984276,0.0000984276
0x94dd1028cb1a7e0edf63e74444cc4728b0aea55a,9,0.0000000009
0x94e7da510e9c724eb4510c1391768ffd2a21594f,6314617609,0.6314617609
0x94e9c1dec01956416a710d3e72133beddeb84012,35272356,0.0035272356
0x94ec0b56b3706ffd646a63fe95af7156e2c36d04,9990971816,0.9990971816
0x94f1225083aa6ad26079fd73820cb15321539b2a,66397668,0.0066397668
0x94f255c609b89152ceb6de0ca1437c85e6e0c58f,1,0.0000000001
0x94f2af1fa83006d22181771486b2468c14549409,7,0.0000000007
0x94f791895da637339fe55f3520ab9480317a168f,4777133301,0.4777133301
0x94f9eb420174b8d7396a87c27073f74137b40fe2,508089089744,50.8089089744
0x94ffdcbb74245dc152cc28d4f98addb05e2deb43,1,0.0000000001
0x95026ec7c670081024a0bf03487d51130cd883a3,115168498967,11.5168498967
0x95082541f9792682a31ed94c1bd78ff98f720da5,5990971816,0.5990971816
0x950d981bc6cc9eab179555f0203255fa44793950,5258799671,0.5258799671
0x950ffcac92b653fcb71fd6082886b2323c391c91,694652,0.0000694652
0x95149cc95882edc95f9eacf9348e6b953d20b298,9992062837,0.9992062837
0x9514b845968526ca862ca41d17d37f33744d0a21,10097727,0.0010097727
0x951543c0f92374951c89768d3823e35aae5b4d26,94606229,0.0094606229
0x9516dd16e405520905aeda7c6a7ff2c853c0a392,3,0.0000000003
0x9516fd07e30b33cd3cdc3608756733a139f3ae79,71727692558,7.1727692558
0x9522a50215eaee8c1279d837f9709d45911d34af,9306935,0.0009306935
0x952a1aebd66ff04d189e30e2bf0a7ec515505fef,98573820,0.009857382
0x952cac7e99dbdd666e9c7245f4cab019f940044e,47400939,0.0047400939
0x952f3ce509d45addb4b7ce69e64764e2aa067d1c,10971817,0.0010971817
0x9538e28517a84357e65a6ddaebdd17ff6aacc316,4205497118,0.4205497118
0x954867ee2753110e0b9297242f4f3edcef074b5f,100000000,0.01
0x9554611ecd658b320c575ea025d50c737a2a0126,2828084,0.0002828084
0x9558036657cf07f4390b8e97fd46f57e6250ac57,599114,0.0000599114
0x956369b2373effa5d5398e2d5ab6184a07f7b3d7,23422769575,2.3422769575
0x9569681912b07e2c3c7b23d89c616b4711dfd784,90415120,0.009041512
0x956d474f4cc4fe88852904d808d5f65d7b56fda7,582275,0.0000582275
0x95724fc80282f7d438a021165994411e1ba02d88,592089753,0.0592089753
0x9574b472521582560e4277e2f0b6723ef4446bf3,93377732,0.0093377732
0x9577bf2ddf91ca129a212638912e7d4bee4115ef,60990971816,6.0990971816
0x958017fda22a544ca2a541c2463a2e2067e0c785,245094855,0.0245094855
0x9580873bd4394c9d1d2ac4a0af7d66cdd01d518c,95740533,0.0095740533
0x958159bd6e3c30469170bad8502cf8d890e0f715,98405765,0.0098405765
0x958cc529ce0e83298930a67ddac909d00719e4d4,19990971816,1.9990971816
0x9590f358e77ed7065fb2fb8b4f10a8da938203ba,51835153,0.0051835153
0x95919a9effec347c4f4d8b4f5895365ebbd92aa4,9,0.0000000009
0x95922a5ffc70d272b87cd5d44e134df1aa331cd9,2170634376,0.2170634376
0x9598b93e34d93b8ee1a37f7d07ded928a83231e1,3000000000000,300
0x959c3e435c5770fbd9caa6e5c4228a5d1d10baed,4552110834,0.4552110834
0x959ed569f422adcdb662a7e74e2eedbc860c9649,24222647,0.0024222647
0x95a1ac7f29a608c31838ca937ac12e5a7a4287f5,281442914,0.0281442914
0x95a3f3e5529e2574544507bc9326d123f16f37fd,1,0.0000000001
0x95a5c86621bd135bce76ecbc2d37d1ca195c8d7f,9915997098,0.9915997098
0x95a8e44cef877bed53fea38ee9561b5b77dc0a6a,267457359424,26.7457359424
0x95b69b68dfb1c7f7143074aa9eed24c332a7856f,2350157,0.0002350157
0x95b6f50fdf33d0110310301f8b8e37ac23e77726,28349811378,2.8349811378
0x95bcb870bdbaa041b948aad1e7cdcc25443de21b,405522,0.0000405522
0x95c2b7fb775088527bd8ca5613cecebb63a0ee16,93769108,0.0093769108
0x95c6f877097112048642a07ea2c98884294cd69d,90971816,0.0090971816
0x95cdd5aa75ca3ef60bba8aab345d761bd662d49b,702034653,0.0702034653
0x95d30549f608c59a745c3d838fc54a23d7ce3ae7,5,0.0000000005
0x95da5569c9b7ed485330e6d31e3ddb62cc07db68,8,0.0000000008
0x95dbf6d1648cf3a40639cc2c87656d7c45822f9b,568986135,0.0568986135
0x95e53a539fac257d707e798895b7cc4d18b65331,381295106,0.0381295106
0x95f077805dc69fdcbe7022794a8c84301f7ce302,9973544974,0.9973544974
0x95f1964e3b4812926bf55a759ea1679abe821d34,7,0.0000000007
0x95f2196342551cf829ff9d9fa311caabdf55993b,9,0.0000000009
0x95f23a1c6788dd506c8c6386b46d2d0361992cd5,5,0.0000000005
0x95f9c250082c3f75875ecb92a976fd703c74479e,9,0.0000000009
0x95fa444bf05291bc65bedc1b34d366fbdef7d50d,100000000,0.01
0x96070153d3581a0f946c0785b58c1f7a969a5b4d,45540516,0.0045540516
0x96147a66e27c2578dff8d785a47137524fd41bca,3734134045358,373.4134045358
0x9616fe026a5b66443ca1a08ccc0d01cee3db2225,147411540,0.014741154
0x96223e34f5071de807757b7a7fa129d4d5ade20c,281034994,0.0281034994
0x96267a149f46e4f0afa7545d5e49b0c873656f72,12,0.0000000012
0x962f3b958df0658cd0ae8502551061e33bbe93c7,599568,0.0000599568
0x963129fddff4011f4575384faa8412525ee18db5,3471816,0.0003471816
0x963732d17645f73f5b40d263702b64cfccdbf7de,95741316,0.0095741316
0x963b9bf6040ee2df811a53eeb0b2b1542dfc38f4,3847261469,0.3847261469
0x963c0691b358cbc8da66c8550bfca9f6cd3066cf,1547089948,0.1547089948
0x963c235e42f9beae30b20a05366db7ea7c82a877,6233868,0.0006233868
0x96421077299712f704a4b0d1564b90ccfa6c9d0e,417448238572,41.7448238572
0x9644e9c6a5ecb50ab5706a88e2aeded4b507598a,359556783844,35.9556783844
0x964f14d320519b4ec81a3037e79f56fcac732353,4530914,0.0004530914
0x9653cae91897490c7ec927ce8f2bd520f7b571a2,124425763798,12.4425763798
0x9657009beff8da7f894ea1f889df3f912d5131f0,8791989691,0.8791989691
0x967c6eb47958067e6737ede472407a01a01c3414,2,0.0000000002
0x967c6f446c321d5cd233fc0c2344c43ffa05a9ff,6,0.0000000006
0x9681634c66a6d5680d9a0f037df2ac3e1f5103b4,2462388410,0.246238841
0x96828217444eca392056e295a06d049cc5cd5153,2,0.0000000002
0x9683cd8571b5ad0ab30dcef4ada91dcdadbbdccf,93768137,0.0093768137
0x96857ebffcfeb92235ebcddd17af23e63a1c0746,599485,0.0000599485
0x968ba7f31fc3022981373f7c58395aeb9a957d51,3356569,0.0003356569
0x968fabe2eecae42a7842db971b8de0d9483b2aa0,108419674470,10.841967447
0x96929615f7b6e14fadf2e64d17f75fe2d40447bc,85804293,0.0085804293
0x969ee80f0985c162a06b77aa57e719ca8232ccc4,634922,0.0000634922
0x96abf63aec6fc2510713d790d6ab5503ea3b2986,10000000000,1
0x96acce565d74358e38578378b93b83e95db44c2a,90971816,0.0090971816
0x96b244391d98b62d19ae89b1a4dccf0fc56970c7,1203496367,0.1203496367
0x96d2071320ed613526108f56aed6156bb47a0e0b,8679,0.0000008679
0x96d58bfd10d30cadb893cd9cdd5e038560dc110c,65806336,0.0065806336
0x96e865e2d0b2fb912b3f74dd59bb6c279f84e5c5,30,0.000000003
0x96eff22ac11574ab8fcac7df0eb545ce10f6c88c,599568,0.0000599568
0x96f054c430aa41601de64e435d13e2666665dbbd,51943632,0.0051943632
0x96f74f03786eeabf7156e07103f35704f9461efb,181943632,0.0181943632
0x96f8a2fb095c12598759b9fe2ed596d656bb29e1,1911812095,0.1911812095
0x970a868280ab599fbbe947b177d0d5efbad2d476,3491,0.0000003491
0x970bc1e7ed8552116e70f0d886871a3a5972646b,1532264183,0.1532264183
0x970e2e91327083862d5d17a83345b0cffa835b0e,2883898612,0.2883898612
0x97121c9ba40a6eff51176c3114893fb18e427416,3538,0.0000003538
0x971a85c2f62186212737188d02d012aacf545dff,5,0.0000000005
0x9721a3bb565a30e58aa06147d4450e28406f17f5,99811062837,9.9811062837
0x9722dfc092270d66bcecb15f30dfd601a0a5eecb,10000000000,1
0x9731c3803d44f4398a1d552a626c166e88eaf525,509990971816,50.9990971816
0x973270debdeab429d42f9ccc23362b1c759e9914,4973544974,0.4973544974
0x9733bf4a15cec47dfa76c4eaa9d46a7c4b93f562,967354326,0.0967354326
0x9738f67571c133c4d08adb0f9aaaf0626f97e2b0,131609823,0.0131609823
0x97529f54cbbef4e572205fe397e4540095c6475d,5238358779,0.5238358779
0x975466fed91b0522f3b53d2c4cf70415ce0df6c9,309887000542,30.9887000542
0x9757fae38cb084596e59e2c1a721ac41ef07e6e8,1,0.0000000001
0x9763b024c4ce5bf0852ff56121a855244a627490,7,0.0000000007
0x9771bc485e7d26bfad4bb3f592abf4e03693bd18,3992748,0.0003992748
0x977a79e38036d2b05a5ed9582fffaa934f528260,1,0.0000000001
0x9780751a9c1de2960499b841126a6afabbbf0d5b,99358873,0.0099358873
0x978292ca4e0a3badbfeb45f5a74779a7a504fc2e,96131214,0.0096131214
0x9789ae413b3f46065648f1bf525e5df1a43c65d8,3837224235,0.3837224235
0x978c64e04c0e4b18d0b998d75ba237ff5f9c177a,5653816497,0.5653816497
0x9796c9aae18f183e5ad3d2def011ee8dd9e6b972,599114,0.0000599114
0x9798e7cb03dc7209ce4c8952d3eba74df4713af5,9788205457,0.9788205457
0x979d0c3b34eb98812a5d54d503a406628df647a2,11399091730,1.139909173
0x97a1ca841b4792068932d4224681f6f6fa22c549,981943632,0.0981943632
0x97ae18b597c3a8ccc48d66cd33aece7ed4e6c276,3168736459,0.3168736459
0x97b102e00d88f02debfd6b1e4b901dd6931bb982,5072915448,0.5072915448
0x97b57534c428bedf5e275791417b06e8ff0fd185,2971816,0.0002971816
0x97b9022dc6fe114f49f0e597f9ecf1dfa03d83a7,10990971816,1.0990971816
0x97b9cf7d8b1f23d5784ae87cb5e60ae649057405,6849464,0.0006849464
0x97c06edaa0d30cc9798309d5e89fa8c3ef24d913,4,0.0000000004
0x97c2301be25bfe220b9bf77e82d2680d5a27d135,1602846919,0.1602846919
0x97c54a1f8ed3467fb0db4f0b71b3515f8ee503b5,558314570412,55.8314570412
0x97c95974d3752acc454f367015699bd9b37425a6,285713723823,28.5713723823
0x97d7023b1b1f4ddbb9dba55148cae48f576201dd,8489594708,0.8489594708
0x97db279477678333dcba9aaf4a6d1f43026f3fa8,3071816,0.0003071816
0x97f2775e5721c9f9b5d28bc3bd7be073287ea22a,1,0.0000000001
0x97fea45c8d103fc355e0439441d088dc3587ecdf,2,0.0000000002
0x9805a6bb703c2230702190fbd92b50003edbf731,5,0.0000000005
0x9809835d8cde5154e719306f4b0e8bd4d99e0f50,3837654542,0.3837654542
0x980c029c17d0aff49c8351b3e445bc4d6f61c6f8,599446,0.0000599446
0x98166b48ad0d81b0dbf6726368e033a6d381ac90,68231557137,6.8231557137
0x981cfbe02dbc852ce6f87a88efc9587d23221347,8,0.0000000008
0x981d9194ccbc1e7dd5e2e5ce7ef8f5895453a988,11816,0.0000011816
0x981e27c556eb4aca03f2f5b97b2810dddd4eb136,4679,0.0000004679
0x981ee3ee4d962385fc954392da4d02519a098466,1,0.0000000001
0x9824298f695ee57657cb0633444625e806c77770,5310,0.000000531
0x9827afd47b1bdd0c5bf215498e582abc25707480,3171816,0.0003171816
0x9835c3e29a88d1dc5d9a66abb34a7d61b93b7540,59995313840,5.999531384
0x9836a4bb921fa4f74bea4dca4aa6f09f7589ac9d,57761115741,5.7761115741
0x983e113712685f8ebd669f600bd18a9d0494c893,990971816,0.0990971816
0x983f2c1ee55c12aca9af6ffa234636ccbf0eb991,72578760,0.007257876
0x98491a1c24c7274c9e6e0f52484aad76340eb4d2,4993143688,0.4993143688
0x984d4102fe398f00551157f8d29841f206f0f0e9,6938036948,0.6938036948
0x98553a51799da22f0bb6f1be6695dfefc7707747,248641081690,24.864108169
0x98561338da0d25826aa976e5c7c2c5455d9f184a,11816,0.0000011816
0x98567bd08fd9b8d4f06a7bdc10c1dd31dc9bdc35,60769722605,6.0769722605
0x985dd9f321a7c3196604e359c93341ed806359f2,90491123,0.0090491123
0x9860bf228f37bf5a2161a93b6afe35298ddc9f4a,6,0.0000000006
0x98697f8e95a07032fb15f32fe3b57a9ce11509b5,85718738,0.0085718738
0x986ea8193a684680baa513695b0abbcac4a95a61,4180,0.000000418
0x986f3172256833e7774077acfe1af633aa9fcab1,129246512,0.0129246512
0x987b966dbfd0fa34625eb5c9cce8ff905136d5ca,599445,0.0000599445
0x987d7c047ae706ee92ee3fd79813471e0337bd00,21893747169,2.1893747169
0x988177aa7aa032282dd95d2816a0ee049c8837dd,6485358343,0.6485358343
0x9888a6b952e282471fe248fd63a7bef5115359fd,79185473834,7.9185473834
0x98891e5fd24ef33a488a47101f65d212ff6e650e,6788990683,0.6788990683
0x988cf06b318eeca6cd1a3009ddf9c4daab8d2ef5,95310926,0.0095310926
0x9894ad0663d5631f38fd85e0504adae8395c76f6,92632402,0.0092632402
0x9896112416568f8c755941d1479ec9e21e730ffe,1635074041,0.1635074041
0x9899eee178726a304009fd48fcc099f9a167953c,299349366,0.0299349366
0x989b473579b938ffc956c6d12a01ad53c0953329,193513854,0.0193513854
0x989db24062e8a82acc4b11e686fb69ea784cd6f0,6124110296,0.6124110296
0x98a5e380b6827362a1351894c7c2709746fd0ca9,4990971816,0.4990971816
0x98b029588bd09454224d9626a54df3f8b7718837,4,0.0000000004
0x98b0785c0243cac3ed0b15253eb8ccfaa645933b,9915994840,0.991599484
0x98b10cdcc621359642a2519c5baf8addce0faa66,7,0.0000000007
0x98cae1f937e2ef90965eafcbe1ca93cf0e25a774,4916,0.0000004916
0x98cb451fa7f307025c7994ddf9796b693bc4d02d,94478968,0.0094478968
0x98cff02d1cb6672a47ba1a044b5ca80df39a81d9,94491095,0.0094491095
0x98d7d3218a4a9dc0028fffd4e64b7f3e358a6eeb,85796823,0.0085796823
0x98d896de1f29e8ef6ead856e8bec33541dd48e06,1019931804613,101.9931804613
0x98dad8fc277bb596677070189cc52cf506bae343,544974,0.0000544974
0x98e21861d3db51f9354da7656dc9066d221eff51,4,0.0000000004
0x98eeec86187c214e3ccc6aeb2a07687eea556f54,6013157144,0.6013157144
0x9900e17ad49d93f5b2567b52d87a7fb665e98f2d,110870,0.000011087
0x9901d56fb10977deed32d23134d5a6db67a03683,1660000000,0.166
0x990205eaa3a9357454c2991d7b5e71f0fe4b9c00,42552633,0.0042552633
0x99020692bd7c0a1a1f271b57541f07ccc4c16d2e,16731113623,1.6731113623
0x990aabf0a36a919f0927ee100943d8a73f5643ca,540637458,0.0540637458
0x990cca56c97b0b342e55b38c8ace05d0c455ec47,1,0.0000000001
0x991333c1644254e42f7aae84079ee70740674c62,240032,0.0000240032
0x99159db6734d55fb04c005b9ae05671d2883c5ac,100644960,0.010064496
0x9917aeaf94d0b97523ea4cd55be0860e2bd189f5,10773544974,1.0773544974
0x99206b65b08dd76b9fbe2ff189c05b912f623cd1,5,0.0000000005
0x9924c8727d59fa695c10305c5b13c997e9e49872,113251401,0.0113251401
0x9925d973605df4edcb51c789cc327fc31ba3202a,98889773,0.0098889773
0x99298b15b5dda538c67f08af804d85e82450ce39,5,0.0000000005
0x992ac81ce761407ad640f0bfad6bf2e7c2142b21,99807232,0.0099807232
0x992dc13b03f21ee80c43c3d6feae91341a9d91f9,6,0.0000000006
0x992f8e145c5404e944aeb8f53660985daf9dc827,779082735,0.0779082735
0x993884c3beae76e138decd4081b0bb8b08edc59a,181943632,0.0181943632
0x99446179542246be7f960d336f3115d75b2419e0,564209275,0.0564209275
0x994531d0054f041dd6831428c53d633535c29b6d,87965864825,8.7965864825
0x9947a1c54cd439037f169c9ee165af3b9c184752,2480971816,0.2480971816
0x994cf01f34c51426bcb12bd30ff7079e280e1140,10581676625,1.0581676625
0x994f1454e1e70e7cb2ebfe5cd577222e76f51e24,104190151,0.0104190151
0x9951a282b5e4fcee5f6052b77df946fab46a1705,25836539,0.0025836539
0x9953a1f3585e539cd7470f6029412ab836866e8b,4619775552,0.4619775552
0x99570a46610d3ced38655c90af7e089bfdfd03bc,94965145,0.0094965145
0x99580d96075959d98dd9ba55374d162b49bf4b50,29931917262,2.9931917262
0x995b4e191b8e42ecdf77dee65cee282eb07f61d7,892013124562,89.2013124562
0x995cb7f325a183a18f8f55e44d2e45722d0ce1b1,7821,0.0000007821
0x99601e11a28debef658c6b4c8ad9d0d77965ed11,1,0.0000000001
0x996e4358e6de55d9941028c927816f099b7c3db6,9977305754,0.9977305754
0x9974abc4dc8d3ab796c6c33d72cffbca6534d25d,10971816,0.0010971816
0x9975d47d5feda6a528d3dbf39fce2246b73988b5,71216566,0.0071216566
0x997b86481ea10a414ac34acbcf1e3030274a618d,80680654767,8.0680654767
0x9980a4f7f84c1295245ea62f7ddac29d8598e704,1,0.0000000001
0x9982221a5bb1dc63730b7026295c7ed18b809946,8,0.0000000008
0x9995a00201554d5a2430b743fa4fa2aad664bef6,345626,0.0000345626
0x999999fc097cfc5cb1aca9ed438a3b86846a757c,54938957104,5.4938957104
0x999c86e68772c5420bb66a39609c44f4376afda7,7,0.0000000007
0x99a978b5d2e0f3f44d6395be61c1e87cb2ca0dea,8175735,0.0008175735
0x99aac84ec20fdd2fe5f305bd8a58622c8552180d,178404490,0.017840449
0x99ae96d1ba5d95abdfd9176949a210a622dd2f46,17990971816,1.7990971816
0x99b17456ed9c3eb3e2f4f292bcb515f8bb9f4640,6890972259,0.6890972259
0x99b4ce6c6fa93bf50ed20484dd32b99777ed22a1,100971816,0.0100971816
0x99b68d233a26661bd0441f237a3b5a47ed9619f1,11062837,0.0011062837
0x99bdce51a4ccffc80d2e7082fbddc18ede6a7d75,1089177196,0.1089177196
0x99cb4b9dfd43ad910a0d456d1d8a548fe67dfd2f,8,0.0000000008
0x99d281d96f086bcd179cde61da873b0b1e480fa2,56526,0.0000056526
0x99d3a41c97452a8a0170069fe756bae4e2d8c456,93377694,0.0093377694
0x99d6d24012361620bfa1a3f16d4e745066fc7c69,984940000,0.098494
0x99da9abb39d53d0ea8db339b8261d8e4531b4ba5,6,0.0000000006
0x99e2a6b3aa40bd79f18e7e7e525292649e39b033,480212454,0.0480212454
0x99e5c4b81bb8eb9351f5eea2bb13fcb87626bb6c,95740960,0.009574096
0x99e664f640af0e30afcc1de9300d523445686726,1,0.0000000001
0x99ed512659c874d9a0c8bf99af97f73cb947eb83,100506404,0.0100506404
0x99ef20c6cb24ec53ae6ccfdce06f38860305deb5,2971816,0.0002971816
0x99f9ee8c4002b533ac6efec92bea6f6ecefe342b,45773030530,4.577303053
0x9a0320019dfab3cae6fd8a7d0259d920b3309f06,230682544974,23.0682544974
0x9a0758034d84b25b93e317f91a663cacfb130c30,11816,0.0000011816
0x9a0c818b34e54c8f350c45cfd3d982a46135cd6c,30934478322,3.0934478322
0x9a17de05c656711c08985a118d9ee0fef6069cc6,8,0.0000000008
0x9a1e0c819f4e6608082cc28d515648edab043b85,10661832323,1.0661832323
0x9a2808ec8d42ffbad9ce80eba3d39fb26403b903,32477,0.0000032477
0x9a28ea81fd5dad08d1d3b0bd70c7f1c2f524f026,120000000,0.012
0x9a2b59b27f1dfc0d7e3487c6435a4cbaa3c0d6bb,97321599,0.0097321599
0x9a2c5cd2dc0c22d478a4f97851249b73480a972b,5,0.0000000005
0x9a2e449f27a4cb293787d1171dd3a38360723ae5,2,0.0000000002
0x9a3bef5598b4298188f9e286ec1a87ea6773fe18,17982046250,1.798204625
0x9a45122d496983bdfde3ae464c92b4610ad690fe,1740614032,0.1740614032
0x9a4a03454b0bdceb78dbb197477833b3b7f41726,92637391,0.0092637391
0x9a4a4b9c06f805e9a14f7a2418a2c20ac27e1e8b,799158,0.0000799158
0x9a4c23b7564eb011d5326e6a541c6bcd767bfa55,990971816,0.0990971816
0x9a4f87eaf323575c30bb4f5ee32e4aa4fbb66b81,288142706,0.0288142706
0x9a53c5f8dd93e230e1df487ad34d710224ed092b,97500722,0.0097500722
0x9a591df15e65929fd35be69b3fdd90477640aa84,11990971816,1.1990971816
0x9a59d8b225c4fbec199a0dddcf51047b53ee5ba2,5,0.0000000005
0x9a607a7337211d1c8bc157be6cc5e8b0ae4a9ae6,2715218036,0.2715218036
0x9a657c72d6e7f014df2e0d84a37259ee4a012d62,463074561640,46.307456164
0x9a6d20b1e18332248f45a88f252e4e4dc0128388,74195032,0.0074195032
0x9a6fa2bfa0277e32c350a6425b7cdddcf79dc981,16963501976,1.6963501976
0x9a710faf6e4daf09062da4a79b1d9ceb81301cf9,90971816,0.0090971816
0x9a7376935632926a5f66be7edc895c3519f5f985,1,0.0000000001
0x9a7c876756187729c380b45072d4f5b7af32fefa,3,0.0000000003
0x9a7ccd02b46452a6f59c5abfe3d439e6bff7c4fe,1990971816,0.1990971816
0x9a814bd276e2738857a57b2b09d9db2adbbabe40,236089,0.0000236089
0x9a83cb4b47ba3cc6bd4a328726ba45be79de5d59,6,0.0000000006
0x9a94d74f8883d25b86702d15c5119af9ffa1ad60,698994075,0.0698994075
0x9a95c573710828bfafbe85e15760c11b9278465d,95740451,0.0095740451
0x9a9e2fee5ff839d2f45e78a256f8ff369b383237,50993406,0.0050993406
0x9aa2607deb07360725bc6d11ca5e2db735f24622,3743652786542,374.3652786542
0x9aaa0d92888f1c31f7678ef18c77c78f3a65e348,1,0.0000000001
0x9aabf0d42a94fa5b29fc2a963f37c71c33c3d892,85800712,0.0085800712
0x9ab26dc14064385638f8592e1013bb5645e169fa,23274944,0.0023274944
0x9abcc129573bf1da92521776a8347a934afca1ea,261821730,0.026182173
0x9ac1111e47d067729ac932ad4006c020fce51ee1,9,0.0000000009
0x9ac84446ddfa4d41b6a78da7ea23ec6749dc1961,6196729804,0.6196729804
0x9acadd7c77806b1c4dcd3c2565e62d89eb316e57,38377244,0.0038377244
0x9ad0e6907310f83b0a9e3fd94b689d8bf6566cf9,5731141144357,573.1141144357
0x9ad198922b71a6b6189e270d07adbd1b1bcdaae2,11056623393,1.1056623393
0x9ad2cb35bfe658036aa28b1b3b086ef37643ad17,6545279985,0.6545279985
0x9ad4a47e223312b4d8b15d514bd1f7fb7ee6ab8b,169981943632,16.9981943632
0x9ad96d54bd11a16db8e17506ca0ba2196d7d684d,9,0.0000000009
0x9adbd831f69197e06f7f5725ac9aac0ef40b755a,92639272,0.0092639272
0x9adebcd812decc851de9b4da0e66473d8f78b006,9793635995,0.9793635995
0x9ae22204da604c94dab2e5a7c788a55da6093da6,100492466,0.0100492466
0x9ae631b1a21b755428e01d8f0979554a4e4c8305,9346234679,0.9346234679
0x9aeda86a3384fd0dd56067bf2714a48a7c34cab8,599557,0.0000599557
0x9afc98ac2f7c84e518b36dd0cfa9c8751ce5f5fc,7000000000,0.7
0x9afd1c0025ef89b39526b7be9314c9adc64991cc,55687215,0.0055687215
0x9b02e3e07086b4954317c3c1fd075df667e979ad,350053757,0.0350053757
0x9b031f475130fa896e80948631c8ff5f342e8f21,6893888600,0.68938886
0x9b0478c0c6779c7ad9495ce53461412ae40affaa,11816,0.0000011816
0x9b08d569d5a83de6e77f531574a120fd65ab24ec,29314868932,2.9314868932
0x9b09b9226832ea1ea25abe53fcfdd2ae55fd9c5a,7,0.0000000007
0x9b0c756e058819c6fec3c8305ee5a9a4dde99122,497382,0.0000497382
0x9b280c854a8006120b233793a089d7f8b36fc4df,130180,0.000013018
0x9b28d64bb114fb48f3a8beb2bb54ea5531288b8d,19499476164,1.9499476164
0x9b29124286ec3830e2c64eae9953170dadf65a79,3905644576,0.3905644576
0x9b30f6ae792423c71374868b48d2a111c8d81bbf,6,0.0000000006
0x9b31f9017f7cd97f2c775ef237ef9be79213c6c6,7,0.0000000007
0x9b3e84714e7b8501648b50e2fc002f8f3dec5ad5,25693949335,2.5693949335
0x9b4203e9063b65bc9db5d636a05a48b0c6101198,6704151,0.0006704151
0x9b42acbf3871e5ba9cdecd7b945d65b6746a5a9f,1,0.0000000001
0x9b464fabb0fe89b90ca2050e920f4b4bb8267cae,8,0.0000000008
0x9b476dd00cee2f00cd57c7b7cf79dd7f27951d02,65508058325,6.5508058325
0x9b4c436f40e7fbae7bad8b7547a2e8652c71b6c5,971816,0.0000971816
0x9b5202eb6128f4c5240b87ae34676a85ce6a2aca,33855518,0.0033855518
0x9b560604691b60fb6dd7c4d3e585d588ca95dbf7,52647165170,5.264716517
0x9b56f1d77d9d2eaf10ceef77048535527d81c384,175828934662,17.5828934662
0x9b5cac069ac867a05ff8cf869279e0694a2fa36f,9929880161,0.9929880161
0x9b602701ba38bcf89011ecb06d58e84ec5e52e78,49990971816,4.9990971816
0x9b6828a53026f0482da41e3641bc69c6115a27b9,69271456847,6.9271456847
0x9b6a453f3cf839bb85bbe60c8ff8b757f5edf321,78069116,0.0078069116
0x9b70a2390d2841f588c8148c0173f353fb31db13,4,0.0000000004
0x9b811b20ded8e86186282ea7fb9817c2afb132b4,29986114679,2.9986114679
0x9b81389efe63e803bc96008678248c689410079f,169971227319,16.9971227319
0x9b883c24574423f72936cc7519424bcb5ba0a4e9,1973027140,0.197302714
0x9b890d12688f9ee83a15b325f764246f18daaeef,3300000000,0.33
0x9b8aef498164ce5c39218926307a9fda734143ce,25299818,0.0025299818
0x9b8c0b33d75c7cbac8ed9d6f224ea068cd002ace,4982118407,0.4982118407
0x9b96bb5b3b26fc9f108149963ac9881258a718d9,628337642,0.0628337642
0x9b982f5879705752f7e48ebf0fe1e4937e85ae0c,3337675570,0.333767557
0x9b9a501549252509f662c39792b5b7a028f985ad,13799363,0.0013799363
0x9b9cfdaf96962ca5a21e907b53ec806b44a03d0e,96099469,0.0096099469
0x9b9d574a17772c3f66236cf15b8ebc53b61aa80f,1000000000,0.1
0x9bab527a094b7642834d928ecc56c3c46e88ca9b,4320680291,0.4320680291
0x9bab90c23edd64caf0942c3fbcd6efd043f4cd8b,500000000,0.05
0x9bb77d01a9b12e04e9db99ec2dd5f564be0265a1,8171807753,0.8171807753
0x9bbfca78e14efac2804e36460704d179b3a3ed6e,197732,0.0000197732
0x9bc54b27d43c0de1683ce9f9266d6bc22f687c3b,55764457775,5.5764457775
0x9bd6dfde3b6a3733cb8fd59649de82e14263b741,7,0.0000000007
0x9be0adb0d3508b1fa6efecd08765a2c00f12e391,67332921954,6.7332921954
0x9be4567a3a75268fb1d4045d922717a9c4bc38dd,5528680309,0.5528680309
0x9be5f00ace3b8bddbd3414153ec3ac660f11adf9,1466,0.0000001466
0x9beb3bc0a3413c74c5cacb13b8ba2fcede92c247,104603125950,10.460312595
0x9bee1946257fead3ee11359932eb153f08b98043,94611854,0.0094611854
0x9bf13f9eb9f58e52b2d198dad740928c5366b716,95740490,0.009574049
0x9bf2052054ec960700816e2a01a2c13323fd3fd9,6,0.0000000006
0x9bf3d011283aafc989392f123741ab5c3e9960de,3,0.0000000003
0x9c0046a19cb4a936e221fba8a96bc5c71f467d13,381502,0.0000381502
0x9c09f1e3af920b112d5b3b6c6e3e7563d45db4c8,6,0.0000000006
0x9c0b5659e2b1de55b2b751f21f6bbd8d672a97d1,210202091,0.0210202091
0x9c116909635d0e2eff6b011b47a83f9e6b8401a5,56117,0.0000056117
0x9c176e205303b9283d9acc0c12e24b54a810957f,90412394,0.0090412394
0x9c22deed5d0886a1c55cc02455fb39da1a1e0369,755894,0.0000755894
0x9c241b1aa45833885fe21750c361829ea5ee0b92,400,0.00000004
0x9c2a2c86055e7ebd6f87db6938c114c5c9d5e19b,599444,0.0000599444
0x9c2f286eff488c017d800b8bc01b2450d1d2324f,7271686310,0.727168631
0x9c330a97c3dd093f4b514af6cc2f531ac0cb084b,1908,0.0000001908
0x9c33a61da8ae6f32ff91af0dfe07a7cb04f46d2c,932244,0.0000932244
0x9c3812048b7a1157fa51a4824ce09e8a9bc68703,856,0.0000000856
0x9c3854898ff6fbc3f5a5111995220dfbc428e247,10895100232,1.0895100232
0x9c3967dc0e688554a8f72b360203769108202e6f,8,0.0000000008
0x9c4229bb705e8d12cdf971bc1395fa5b52d1fa87,9828248999,0.9828248999
0x9c44fe0b560c67dfa65436d9dd3a799dab329115,181943632,0.0181943632
0x9c4add7272623807800cb321d2091f0b879ae488,94682258,0.0094682258
0x9c51f33019ae97643c1fac54d8bdc0a3eff9f0ec,5,0.0000000005
0x9c529af39499eec506ac31fdfa13bb299c2c2a55,12000000000,1.2
0x9c57391c2a9e173e85743bf262ea7d07c94ce4df,599447,0.0000599447
0x9c57e9a743c3d7830711cad9b28fcdc90d9c0cad,44096581,0.0044096581
0x9c59afa19390a1f34fed6a0eef2d627d64ecb7d4,7484884006,0.7484884006
0x9c64498526693457202f857bd43467e4b18f3ead,4,0.0000000004
0x9c65cc0291e6b2e48375b76f23351d2723f4c527,599563,0.0000599563
0x9c69821d06de9d411d4ce45d0f0133463eb0e827,1053176392,0.1053176392
0x9c72c98535224c3c045a3d27ff981ed5a1d64d6e,5679460158,0.5679460158
0x9c8414946c1d3ab7a4b2f837dcff30b48c77a822,83985344,0.0083985344
0x9c898649983464dcdfe6fbbd2cfdd40c1e93bf9c,7,0.0000000007
0x9c99f99c986c77f0742b572b2c41b667ada73f2d,64469903,0.0064469903
0x9c9a256b19a9298706ee8bb254527436d36889d4,1,0.0000000001
0x9c9bfcf457780ba81be9a92b81410990ccbe1808,746589,0.0000746589
0x9ca952ace9528289c9dd072c32c33a1b91f3e7dc,4,0.0000000004
0x9cc0c6860e0362293b0d576dac9cd93215fa0b8c,1,0.0000000001
0x9cc2de60ba370b0e7eec558946d95651981ecb8f,1,0.0000000001
0x9cc3a4bdb31ae320d964c3062815e75f0557f98c,97358091,0.0097358091
0x9ccbdac25ecda4d817b3aa0e020bc65f841c80c3,500000000,0.05
0x9ccd386c374db0e24c2d2e099e05da246cc53a1a,427062011915,42.7062011915
0x9cceb4759c4d1e6e535fcc916d1af345ec469709,10000000000,1
0x9cd219aa9e2330296c1afc6e7c00deb0a310cedd,1,0.0000000001
0x9cd3129e3abc25912a410cc41379cbec82bff128,5,0.0000000005
0x9cda4338cf225fd9d3bc70d4b6658b14efa0c2b7,3,0.0000000003
0x9ce9ae5ba7798d5a88f979d66ef8ac5573abc118,728097349,0.0728097349
0x9ceb62d088cc0bb40fef1718e86fc544932fb41d,7,0.0000000007
0x9cf8364620b8de02251a8046e65b40f09812c0c2,309567467175,30.9567467175
0x9d079ab1923d8a35ceb6a3a4519406b40f25491d,80763,0.0000080763
0x9d0875da7168715c7e2a4af3cc6236edaa59b542,379480923,0.0379480923
0x9d09ec3cbb97bc6571168a155cad17043ff1093d,3811062837,0.3811062837
0x9d0e771f415435d178ec6a93c61bf011f4a0c809,406909304248,40.6909304248
0x9d1c316f1f307894c80e7d2963454e6342c8e0a9,3274879402332,327.4879402332
0x9d1cff7c84b74ac6184d2e4550c98fbef19a9493,934253,0.0000934253
0x9d1ebdacf1de2f71d0ccf20e4830e144c9be1bb0,7880752632,0.7880752632
0x9d1f2194dbb27241e45200e0bf48547baacfc426,11816,0.0000011816
0x9d284409363af0f8eee92d9b1f2f97284da11170,6429372167,0.6429372167
0x9d2e29be44fb2c3d7afdbeb79f59f51224373aff,152937771,0.0152937771
0x9d3472ed8d625d0fd3e4f6ada2a0a53b0d77640e,1184,0.0000001184
0x9d36ef2efc940c1fdd02a3df21e838eae229375f,44811062837,4.4811062837
0x9d3bcf6095791216cb9e39acb3c59b53fdc3b717,6,0.0000000006
0x9d43a4108262bc70ee7105aa8db082a78dcc25cd,95740967,0.0095740967
0x9d472b37f2b2b2d94952a36fbfc9225ede944c52,3,0.0000000003
0x9d483d77da8746a87ffab69974fe5f0c73e5eceb,77510995,0.0077510995
0x9d4de1602380ed14e859e9b1994c98085af77fdb,799065026,0.0799065026
0x9d5f84c9a045b6e327e611576b7367917ed97c07,85804307,0.0085804307
0x9d6a6073d35148eee19da4e9955df52085b19973,98481898,0.0098481898
0x9d7283bd4ff80f1c0ae171d129aa4ac2edee873c,599444,0.0000599444
0x9d7abcce66f4086300779188e16dc0ed06909217,29990971816,2.9990971816
0x9d7c84e7e0ecc2b5041cbad73070eeeeaed2eb33,9,0.0000000009
0x9d8088baecfb4d02020c0296d51ddbc69a9144fa,9,0.0000000009
0x9d82829482876d64bc11cc733092416a4899ed05,1990971816,0.1990971816
0x9d83d9584b556f5216b5d8be6cbb2c32d2522311,22630082699,2.2630082699
0x9d864d4ee107b8337d4410dfd17ca65d833ea552,21011415075,2.1011415075
0x9d8b8e6a9778029610a6c5f4b08cd977bda8caa4,500000000,0.05
0x9d9351cab87749333ec2c6556816906190030002,9986114679,0.9986114679
0x9d9869566ed468aa73627ebe3bfb02a84e9e5e76,4,0.0000000004
0x9d9b59d4a099b571536fc60cb3923ecf7dd70419,6625,0.0000006625
0x9da0a622caba46b1b013648437873067061bc5dd,1,0.0000000001
0x9da36391c29ec7f2e000996b8ac8746d78ce0adf,2622462065,0.2622462065
0x9da9e6a4ec9064623c693df8fb64c7b9dbdba262,16077938371,1.6077938371
0x9db22427021bf1128702b5a07250bc255d453e86,98571281,0.0098571281
0x9dbad420963e53775a51ea9aad4afa3af6e5d753,85796731,0.0085796731
0x9dc31735fca80f6abe10a349c9e2b0c8b6f78cc1,896993078,0.0896993078
0x9dc7cfc1bc8136c398bdfd399cf028285241019d,97305729,0.0097305729
0x9dcb3014de2b56bbf222771d3de5ec0808161060,87597507,0.0087597507
0x9dd1d7310b18afca21b605adee84fa08eea357e8,4597938740,0.459793874
0x9ddb8430a85223403e6d99f59cdfa2f9ce941b22,912389733,0.0912389733
0x9ddc4598cf7cfbbf93e73e6d04d3af96a55a8123,381323341,0.0381323341
0x9de242e18e49b9ad905a2b72c242d61bdcf115fc,841673737,0.0841673737
0x9debadcaae4820092c8ff7dc741c9ec7d9e95027,29769263,0.0029769263
0x9decde522cc1285efe18afde31c79e89dee2e91e,20000000000,2
0x9df43a05682f536b1b0f397adbf7361cd847a656,96099484,0.0096099484
0x9df5cb5edb02cc6a3d2e777beb8dd442dbb0ed39,1,0.0000000001
0x9e03eb454d58688334fa14e0d46252fa2513a92c,10924077573,1.0924077573
0x9e098c22b0dd607e28ccca92059ac0593aa21404,3450,0.000000345
0x9e0d7bd130edc33774ad4e5f40788348b05c9bc3,9986114679,0.9986114679
0x9e13e0feb61a8bd9f38be1873385012fd0ede2bc,169201122,0.0169201122
0x9e18d4b2183c26686d80c4a305ddcc1ca47a895b,2,0.0000000002
0x9e19a3ed3fbcd63bfe35be5b5882bdd544c10973,8712470079,0.8712470079
0x9e216387d928d26c7e2a900623a8b7c33ad583eb,599446,0.0000599446
0x9e2a279d7995d2f9dc178771f124afdb45223c7b,2963477553,0.2963477553
0x9e303ebec3dd894526bbe6bf5ee803f9777767e8,896981378,0.0896981378
0x9e368dec0eaf2cb94c040cb70266c8649e94cf46,6343637014,0.6343637014
0x9e37af1c6d3a14d0da1259726ef6fe774058eba1,23949000000,2.3949
0x9e3b06c192a169570796554aebee69526527ef5b,2660000000,0.266
0x9e3e46ed10825bf0bb9c21dfb2094ca89309c733,1482900803,0.1482900803
0x9e3f7333d76fbd3b7417cdd9a3748117dd4d3c20,1253193938483,125.3193938483
0x9e47fbb2a2a27b3b02e4a63b3ef5a3dc863c0223,1,0.0000000001
0x9e490445a8323d04641e5a8dfc8f23560f86c797,7119498801,0.7119498801
0x9e4956e0e19c00b2edb73496d9b360b1f4561a26,120000000,0.012
0x9e50db953210a5291d4ab984166abf21b5355054,1071058,0.0001071058
0x9e5f93a05f9da3bea22fa342299b0575bf5350c3,7,0.0000000007
0x9e6407b46c185f9789c4b9cc9655664843397187,599516,0.0000599516
0x9e675cd400ba8bee4170856a131631dc5aa3dc06,13304654224,1.3304654224
0x9e702ade7d608b689af5b6c156621607ef11ee22,32760110,0.003276011
0x9e725e0916675bb4f7c00a3cecfde4f50b932cc6,251712129672,25.1712129672
0x9e74db62b1fdf82109b9622b9b33d113a23e3019,90972572,0.0090972572
0x9e7783d775d38ca09048cd35bb192c4b26af5538,599479,0.0000599479
0x9e7d1d6806eec4e53d777ee5f88462aa4870d46d,587759698,0.0587759698
0x9e846a35132cbf7e4faa51b6b67cb33c616228f9,64487,0.0000064487
0x9e9b306ddb1cf445f587d7f2d07dd6b529d1b01a,270955972,0.0270955972
0x9ea14348b4ba58049d4425b2acf084a7e7397a12,723728432,0.0723728432
0x9ea17898734b5777c115a1ab30730330685b2aca,52808116,0.0052808116
0x9eae579e9538ad3a3de7860e0174bd8831056072,724870,0.000072487
0x9eb382ad400dafb1de204a5490e1e404b9fc3265,93026151,0.0093026151
0x9ebaccf0a9952c82d0f2768e085c69a442df0161,79150971599,7.9150971599
0x9ebe61cbac8575e0210505e00bbb59bcdc7f6abd,94334022701,9.4334022701
0x9ece891d6365f1e1c55a5a33b0dd8e22b7c8e2f2,76541697,0.0076541697
0x9ed564411964c3f797f9cfe20e43984ce6819a7d,27411062837,2.7411062837
0x9edd1f2ed018495005c1010785aa1b28e73e9076,95306271,0.0095306271
0x9ee20dec3bdb1703e7018c1e1b7c831100b92ea1,124658119495,12.4658119495
0x9ee32411e0e253f853cf76cc50ade2c749b8a13c,1977305754,0.1977305754
0x9ee57ef647d6343dedcf1d9298215a4d11134ab3,21590167,0.0021590167
0x9ee702172a8607e1d4580fe43977fe92deaf9121,3,0.0000000003
0x9ee81d3b926047f6f4b2bf8580b665b4dc5ee3d1,351181477,0.0351181477
0x9ef0477ae8a76af19056dadeaecda83d04bcf92a,92915337,0.0092915337
0x9ef92fb24c018640e81cd33af25e075a22d51e86,41193062,0.0041193062
0x9efc7ff54bc35237d1c5772d2f15d8f396c30a29,6481498212,0.6481498212
0x9efdd20b672fbf98121f4bb1b6b03d8be456be64,2000000000,0.2
0x9f036f42cb0aebd0b5af46804e239a4b216a71a8,94435116,0.0094435116
0x9f03afdaf311378a1d849fc7589cbd62146809f0,92835871,0.0092835871
0x9f0d65965a424933ec7e5fdaef8631185870beff,9973544974,0.9973544974
0x9f105c596d896f36eaa80c58a0dc6cee49deea77,1990971816,0.1990971816
0x9f253a1fd17d5c53c08e08d0c1ca2a4213c1041c,41233678866,4.1233678866
0x9f2b20b01c14fca2eff9e3af4c8e4b0a4658603a,914004059,0.0914004059
0x9f2c416cee8f698b78e6736c6617cbc8734cb9ad,3211266095,0.3211266095
0x9f33a4809aa708d7a399fedba514e0a0d15efa85,986114679,0.0986114679
0x9f37794f2a4ad0c9fb61e7a7b27fb19e775d7376,958344037,0.0958344037
0x9f397ecc6b223d49636eaba4e28572660463dab9,90971816,0.0090971816
0x9f3bc3f85670e67da2d3c0c54387eb15b1bd64ba,5,0.0000000005
0x9f3cb1d13ad41056cdbba5c06f0fe974b159c02a,5,0.0000000005
0x9f44d917fbb3b93766bffc87ba150e8a0fbae4bc,7406381,0.0007406381
0x9f4bf1fafd578ae36a96c1e44ed8ec9dafcf4593,1,0.0000000001
0x9f589e1a5e8ec43c1faa3f1d370aa6af1a26c185,1870000000,0.187
0x9f5a7d8a31b7de4f62c44fe5819aa2ef09065acf,11631108996,1.1631108996
0x9f63d8c42cd762c36bb3a63a13fdc3b7eeefa853,1,0.0000000001
0x9f64f9fc3d0ed2020d185552b5ba61abca6106fd,92799901,0.0092799901
0x9f6c6910a8b1199251a9e213a50a8ba3dfa8d7be,6,0.0000000006
0x9f7275a61cf1634d9241dbae26297ee2f219dddb,6,0.0000000006
0x9f74b490fc968f1ef947855fa22efcc49d14f981,4,0.0000000004
0x9f78ec374b0e597e1793a7ae0136e5b79df7ca2d,92182786,0.0092182786
0x9f80dfe847f8c8d233d3b1dca66fd34c0449df9e,3555214620,0.355521462
0x9f86e3900cbf8649fe1bc72c48d07914cdd8f74d,6168721405,0.6168721405
0x9f8d9c183150f15ffba39b7b17c3e1a78e5e5478,5,0.0000000005
0x9f8ef2849133286860a8216ca11359381706fa4a,1,0.0000000001
0x9f9553c653e05d811fb0767fff39b55361e3b4d7,122955198816,12.2955198816
0x9f97b114c457988b5b602522699acc0feb99b0d7,1135758137,0.1135758137
0x9fa1cd2d29014f2317aa03712fcace59b2b3d7aa,5,0.0000000005
0x9fa2213ffac3000935026742ebef09dba1a3c89d,32888741,0.0032888741
0x9fa472abf1746d1f530e6e5e5da410d33d449de2,98569810,0.009856981
0x9fa475adfdff80a17d6f8b6cd48565696755c20e,1022326041,0.1022326041
0x9faa28411527484fd17420e2f31d619288566fa7,1,0.0000000001
0x9fac6a206d6b02673784083ad5ee246b975fabd3,386114679,0.0386114679
0x9fbcf52632de3afbc1b963349eae53800b3c76ff,95257,0.0000095257
0x9fc0fd60f7e89956b0064ed2c63781a7d1cd9aa0,1688968416766,168.8968416766
0x9fcabcc26cb0723d3026785193dce06fe8429889,11375257012,1.1375257012
0x9fd58a63f6cf4ed4a2bce7c7af14fd91251b87d7,5692929227,0.5692929227
0x9fd85256023f12961ad6360dd5020db304e4a17e,69855717,0.0069855717
0x9fd8de0e6f2902ed35a4bdb2d75acc05a43330fa,8537238635,0.8537238635
0x9fdd9bb576023657a02fc94ee132ff587d7cf379,4,0.0000000004
0x9fe3237c10e188d0dfc9190045bef8a86da7fdbf,97307614,0.0097307614
0x9fedaa69f4a357dbd462672befa4ac4f8e3df64d,95740465,0.0095740465
0x9ff10612af2b7ab14dcdaeb2f8e41ab6f54d020d,2000000001,0.2000000001
0x9ff90fdbb1140ede80b5eac03c302d3bd73bc5a2,95741292,0.0095741292
0xa0021ddaa4cf451d93205862b44ab3326c432e2d,6,0.0000000006
0xa0059fc224f576cc22a9ddd4b10f2433844ffcc4,10372392058,1.0372392058
0xa0146e6009d086861e5d1c1847acf4a41ce1204d,258786336,0.0258786336
0xa016ecf1256169f39d3a1d7842f1c87562e2b513,9990971816,0.9990971816
0xa01773876e092c52a35ea88280a85d18007fbca7,199986114679,19.9986114679
0xa01905fd0db6aaa356dcd7e6ac4bccf5168f815d,3,0.0000000003
0xa01c2eda113867352a5e30b3c052810478eff526,6,0.0000000006
0xa024faf3b722a8c7cbd85cd0b5a4b4cd3350ad9a,81790756,0.0081790756
0xa02610bafcc4a1a4d92d50bc9e0f9bfa932129b3,94435112,0.0094435112
0xa03b4b6a2ffa47341efbfed95179017a53299a5d,89468178,0.0089468178
0xa04054b0af442848aec7d5086fa977d5348059dc,9,0.0000000009
0xa042807bcc6620be242e3eb6f9610b8fd66e2947,1,0.0000000001
0xa0486111ff765993932995a518624c99ddcf14c3,99268124,0.0099268124
0xa04946ae271580b8b6eba8e8c1834fc635a1fe59,181943632,0.0181943632
0xa04cef1e0e2f8774320cd8ad1ec2b7b167d4fa4a,94604133,0.0094604133
0xa05357dca4564752035be3eea105f178733a8a5b,3081700,0.00030817
0xa060a88a79b525c8a21ea60970f647b01a53fb76,990971816,0.0990971816
0xa06320a4d2ad66d829ff1f3b358f91328764782a,6,0.0000000006
0xa067f1262bc7f35d99bb3e4fb8b50c747dcc0eb9,186114679,0.0186114679
0xa06c1f8f809adfa1ddb84531f693f48720bd9eb5,1000000,0.0001
0xa06ea84c2f3fc52b7cf1b49e935e50bc6f4a114f,94611843,0.0094611843
0xa07ce61c4bb9b7e1a847a3815bcc587c7ec5e303,9,0.0000000009
0xa07fb02352e6c3b2a30428cd45af605d174de623,9,0.0000000009
0xa080972e8cfa2e63fb870dd0d9f79c4e03db4f42,5,0.0000000005
0xa086415eb7b7d6094cc681e75a6120fe33066200,29973544974,2.9973544974
0xa0897a0e97e4cb5e2533df11236166a78a6bf2cb,28355830370,2.835583037
0xa09915ae61679dba2762bc327a39cf332f3e36a4,3930225714,0.3930225714
0xa09d82a787f6dc1e53728a12a44d0bcb6773f825,635995,0.0000635995
0xa09ef775743f23628672836791533963ccfe7089,93378264,0.0093378264
0xa0a43a6f6899967b86b68567703cd7a52f4a1c53,97354541,0.0097354541
0xa0a64c9959207b41fab5429c0e790591bf242656,990971816,0.0990971816
0xa0acf2b39b9b7de9c5f18f07471b22895827d63f,11816,0.0000011816
0xa0b4b93bb9bb3016f510435bf4a5798be3f410af,1,0.0000000001
0xa0b9f7f385bfeee1e2363adeb458f82f324fcd0b,20003760780,2.000376078
0xa0ba3013b814891f3adbfd7a6e36f0390494d8b4,4,0.0000000004
0xa0ba4d1ccc0b794ce2fb6b4ee3064c92f4ad3479,715019161,0.0715019161
0xa0bafc2d839c9ec1a41455be8a6edbdd20ab3dae,6190090917,0.6190090917
0xa0c20bf643b1d0cbc8f998eb01eaaabd6916ab9b,5000000000,0.5
0xa0cc04b4356b7b8db816030e8bf1977bbd75ecfd,61620432712,6.1620432712
0xa0d2895dfeff3c3810f77250c0376f770ddacf9d,14883925313,1.4883925313
0xa0d6b3691bae1327640228d65aff11e338884617,1699871174004,169.9871174004
0xa0db115b86f6a70ae5b9c4342066dc1b8334689f,49000000,0.0049
0xa0dec0c5f929b042cac6dac909d5791de7377fa0,9977133301,0.9977133301
0xa0ed6826b0899b9f0e9f5b49e57d52c86856eb6b,41498197941,4.1498197941
0xa0f17b4363f96ec49bc1a605caa2faea03901212,2,0.0000000002
0xa0f836dbf8feea06013331ef2ba89385dccfa5f6,95740964,0.0095740964
0xa0f9e751fe93426e640010f0a5f23a787fe47f75,3742545721,0.3742545721
0xa10eaf70e284468234b28843b013ebe34225b044,1,0.0000000001
0xa10fcebfaa07242c91c33a753432188b2fbbab8b,2702201879,0.2702201879
0xa117458fd07b08e38bdaa646a09a2cb80bc9e007,1909634679,0.1909634679
0xa11cba02210b6ad9b0b008fc293b844a555b4e02,19977133301,1.9977133301
0xa11dbc3b9b6ee1761911860f601a93c943b43333,1,0.0000000001
0xa1275527ac339e0163b93260023aefc9abb5be9d,7,0.0000000007
0xa12f92f2938b8ef381f7fc91919d4853ca06e78d,44,0.0000000044
0xa132855ee867989d8242e263c89ab273f5ef8915,13687986885,1.3687986885
0xa144f66c88a48af8228d32116db36cde53d4ca40,96307953,0.0096307953
0xa1474d15c8b64a1e779bee0bca42dccb88e4b56e,93026165,0.0093026165
0xa14c28d19007da81bc0de5be416cba0ca5961e0c,87888203,0.0087888203
0xa14e83970a1ab958c0d20e5363774a715cd9a2e2,9990971816,0.9990971816
0xa150ea05b1a515433a6426f309ab1bc5dc62a014,959760322,0.0959760322
0xa1547ab01956af9e16a58fcccfb5ffbef5cc9b0c,7,0.0000000007
0xa1566aa2543e81b99509f046c0ad2419627de381,93530086,0.0093530086
0xa167060de08194f6be3856d71a4f61dad495c628,196751220626,19.6751220626
0xa18200d3676f4dd5cd99b8f3010b17d35b756aea,1,0.0000000001
0xa182a9e1de501add16f30fe570c4b6f8120ca31c,1973544974,0.1973544974
0xa192e9fc9a91c4b6ffa347ed877f03deef1d3b6c,3149768458,0.3149768458
0xa19cda9f0ae29e596490583415d61dcf14c46573,181943632,0.0181943632
0xa19f41286f58b9f22e3d8318f959ff953efb9ef0,963486542,0.0963486542
0xa1a608a3c74f38b2162a7d78b960f2181a00a9ff,10009191884,1.0009191884
0xa1a733f1638a4104e07655ca611634ec20559e9c,4575,0.0000004575
0xa1a94702d5a9519a5ee17729d9fc3fb40de0453c,367159,0.0000367159
0xa1ad718983b2ef72b3df136225e22fd738a35b60,3160877930,0.316087793
0xa1b5af8eccc097fac2a68f878754aa8202092bab,5411126,0.0005411126
0xa1b73f528014458f88ad0f7f5f7b744fd81ff94a,38067424,0.0038067424
0xa1c18569680340fcc594f6a2b816126b338670f5,599478,0.0000599478
0xa1c393b548575e84f4145f1f4b2f3a0a75be4812,4977305754,0.4977305754
0xa1cad48e9844d850f066376e1f1e04147b16619e,8092616293,0.8092616293
0xa1d446fcfb4a149f9eb8c1c3eff23b12dcdd17c1,13086304,0.0013086304
0xa1ec175ca69fac8a68f19c04344031bf9a4ce035,9990971816,0.9990971816
0xa1f331a6f70f9769ee3795e949daf1ec3d6eab91,4335946804,0.4335946804
0xa1f538323c660f0e8d37089c641b151650ec5afc,37220601,0.0037220601
0xa1fc3ce428431c2f7303b44cfe1b10bf38402a90,82138464,0.0082138464
0xa2046f225c3263ded0d115581d62e9365931010c,9,0.0000000009
0xa20539a2f72af96f8d8ab527a1fd3a8909a0af75,3,0.0000000003
0xa20d83c24900fadf7ca4bb6c8181058435fd2e27,960780220,0.096078022
0xa21205d882cf18170904e85041ae5c90e4ff7076,94713295,0.0094713295
0xa2159621c680ff17a36c0e7c927fdd7d01bbd5b2,3366,0.0000003366
0xa217b1060061a289404235503ea9bee15b10baa9,1745677681,0.1745677681
0xa217cdb3e76aece1ab668cc9517eda3699d0fd2d,305963895830,30.596389583
0xa224625401a3d1a5e3b7300fe88f23b57fa8449d,100971816,0.0100971816
0xa224935d47e2160ceda9f68479f039036b3dc7ab,589971816,0.0589971816
0xa22c4471d3500782b65ef3d85195af2d67664b29,9,0.0000000009
0xa22ea1235ca466e7e1a9214612924c311779084d,5514106,0.0005514106
0xa22eebf9244a90521af1cc6d93d6bc2574f9cd51,93795296,0.0093795296
0xa23cb68780be74b254a5f7210ec6cf1c76289953,2,0.0000000002
0xa25bcd57a256230b17807517b2f1ed794167fb1a,599444,0.0000599444
0xa260d92ebaf5fba252cacd181a7aaa55d65c4b2d,1990971816,0.1990971816
0xa26b8d4cd8a775b8344ec8ce679b317b06f599f3,93671886,0.0093671886
0xa2700c417eba026dcf8deef227ca7bb990145f5a,18107930,0.001810793
0xa270a381bb81a6b647597d80d1908f836c824699,2499943975487,249.9943975487
0xa2753c504e5036d92f213d9141ae427f30724df3,58509000000,5.8509
0xa278642c99b62c7a2e53317decbfc23f1eeb9097,28421000000,2.8421
0xa2790cb711ac5b094f54bf1d684dc8a931befdee,7,0.0000000007
0xa27cc966246eeb9589525012dcdd32ad0908517b,1,0.0000000001
0xa27f9e58c00ddc3252ba4f721589dd71aa9cb3d6,453235787048,45.3235787048
0xa282edc3667e5914c273481874a53a404f1da690,9,0.0000000009
0xa284c84e51207fa5952ad62b41bba55297d9af64,965429,0.0000965429
0xa28e2aebbe1286089e6809df127d3b749f6f5fee,94398756,0.0094398756
0xa2919519940b0933010917791172db4a7847559c,10977133301,1.0977133301
0xa297bb9a7aa2aec77f62dcd93ea6db256d8643db,47200862,0.0047200862
0xa299b0af2cf9aa1b54b3087ffe7469fc006dbd09,37761719359,3.7761719359
0xa29b00c542f99313238c4a328883f5e9f09219c4,1,0.0000000001
0xa2a4b7267902933ea9e91ebed0b028642fb4ac40,95741270,0.009574127
0xa2b071ce20ab17678fb87cbc84216a73400029fe,35184836035,3.5184836035
0xa2b08473be481bdc2b8a1a26c739cb12c5431105,11425975098,1.1425975098
0xa2b430fffa485250ddd20a81b609f507728b4ccf,3811062837,0.3811062837
0xa2baa4d19f90375a48cdf8bcbc5ca9db1134cee5,5,0.0000000005
0xa2c6b5fb2f02394675c249a9153da4e261734b0c,953998,0.0000953998
0xa2ca041a98a56547e3a397be9495b95c47553db6,4915,0.0000004915
0xa2d021f60abdb50098071325c8b4ea3c40b7b132,373978,0.0000373978
0xa2d6e731a3065b1a4df95547d0e73789b9091d1c,14011062837,1.4011062837
0xa2da37d28d56825747b2a19ff0fe5ef475c64fcf,9,0.0000000009
0xa2dad1e1cc2215176c5278e07bdb4f1c67a431aa,25717012,0.0025717012
0xa2deb339bcc07a2f7c7bf5466eac087773a67864,4181943632,0.4181943632
0xa2e4694fa18429e593c1cdf7187571dd239d1959,4199714679,0.4199714679
0xa2fcef96f010bb75e189684ca85f3fce18075292,9977305754,0.9977305754
0xa2febea17d80042ff24ba6b4cd98f58f3a1ae4aa,14739060074,1.4739060074
0xa300b9cf9199d7a087d426c4cb96c5c3692f219f,1888072504,0.1888072504
0xa30c7bd176166f2a426980a485060e918fc7fcf6,28854,0.0000028854
0xa3151c0d4a7b805cee54ffd48f81aef959730b91,3,0.0000000003
0xa31b25ed8f0fef286a847c19fa680045bce71521,2971816,0.0002971816
0xa324b696ca3c3f6f0bce10822ecf6e0e78723e98,79087,0.0000079087
0xa3254f2964806e21cf334c5f095904761a09e7b1,1783074320438,178.3074320438
0xa33c69d005c41a5cdb5f776f7402b9d646137752,599568,0.0000599568
0xa33d201ddb50d002ecec676215c8257ccc2a51ac,2599851024,0.2599851024
0xa341350c58f35a408f3f87d761dd7c315e59cdbb,692745933,0.0692745933
0xa3422dbde211e3351e6bf42e878878e0660862a5,977305754,0.0977305754
0xa3529e1f877a9453aa6053d66d7d4f07827e8e86,77133301,0.0077133301
0xa354bc59f4868756aa7cbf42d348539bbd3a8351,9990971816,0.9990971816
0xa3589970877b0f4ad3ffe2adbd1cb3e5322da276,4645069244,0.4645069244
0xa35d3c0832b9411aac15efa9de3b22a4f11fd3b3,5,0.0000000005
0xa35d62ae0c5208c0238b60060025d78a951a2e21,580402984,0.0580402984
0xa3604baa02ef6edc47d8d0405bfe9cdad981d0f4,55905009292,5.5905009292
0xa36c6f021bbc8a21787ed640f39ac4e1bbcf1601,2336936318,0.2336936318
0xa3775970de7a8724d0a4a42917f4452bae9b6a18,13,0.0000000013
0xa37dd7c67c5c985aa56f7cf362b29d83c3f36816,810838938,0.0810838938
0xa38bf0afb2d29174b62a7cbb7d1b25883a1ab480,255200,0.00002552
0xa38c6128dbbb1ca180df14a17081cbf8a1aa1a20,6,0.0000000006
0xa38e918135ce384ddbb0180a9356205c38edb15b,95307655,0.0095307655
0xa394827dfc52c4724a8db0a8384cbc6b517e508b,599519,0.0000599519
0xa39508f063ecf79efd3b82f3a52618c96dbcc71f,99999827547,9.9999827547
0xa399460ce767b06297457178d2f9f8f144017e77,999973544957,99.9973544957
0xa39ba2cd8658d0b69ba1880dcfbb65216ab33056,5,0.0000000005
0xa3ae519321a48d5d62f05bd45a88f71d412009d1,89948,0.0000089948
0xa3c5126b85bf03a13a7cad21dd83183cd1488548,2483586239,0.2483586239
0xa3c9a9cc61c2032d003d14f00175128dab07fd13,573353517871,57.3353517871
0xa3ce122c6dd28db3b2ffffa7b4eba084049be467,20367931,0.0020367931
0xa3dc5886e75e7928c1def36577752073a18899fb,11886199,0.0011886199
0xa3dc73cbedad63b233b18bb064c3ab1714ebacd9,599114,0.0000599114
0xa3ddae122e6287464207cc0afb68c605df9ffe9e,990971816,0.0990971816
0xa3e46d8f2de9a13131d5049f5d863af981a382ce,989303,0.0000989303
0xa3f2503ae3c6418f05fc4e182d467d42dc2ed3e5,3,0.0000000003
0xa3f5602b7b62df9d685b6879b20e370ac4d1145a,54909284010,5.490928401
0xa401cc557153268de002c3393ae7881d80fa2506,599556,0.0000599556
0xa40c0385081bea4b7bfd39b51fd3b50a9aea4576,930044775,0.0930044775
0xa40ee3e5c18286816976fa117435d272f86bd011,4,0.0000000004
0xa41c88404d593be717a1134069b8f8725c732701,8,0.0000000008
0xa4217933902cdcbc2adca6b9fedd8fe008038d9d,26688086924,2.6688086924
0xa42ac1fb7bd88776c9052caff34a3526421242ea,2466511,0.0002466511
0xa430de458a8c142aecc7559173421454b812770d,499062811,0.0499062811
0xa4331684b94ca2e07bbe9e8d17cc500259d240e7,5,0.0000000005
0xa437c3ee4ef5cde8a977dc25c8e9ecf18d26f8da,4,0.0000000004
0xa43f1899be158f1c60daa3321df4bd87a9b2d094,96100625,0.0096100625
0xa43f8535c6b7294a451def0d311ca2c4360a7052,2214000000,0.2214
0xa43f97dd48992cee3c8b91f5c8dfdec3a1731746,9700858,0.0009700858
0xa441e80fb735f2367b17338040cf7be7b4b5c2a6,18264228591,1.8264228591
0xa4465b8cc35e198d0ed94a6fd289a2e8f455de29,8981378,0.0008981378
0xa45211cdac82480e9027f0f9fb827ea247798089,12112341188,1.2112341188
0xa45276b340bc884b52c5293ed0573c85f5fac09f,6890971816,0.6890971816
0xa4564d6f0721daffb690669b23a3e467d48ae26d,9811062837,0.9811062837
0xa458d2be91db325ec3bb5853cc26dda8166baf6e,10000000000,1
0xa45aef50692f3f2b3699e4e759e6c81caf1a3e1d,2510971816,0.2510971816
0xa47616dbc3e54188dbc2f44aea685bc2b698b2bc,4673722,0.0004673722
0xa48ef4a1dd77aae310ac293a2d29e1df363e212f,10481943632,1.0481943632
0xa490ba57d4a38ec8d6acfbe3c202689d4d2b985e,34966560,0.003496656
0xa495893ceb72ae222d1e34d2dc1872b83c47d5fa,13178805655,1.3178805655
0xa495c010f3d2ed332ba599786ac6bc6c8a9939b5,21990971816,2.1990971816
0xa497b2b489d3f96da529c4428b8eb62cda89f905,10422392058,1.0422392058
0xa49832714a456e77f65851ee2433b545eab1f79f,11816,0.0000011816
0xa49bf5886b9f447d9fc8ea8cb8f9c6cfbca3144d,139208252,0.0139208252
0xa4a0c6f5ce0076543a6e68b2b57b6c639c2e5712,39175855,0.0039175855
0xa4a3d348d0474894d5f91d2d2a7e06140dfa5131,11816,0.0000011816
0xa4aa5b8d3286df0509ac81ffe22350f890207155,10110633707,1.0110633707
0xa4b3ab06be63778370ce2f801da01e3a2d5b65fb,9000000000,0.9
0xa4b3f130e926738e47b72e2fe39c72611ef8eba6,714306,0.0000714306
0xa4b43f9b0aef0b22365727e93e91c096a09ef091,102316325336,10.2316325336
0xa4b8b306a37395bebf460417936f071cea027b00,4,0.0000000004
0xa4be722c97f4a60bc82939b76f5d97ff2d3511b7,96281087,0.0096281087
0xa4c0baedfeae242abeecc98745486a62c5186f10,971816,0.0000971816
0xa4c63a62be250888bacad842fe76d3ee36459c4c,266237,0.0000266237
0xa4c657edda9e1d8e96124da5914196347e3f92ae,10136846396,1.0136846396
0xa4c9b47a4b51a641f5d2252b0a6dde95cb253d1c,94682254,0.0094682254
0xa4d8abef48b0ec44abe263667350007e71cac268,8990971816,0.8990971816
0xa4dee915c8e9ebc26cd82b7fffc423cbcc8672d9,8,0.0000000008
0xa500ce5be001df63785790aa2deeaf986794de29,5,0.0000000005
0xa50242c7aa9ad911f807a94e8026f42f322bccbd,4,0.0000000004
0xa5069026e7e92969ceba7116da01dc2e619344b9,490971816,0.0490971816
0xa50a050bf4ca6d525eb6ded9cf9a6bded9e943f1,29880161,0.0029880161
0xa50c31714dc074e07579e0bb27f4423db0b463c0,164421682005,16.4421682005
0xa51ec8c6987c053d85a8eeddeb22362ed46a4a22,3811830605743,381.1830605743
0xa51ee9c3f633ab957c664f5d7a4919a68cfe7976,4191738,0.0004191738
0xa5248dd531a8d213fd86f4bcd5250901441da99d,194124773,0.0194124773
0xa527ec807541553bfa5c99c1097bda0293c7aa5e,971816,0.0000971816
0xa52c3eec6683b80e95b499d7cf730d9d77f0e9e6,6797296008,0.6797296008
0xa534eeea097d3cfabbc155badaa7e09aee07e343,981943632,0.0981943632
0xa53b77c660b3df46ecaf89de8e9de707bc694401,9700847,0.0009700847
0xa54a24f7aa6538ec46c8cc5ee9aed158c0624ec1,29445527743,2.9445527743
0xa54c60bd2294a6c1c86e57787981afacf9ef86e7,1334630188,0.1334630188
0xa54d169583a11b5952944b947582eeb3661d292d,104184,0.0000104184
0xa54ed522b105f52f1bde1364232ed772cec59627,10788437,0.0010788437
0xa5581ab982dae4340f3692f9cdab956fba842ea6,599567,0.0000599567
0xa558e432f9b7a8935a7feff1c96ac8827904aa9d,6,0.0000000006
0xa565469ab94d24186ff23dc530ca348018f4b495,381123711,0.0381123711
0xa5674bd9ec3ac9df218a9065e8e6eb61c02f0167,66894283,0.0066894283
0xa567b631fd1aea88b97c7736a3ee8fcb0d9bf485,61711133,0.0061711133
0xa56cc2cc3fab1a0da80268ea83effbac3daaedc0,5,0.0000000005
0xa575099248e15ec8b4fabf0b802248e2effafe8a,599478,0.0000599478
0xa575f37e869e6887564f87c07e2885e08d542c4a,1,0.0000000001
0xa57d00c7bddc336e13ab5fabd43b9eeef60b54b1,7615,0.0000007615
0xa57d756444813f935ff51484956966119a39a46a,3271816,0.0003271816
0xa57dd1f0f439a3d1ee89edb9f2f59e4aa86bd250,2971816,0.0002971816
0xa581b5ff17ab4bc25fa6fa2e71eb8a84a8d07ccb,24572229358,2.4572229358
0xa584b91d2614b2865e38917af87d951e900a2798,381295404,0.0381295404
0xa584c7ca0ecb9fa364b9fe3cf7ed36292d2d731f,9367370,0.000936737
0xa5900f81dcf207436ab57c2bf21b60b75bbc4c0a,49284487012,4.9284487012
0xa595f5d22582f185b14393cb513c2aceb013d933,8,0.0000000008
0xa598988787c8ec0e9b79adc65b88ca4781bcfee2,10120000000,1.012
0xa5a4ae8d0c11a1f7c9857db151f8f7eee2ec0763,16114679,0.0016114679
0xa5adc5484f9997fbf7d405b9aa62a7d88883c345,19,0.0000000019
0xa5aec3f6a75b8c2a4e3094a8df06263f10bb21f0,8,0.0000000008
0xa5b5f378dade01f78a86fa7f57540d325f0b152a,5,0.0000000005
0xa5bc0d70a4d543d98ec0ea7b4c1b31fa31d047b5,99986114679,9.9986114679
0xa5bef04cedc16f1132bbd9cbf4d93cc1f682b3ac,1747526934,0.1747526934
0xa5c1df3974a9cefdc6ba3f33924c13343e45ffe8,2,0.0000000002
0xa5cdb0030c573bc50b1299dba847694c01fc04a1,2130000000,0.213
0xa5d20094cf1bc45b6ff1eb3b5a828865c1e8d583,6,0.0000000006
0xa5d2478f741480b97b8dc45f6c48df66cfc800c7,4,0.0000000004
0xa5d69a39a1e99d5b27d2842dc201fada6d77511b,84990971816,8.4990971816
0xa5de3a7150124927429f64802b4c326a78bf9a9c,2,0.0000000002
0xa5e1532162ca1948a5d6a1832fe6ceb8df323c30,5,0.0000000005
0xa5eb763c7ea8874bcd720f06744b9b40f632fb94,9990971816,0.9990971816
0xa5ee467ce18ab6e1b326619cd46ed46287e61266,1,0.0000000001
0xa5f458bba61e013e99cdfa77c82b06f7d5bcec00,2983012921128,298.3012921128
0xa5fb481ec48bef95c84693aeb35b616b7373a4c0,4,0.0000000004
0xa5fd1e6de332821ff03f9fa5ab9e21b92a628f66,99248604,0.0099248604
0xa5ff81c2e8bd260d2d44463acc160068f6006b4b,2200110603503,220.0110603503
0xa60884f35c685f8df94bf2043c4da88d091af0e0,100971816,0.0100971816
0xa613e73c97c8f309cb904c7984c015ca88db9146,964816,0.0000964816
0xa6194adac55807bed5e6fbe70dcead2ecbb041ac,673292627,0.0673292627
0xa62503f1a93583f62b53e6b57e91b73a3bcea7b3,5,0.0000000005
0xa62bc7580b4ec40ea894006c4c2fe9299afc645d,1,0.0000000001
0xa630bb990b086a6bcdbdb3c7a7f0efb2fe3c4aa8,96756792,0.0096756792
0xa63129d64abd422f71dcf4b2b28e14b72e6de8b7,4,0.0000000004
0xa632c4010e20a848393917d62950a5352150cba7,7,0.0000000007
0xa643b01b756976b2d65d5f16c13cdea31f16d144,1562449566,0.1562449566
0xa6492ffebea655e6da78f1c9a9ef8130aae3727b,99357484,0.0099357484
0xa64aef41aec462f8da294b46b2f6d763467a4353,10000000000,1
0xa64bc910da77ed48063bbc1611f9e6c16ef9f502,15353,0.0000015353
0xa6507bcca6192b9ddb163dd45b9b4e458e4a5909,29486664006,2.9486664006
0xa6535c371a504b6d8f315eac346546ba87d64f4b,14274362337,1.4274362337
0xa657c0c681f771024c809f36867d12dbb57ba212,85803582,0.0085803582
0xa658dffa3cb93b518567173b41c8b3328f99c678,12739509995,1.2739509995
0xa65e9c9bd631b9fcac9ab9a379b5ee8772984e9d,267444084099,26.7444084099
0xa65fb1b12ce98d6c94cce0bfb2d571639664d2c1,6,0.0000000006
0xa6614e006c2a40ce4933a98e9d57cea09ea47c02,62241492877,6.2241492877
0xa675d0d6eb15409a5e4101f18d796c6dd161c747,23844504212,2.3844504212
0xa67e3699e03b1179fef2df50bf7bbf705e2eac49,2,0.0000000002
0xa696e2350bbcc75c3896ba997040f178547b6ccb,9635578476,0.9635578476
0xa69c66863084a885cf5b53efae9f624d66b048e6,5638239439596,563.8239439596
0xa69c6ff10a1cd794a238fb18eba73e02bc9690df,1585250861,0.1585250861
0xa6ab76c136aa9ee9ca813b0f6ea2f64fb3f6f32e,181943632,0.0181943632
0xa6bbe529a1d19c1eacf763297e70abc11113620b,6,0.0000000006
0xa6c1abc8a06940b5cd50baee04f3b4b78c790986,50972229358,5.0972229358
0xa6c7a72034f4df2e42e8711bf47c66d6e1a3795b,6200717676,0.6200717676
0xa6cd4fc4cbdacf856e9ccb2136921afba0b66958,2467370802,0.2467370802
0xa6ce8eada8b03898f1e7dd082b3f8c60b6e38d71,834087,0.0000834087
0xa6dae61a9ec5a896eb0cf9a9c048bab7869eeb1c,1120000000,0.112
0xa6dff624a21df02a3b329ce7b218670e5eac0df1,118564,0.0000118564
0xa6dfff3afd2262c38588dafd3ea1009d88001822,96413859,0.0096413859
0xa6e1e7eae81993e0a050eaded1958559d8d019f0,5462960435,0.5462960435
0xa6e8e9d5e86664b00e48a88f1602ef905c1492c1,1,0.0000000001
0xa6f141da463630dace029c9c881f389aa0b7d8fe,2755714439,0.2755714439
0xa6f1a02680bf06577582d88a698e5e7412302eb8,894179896,0.0894179896
0xa6f239dd01990f2526a9b2149df1a6f286f2cb78,90546761216,9.0546761216
0xa6fb5e5588d61c8d662496d86a2493685b711a40,7977592620,0.797759262
0xa711fd27342eb2bfafe175d8a126cc031f4a0f69,10005905878635,1000.5905878635
0xa718b793ebb41c68dc9c7a1e32261208d1942246,5754,0.0000005754
0xa719795616f94e63b0f79c613d1f7e6fa29bbab6,10003760780,1.000376078
0xa71f15bfef26a3f53735491c448ee33db5aa704f,9399730345,0.9399730345
0xa72502f9080b286d1257ff647331e297a4b43d82,37267464,0.0037267464
0xa727fda69189d4d91f5504675f3ada57b127c8ee,11,0.0000000011
0xa72e03172147a5131f6eb6876349c93f57b3f612,94939364,0.0094939364
0xa730db2a5b6511f0b98af2af196de9b72c13b704,13541859,0.0013541859
0xa7327a9aeff444a405871b975d979e05c5f689b8,29990971815,2.9990971815
0xa73e5d4d37ec9eccfe1713c652c4bc6471dd0b55,2870722589,0.2870722589
0xa73e7705619b7869c8fbc9a7ea63ae865f004a59,4,0.0000000004
0xa750d996a94a5a41db402b6f5eb42c623f6a7192,1409113,0.0001409113
0xa754488cbc2af7f1dff03929d490d3af63b6f65c,109011030,0.010901103
0xa7547faeabbdfe5d805133622fbe3c7d473c188b,9,0.0000000009
0xa75f481b919607d08236f68a623bbf1a4fa0b295,1,0.0000000001
0xa75fd748b345b435fa8cadc56337a0b40d299c45,76357705,0.0076357705
0xa76eb27757a5c893ae23738cc4ae8ec9d5a6a694,98421130,0.009842113
0xa7854eb09e3b02a9f3e81f9512458fc5db99ba8f,94612036,0.0094612036
0xa78a89bff566e1472c1d321d5889847ede1e363f,27210371955,2.7210371955
0xa78c1edaa18ca4cc737f842ff060a987834332ec,13806537761,1.3806537761
0xa79cbfda9ba13fcea0eaf4aef5cb3091f3369379,3,0.0000000003
0xa79d8876e6de2497f9626a6b60e6b54975638485,188679245,0.0188679245
0xa7a062f96450526c79d2a24e0cfd65171c18db5b,544974,0.0000544974
0xa7a13659692239c143dae313a0116d5b5c18d26c,19644398828,1.9644398828
0xa7a3ba541e6bc9ef477f73771a5193824d553dcf,90971816,0.0090971816
0xa7acf8fbf81216d74bde2f24304d9e4817d9d4d2,19922392058,1.9922392058
0xa7ad7ccbc4805fe4ca38f3a89eda1dc51196cbf4,848617031,0.0848617031
0xa7b661b5cb100096017963cf60fed03fa7838870,15635608,0.0015635608
0xa7b85548535a15b1cbd2aac2eb45c7642c2aaf2b,147978005230,14.797800523
0xa7c1f679ca788d227cc716e7e9f3976d8f3da36b,35384651326,3.5384651326
0xa7c6b6c7e8977be0037144f3376b418b25193444,28477305754,2.8477305754
0xa7c93c520d5f631a09e587aac0fedee641ec6514,9706449,0.0009706449
0xa7dd2f644aff87968406efe980d666e814d64346,89095008,0.0089095008
0xa7e0ff6903969c796db12982c98fcd419924720d,6,0.0000000006
0xa7e6fc885b0e5225a8eacb6308438f811d2c3ca5,9990971816,0.9990971816
0xa7e98232fe17ae5509ef554d919e3a5ea7c77f3c,110872955,0.0110872955
0xa7eceb54421e7cbf3d22b7375a5e2b93a8f61359,8,0.0000000008
0xa7f053d0a4df46577428b84fb3a59e98775ee698,90971816,0.0090971816
0xa7f64e0788c2d1ae01138ec9c3db3684161aabae,421299803,0.0421299803
0xa7fbfb913d3c3c4a07be7ef12b3a2819fee0c2b8,55391589,0.0055391589
0xa805a869af8de6b70a589e07d9a2601c4741c45f,44,0.0000000044
0xa80dae83dc04ffcc4c572674c828f19c99fb9243,2134,0.0000002134
0xa813b1a2e70a3b02f783c0d69f89dbf9fdab8433,599562,0.0000599562
0xa813f7da876fbb93c2748e3c16f0bf805199f0ad,1,0.0000000001
0xa8155f03c2c15590d027b454f79d3db0477c7673,47883611618,4.7883611618
0xa8169bffcfc29643781d5d2d0d10cc7fd66ae377,5004891,0.0005004891
0xa817d17b0b449d5ed7946a4645fff3d17eed82cb,14528303195,1.4528303195
0xa8180e17db4487fc72717c44916362842cc1adad,56960409463,5.6960409463
0xa81ae7f2de08d4837e89b60d428377d0c4ae8ae6,17242345,0.0017242345
0xa82585c9553ed9915eb00131287ef9ee61855bbc,93434749,0.0093434749
0xa82d35af43ca2abd9ea069c63c326e5857288d98,58817994,0.0058817994
0xa8307b1b58477727c8d9eda3849de4aa782b115c,927795723,0.0927795723
0xa833cb06aa22599367d2bd53dd65b0ce995e19e9,6,0.0000000006
0xa835f291d5f6256f5bf84da48c7a531f64b3265a,93769094,0.0093769094
0xa856662e83d487da9d42fde1ba06d998ddddc18e,9,0.0000000009
0xa856e445f64d4b4f5921b8065da18a0e1c974788,151124,0.0000151124
0xa85824301d7a2e07d4a908c9fd696ed234452c48,307183,0.0000307183
0xa85f4d78b02d2ad7d0a3589cc1ecc205059e2eeb,94965152,0.0094965152
0xa860a2fa70a28f03acd1cd5f262977a2f8d008eb,79,0.0000000079
0xa86d93456a0516da32bce9ce7af771bab75098ba,8,0.0000000008
0xa86e1e2c719c5731b72a2681e85740b5a86e51a1,27196000000,2.7196
0xa877371d55d65536ef45ceb55f9a90ee6bc9b1c4,78873800214,7.8873800214
0xa8783b94f365f19f3310b39007023625fa056a99,1109152400,0.11091524
0xa882478fda731c346ffdc538c6cf7677258220ba,98578107,0.0098578107
0xa8847d1ff5b91179d4a34a1a2f2200af5562dc0a,26923,0.0000026923
0xa88867970fcc2fa865062761fb3b2932a89be809,1345346862,0.1345346862
0xa88cb9cbdc18ea70977b78847ea8915f001b0cf6,29986114679,2.9986114679
0xa890aea8832d3f36d79cfb8d199a715a2a8c5e3f,18770610726,1.8770610726
0xa8919cca835cc9f64e78f7d9421e73d277d1e19d,8622291668,0.8622291668
0xa895774c360fff06c92e977d4270bdf579c279d5,9030803137,0.9030803137
0xa8957c3eda354fd065180f4eab2c544d4505c089,2,0.0000000002
0xa89c46f4f635c6ae68a2ce3968ff181c0ee6cfeb,986,0.0000000986
0xa8aa066b94fcc1e8f8ef4c6224fb25dcfc28099b,10000000000,1
0xa8aeea9a804a6b5edf3501a5eae641378e532724,72428963,0.0072428963
0xa8b019778b4d66dd73fec1f48dc72ea45063a87b,276155,0.0000276155
0xa8b28a9e79cd68214e4a572a2f3633fb60f1d385,7,0.0000000007
0xa8b352389a1935e96880f28a7ba6ec0cfd907a6b,20562544,0.0020562544
0xa8b50bb75c142d935d1758fd31b16031b79d906f,4,0.0000000004
0xa8b5a169605a722b7437fb4ceff8d863e2bb33b9,5947789241,0.5947789241
0xa8c2d34dd80c63c46577685a0dd3a26b18eee986,2,0.0000000002
0xa8c4e3ce1743d0f2a6c227548c982a7c40569940,47572064,0.0047572064
0xa8cc3f0f9630864b4482ff3e1dbda71a0aaec577,3205094108,0.3205094108
0xa8cd55f48de4dc982042bf554f3438e6c6f04175,6,0.0000000006
0xa8d17fb87918119a37285571f918345a92256dd4,10000000000,1
0xa8d1ff16d3f9b776a7b154a1c9ac6d5049199569,93378988,0.0093378988
0xa8e676c079624ecb9659aafc6a26dabc0ae70b84,8914093055,0.8914093055
0xa8f224eadfd68ffdde6c26c791ec4e69daac2002,1645955662,0.1645955662
0xa900580dfb1f17a4b0c0cf3f3e490e6b45c5e748,600000000,0.06
0xa902c21c010128a171bb8ab35619d23defdf6a72,92632398,0.0092632398
0xa9081585711dff0304daf201933efe19c961bcb2,19761735009,1.9761735009
0xa90b663a6628970de828c8b8767bcf775ae20aa5,37624125674,3.7624125674
0xa9137a9c9a944169287c1c84f39d925e434e6bf7,71011,0.0000071011
0xa91cabd79192912954c91eb9ad53cec0c109349d,6,0.0000000006
0xa91ce4bc09c36549e7315621154bd945b3262cca,99357480,0.009935748
0xa91f4ad4e2740939b858a2ef728254f1cfb7cd20,9,0.0000000009
0xa922a44d11545e38f30d0eb4e03d56008d660816,6488007768,0.6488007768
0xa92464c138f82512346c8346d1530a97a8b00044,5571,0.0000005571
0xa924ed42d5604d2ad35176007329e5509ba43008,124992030,0.012499203
0xa927e1e1e044ca1d9fe1854585003477331fe2af,30210117256028,3021.0117256028
0xa92a340b21b2a913d5d47b651b45560f9d954eb4,2,0.0000000002
0xa92b5b7751484dd1eccae5b417d8c0571c2cdeda,99783544974,9.9783544974
0xa93c713909064f2045fac540d1856b9bf2c03d76,89948,0.0000089948
0xa942a2e45d427e8357c6e15c106cf219ffa02ad4,123063562262,12.3063562262
0xa94d14c3a01b4632c375ea329d6be9c3b8663c49,9484964413,0.9484964413
0xa952f5e4a722cdfb962cf6e2e917eff51b973aac,88811062837,8.8811062837
0xa9552a03cf7575d625fb2932dd336f75323ff513,45565319,0.0045565319
0xa956edc10c93ad8e71debc43af20a3e0fff1a987,2974333522,0.2974333522
0xa95b7843825449dc588ec06018b48019d1111000,137103572,0.0137103572
0xa96168ee52a67867eafa6e8527a5654cf876e257,66713676335,6.6713676335
0xa962f6f2f972a6cd0cf86397365370560420caf4,1556875056,0.1556875056
0xa963df55b326609a0cd205e85ca92d2a3c94dab5,2250000000,0.225
0xa968f25a6bbd5eda21de4c86f8f394644e373b6a,39362661,0.0039362661
0xa96af0625dafee402feac98a09e3bfef30636a2f,59990971816,5.9990971816
0xa96cf6725987dafcc450fe67a339f28d104c9194,1421958134,0.1421958134
0xa96d51cdaca20b82b3d3c83326e5eceec2669d77,643037952,0.0643037952
0xa96e0fd2954e0173a2473a720b3c7598a8f172b4,38994148,0.0038994148
0xa96f91d77b3b38d44ba73277ae5475e1dbcb1ca3,25000000000,2.5
0xa971a854246fef20d852e19e56ac5a7d370bc539,51186918631,5.1186918631
0xa97365deb322ffe6e415a011485e54197883e6e7,21,0.0000000021
0xa9736ba05de1213145f688e4619e5a7e0dcf4c72,313343889666,31.3343889666
0xa97f33b6f7ab305bd64cdca861768de6d33d8c64,196936888,0.0196936888
0xa982f4f226ee21a81beb75ebc71cbb1372d8ba3a,3,0.0000000003
0xa98a3b536ffd1194222dfd1ba9a27e8eaf9a1fd3,85800461,0.0085800461
0xa98c029be421e25f9ca74a4e1c774a08bd670260,107270500000,10.72705
0xa98daabb39fde72e7bff0b084abcac299c4b22c7,3,0.0000000003
0xa994a29756396b0da8994866b7a73ec2dd53b360,2990971816,0.2990971816
0xa996dcc9ce4b3333f5bbef87b64f4f2d2ac90b29,3202463858,0.3202463858
0xa99dd874884774bc8e99ec2d743105eda63c95df,4307609663,0.4307609663
0xa9a2b2499ae70f40aff96e027ff205fca735796b,1000000000,0.1
0xa9a6dbc6258cf4906d27391fa5bf373792cd833a,3,0.0000000003
0xa9b1599d9dc39630a45de29577b0c96e8f3d24cf,772669,0.0000772669
0xa9b73699a233698e12bd245e6fa2bda300bb31b4,63290568,0.0063290568
0xa9b7f513deca109d2271dff29aedd08934d5a84f,70546205,0.0070546205
0xa9c7980b3a58ebeac9c74e18386b2b79eeeb83c5,17990971816,1.7990971816
0xa9cc5ec1046bf1e48b0a1ac6b6b1b3129fe0e31e,1,0.0000000001
0xa9d3160892d3dbbb9514cff563e174bbff25ef91,100000000,0.01
0xa9d5c55237b0ff391ff8519c743a5bc7dbc992e5,6970747819,0.6970747819
0xa9de65e1bb2daf21c3fe4ad009c74d3bef8be3e5,70325192470,7.032519247
0xa9e2736f61a164bbe0fefe154ae47deddcc57a37,1163493,0.0001163493
0xa9e4df62294d00e74bb4678a879e0c05a54f6ec1,9,0.0000000009
0xa9eeb8243536a238180ec988ee0399922834d384,1069212,0.0001069212
0xaa019968ed74765ea9695ff64091a1eb5cd42fbd,9929880161,0.9929880161
0xaa064ea8ece949082316c7028a26535b12302487,11165924775,1.1165924775
0xaa146959fd50c32be67d83edcb19baa69399021a,9990971816,0.9990971816
0xaa1553bdf61302814b5e91382709c4175a1495a4,92639278,0.0092639278
0xaa1a143845a37055d1c422938dd41dca68f7aed1,599562,0.0000599562
0xaa1c2d841ed9e44743c284a33974faf24e8c6ccd,177078143,0.0177078143
0xaa21601764aeef91f88e9d8017542932e61bcbba,85917012,0.0085917012
0xaa2378142ba9643819aea95dcd0b9fcf0508113f,35949896,0.0035949896
0xaa24c1f0ef3ca45b1bbd1ad9e4ad5723bec5b2a1,44811062837,4.4811062837
0xaa364b40bc14a5b17050935cc93b670e6b96a900,47574720752,4.7574720752
0xaa3a1d43304704299abc82e54fdec0876747fd5e,8,0.0000000008
0xaa3ce75cf77e97f664383f8d05c22ed475a0b67e,35466886,0.0035466886
0xaa3f5263e1661e5301569206a387133d3ca4d29d,12525971816,1.2525971816
0xaa3fd7ad3b00c9dd3e7f288526cfba1a5ffce156,599557,0.0000599557
0xaa44f0d40770568a484b2073ab9a65c3cc5e7b34,10000000003,1.0000000003
0xaa471f4a9473f70bce9a75c407a99f762934773b,93768996,0.0093768996
0xaa5781909bcfe79b82ede149ca853ec756336d06,93534308,0.0093534308
0xaa619dffd0648c69d1bfce98a987ecc4a0d37d71,4617069392,0.4617069392
0xaa66f2f72ed8bcaaf4e846c7650165652c9751e9,2971816,0.0002971816
0xaa6df1f8e826f0857edcd5b675bea183b9d52f71,2462,0.0000002462
0xaa795fbf1c5ab74d117ed813da8d7c418024737a,4,0.0000000004
0xaa7f5886ad5d93dd98fe5705b30c3a5aaa46bd2d,2057107036,0.2057107036
0xaa82055b1b530ee2ddebc2592576ea579036b8e5,9999827547,0.9999827547
0xaa85efc32820ab9999b28eda201b59e19b64f6be,2572915448,0.2572915448
0xaa86522fd61537c0fbd125f5a4e16cba3e24729f,1071184,0.0001071184
0xaa8bdb60ee28e7616bfe4867f58bfe4edf858271,6342125674,0.6342125674
0xaa96bbec890c2c04cad0a9d4dafdc7d41fae0d8c,292209,0.0000292209
0xaa9e7518f11ea1b5ff997c8d9cbc09174746cb32,8163005,0.0008163005
0xaaa017530e01e7bf6d69f29756870f4dd09b74d6,52970428850,5.297042885
0xaaa0e6a34b3a2a1bd9f6daba710c48091125969f,14,0.0000000014
0xaaa75c790cc650a32d9b344609fec6b6722947a7,100362573,0.0100362573
0xaaa94ec1d5c58493257fa6811503e5cd5aa02410,218569013,0.0218569013
0xaaaa750ddd1ba90df7f7e63a519423c176c4aaaa,3066,0.0000003066
0xaaabe80de8b7d0dad19ed3df287642eb2a7f1520,93768308,0.0093768308
0xaab2885b4a57e83dba3ef63d7bd9e5508712a17e,1235882106,0.1235882106
0xaab731f06c5aec0449c192f6ec1ef8d498259b68,92713449,0.0092713449
0xaab77d27a7d99b8aabfd476dd235ee4b30c014d8,1141848450,0.114184845
0xaabff8499db9878d45bbdb63efd171f570ca3590,18981943632,1.8981943632
0xaac359589d3df5c08e1306ea1d7e0c909b2ae69e,8981,0.0000008981
0xaac5ac83d53200306ede44f9cba8a65ee62bc752,9,0.0000000009
0xaac7b36d2daceaed1f84cf206f4efdb10f96b84c,599447,0.0000599447
0xaac7ddf7b88d2f37a0b53097e5ef77c05fa64f1d,7,0.0000000007
0xaad7cf1c5a2a1459511cf8afee239d0d70e7bbd4,9977133301,0.9977133301
0xaad9fd712f054ac67aaa9d88be552a5800ad5d8e,5000000000,0.5
0xaada5b9206ecbb2a00a046db3a93a09b947a7686,14548438631,1.4548438631
0xaaddc55883b7df9944d54c20f2822f476673cbc0,3792738316,0.3792738316
0xaaeafa7611fe26da020c099324472de31cdc91f0,635995,0.0000635995
0xaaec03582f394d5de5afdaef9c632aa426b667eb,100971816,0.0100971816
0xaaf442962d64dd43681be2413d028f354ec361a2,3,0.0000000003
0xaafcdf5585e8d561689859f52bc55193a261bd54,5,0.0000000005
0xab003e6a41868edda6ee6294751357d368c07595,85542177,0.0085542177
0xab008bf482304fba7a3ce3d47a35c3d7d6467385,17986114679,1.7986114679
0xab0211d3c1ee22c9e0c727964318b366517b4658,6,0.0000000006
0xab0c641430f7b64be5f0fb6680e00099071e1e2a,627153858,0.0627153858
0xab166fe7a5266d1dd66945f09c8e889d19f4b5a8,90971816,0.0090971816
0xab1ef6a2bd769dce3da9cd96e8f16f00f50ee6e6,11422488395,1.1422488395
0xab27e1b414aec22f0f45be04d1b30260e09ef300,1,0.0000000001
0xab2ee82b7f8fc513976b74683d96c6c32d81c529,1875568119991,187.5568119991
0xab300ede2669351f8c58f74effd5903764464b5e,4,0.0000000004
0xab3d1c4a7208ba68423bfeeab21d69589bbac4c2,556682215,0.0556682215
0xab3e1de5019471fd978ab8c97d3f57168a929b11,7,0.0000000007
0xab41c448b342e772c3d9349293ff09e5efaffece,19986114679,1.9986114679
0xab467509e41fc5f614d0df6d46feb83ba4ce826d,92707397,0.0092707397
0xab519670252fec36ec930fa852d53e36458e443b,204636830,0.020463683
0xab545281e16c6bfd71970ba431bdb213491ab441,2810723746,0.2810723746
0xab58304942c58363e22bbd012c6cb6e0e54bc7f1,15525610862,1.5525610862
0xab58e2446b6c7aa26a332bd5e4a46941dfdd9890,131442131,0.0131442131
0xab593eb57196652866cac155831445e7812ff356,990971816,0.0990971816
0xab5bfa7a56d54f02c1b7a1714c1ba38f85d0f14f,1000000000,0.1
0xab6cd657631ca39a232dabecf46be6bda41caea9,52792253,0.0052792253
0xab6ea2f028a2cd665efe3d379044c3a419704e85,5,0.0000000005
0xab722fcb8902c3b98c622db66e0b3247f7691eca,3,0.0000000003
0xab73118d8fcacb55fbe14b6593d6c33f6d48693e,2095,0.0000002095
0xab731abd2200ee3bee0943ccec0995341d790d5b,50981943632,5.0981943632
0xab768df3aac7c76b07b8c37d6e94f4385c11aa50,990971816,0.0990971816
0xab7b2f351d2559eac1275581dbc59d4f70ed7dcb,990971816,0.0990971816
0xab7b49bacd43bd4cfa41433d477f690bb9e1fb26,2551706132,0.2551706132
0xab7f6c84893de52d55999830b21ec0403ae1ae1c,605715731,0.0605715731
0xab8c6802c3a12c63e99fba9ad370007c6d50aae0,502245294,0.0502245294
0xab9cb967e3af8935d44e6830737fa70700b2a6ec,1190808556,0.1190808556
0xab9d71f16d3d344fe5af9388d6f655e223ad2efa,3388580,0.000338858
0xab9ff3b61c1fbc40d1ac6610b3b1093805165fb9,7,0.0000000007
0xaba25e425a4140db78d1b4a2beb3d2684a3f8cd2,788,0.0000000788
0xaba7faabe936bb7177c29c536cf50d841665bfac,85672411,0.0085672411
0xaba8575aa4a62d3f52c54d7aaf2bc6938932505d,3845,0.0000003845
0xaba9cb6244317e972296730b0c36b2e66f12ec2b,199940704698,19.9940704698
0xabaabc08e582361331a7d820b33e12907053d0c0,721556343,0.0721556343
0xabac13d33ce4cd129377b28dab59c30dd21cf796,35309564,0.0035309564
0xabad23664f9ad00e4778260cb9a64a8f16c059ab,9981943632,0.9981943632
0xabbc9f0f37f1cd2a486a75a2e319f4abe8d378bd,8789137083,0.8789137083
0xabc2b583925161394d9200af70e47ef987b06f20,3371816,0.0003371816
0xabc41f23536a72f6453fd37e43e64ced70238a5a,10971817,0.0010971817
0xabc8d435105ded4a64281cda6627eb5d25b39763,10,0.000000001
0xabcc8a4b4edb6595ddebb1294018308bd73ed687,50689853726,5.0689853726
0xabdc6dc794fce2997ef792102385e7025f5e8196,52268726699,5.2268726699
0xabdce867f8becab8cd5d620b52b761d882d44d12,99357461,0.0099357461
0xabe27175326319559b3ffad510683f1e7a2da77c,5,0.0000000005
0xabe37220c47ebe763b0a160490e8d03712c8504d,2,0.0000000002
0xabe9afe4d09c1b236149e703957554c221e7532b,501,0.0000000501
0xabec544b7b79a3454b4b45fcbd26525b16f7d005,275635,0.0000275635
0xabf196c63fd41491062fc5f8fa1b2b05289ff0ae,73090,0.000007309
0xabfac9c5f2fbd07e91867a6d7a9db1262ea8e8a6,9,0.0000000009
0xac065ad9abc7c5542882d8a1a97af2fc538fa55f,11434804780,1.143480478
0xac0f189540f9ecd430b24ef9ad573df1ba1e8c95,11816,0.0000011816
0xac1b80e06f970879bfb8f2b92b59442593f332b6,351352002430,35.135200243
0xac1f5e1c52aca4f8f12ea6690bdd8d8845a3746d,4698401,0.0004698401
0xac21b2b3ac876ff975b5ab924f5afbf82930eca5,9,0.0000000009
0xac25c73589b3c67e83c72279e122e71f49a329d6,718275719,0.0718275719
0xac27a03fb9ab1a03a70ae4d696765417016a803f,6,0.0000000006
0xac2cf6e70d93eb0cfec63f5a731959ae59239a78,892367032454,89.2367032454
0xac34d5f36a9c73273dac5a1b15f4fdac44764861,599479,0.0000599479
0xac3786701b8f520f2c4bae7989281973df217339,5041624771,0.5041624771
0xac3a054e0e19f3bc9ad5e6a56fe29a9fe0e1cc06,7,0.0000000007
0xac3e58dc7562ae4cf40a7c7c1297a2dd114f1324,300000000,0.03
0xac550c300ddf1e5ced39b85499209da4ccfa7dc8,173550275662,17.3550275662
0xac57f58d46f91627b838c14c93a423b8cce6251d,4,0.0000000004
0xac5899add5df7514a3e64721096822a4329d0e23,992490206,0.0992490206
0xac65a543d28410ea5ceaa958ffdca7c399292c37,22990971816,2.2990971816
0xac6ce079bcdc2c7782491bc3aa5eaffa1518d538,16488626,0.0016488626
0xac714e5088aa4534f1257e2be2110c7e5ac64b02,2,0.0000000002
0xac751872ebc64a93ad5be04cfd812a946a6b7285,94965509,0.0094965509
0xac780c08f6f7c1ef4e0caa9b053ff93b18db46fa,107973544974,10.7973544974
0xac7df7fdd549838fe0cdaecd1a36335c168d810f,977133301,0.0977133301
0xac7f7595cae709d43099c6b2542ec01f3bf92898,511638,0.0000511638
0xac80552fe379fe82d0e259b45a15c2b5fc4854a6,3,0.0000000003
0xac83258befe4809934a7b981836c35b1a1043daf,7877023,0.0007877023
0xac938efddecb09270d16eecffaaf8331cd05dd81,1,0.0000000001
0xac942c4422883204f03fcb0c46a9f583bd7a0230,3,0.0000000003
0xac968fc39e43a661f90baec07f6273b2b97e8049,1719483794,0.1719483794
0xaca3d7f9759132943b3a0e68e22add282b2af497,62837,0.0000062837
0xaca45a9d58ea48c5ed3e323fc6174e772d3cbdd8,4,0.0000000004
0xacb032c7efe85613bc1ec02c142783aecad60890,61199721,0.0061199721
0xacb51aa1f70683d3c100a102785b3bfa5d865b67,2986114679,0.2986114679
0xacba00fc7e28771307552fa7c46dc7c4dc190e1f,84022840,0.008402284
0xacba976fd1050d966d723b3088bfaa936d3c7695,7477133301,0.7477133301
0xacc2404206036ac4bcd0032a47961bb75c68fcc5,8,0.0000000008
0xacc2c59c954048fe4fc8d9f1c5dcc8b93afe53bf,22119847439,2.2119847439
0xacc87388e55ff12bea590c5608069a90d3f1606a,19835126614,1.9835126614
0xacd0cf5e6c5962ce64baa41deaa05206ddd9366c,954266602,0.0954266602
0xacd5c2fe76bcd709182b22ef253336f52118927f,86865170,0.008686517
0xacd7f2c7221c35ff0ab461d96485180c645bf696,2559,0.0000002559
0xacd8b40b7c29ca1bf43184dd16eca4a97d92567d,7127,0.0000007127
0xacdceb490c614fa827c4f20710ee38e6b27d0eb2,7372073363,0.7372073363
0xace0fbc38fdb61ab493541e8f230da02ffb9cfcf,11816,0.0000011816
0xace7f65df5e89f67e4b278342e74d0cb2a9516c6,823813281990,82.381328199
0xace975eb2d3329b724b1e69575ada5292beb6f8d,374418306179,37.4418306179
0xace9831d7de0def5ed4b470fe61de5d0bafc0742,4,0.0000000004
0xacea6782cb250b9deca215dcc8e3791d96cf5e12,2058,0.0000002058
0xacf187d8ddc9cce42d55aebdf967dbde61794542,4075289945,0.4075289945
0xacf9ca6400db21f38053dc0bd1d564d0f528aa90,2779544974,0.2779544974
0xad016ab556794de465f5f3f0bcb06ada13d68ff5,47173773960,4.717377396
0xad0eccfc84b08116c9bf29c8bff904cb6cb62cc9,481613169,0.0481613169
0xad16088de256c0dcca26735fc449fbbb4a4a5e93,93530039,0.0093530039
0xad16532523f54b9617106506062691136fb0e96c,129916784,0.0129916784
0xad178e56f305f2007a4455095feda06d6f785767,599518,0.0000599518
0xad1da333ac370d6d0a41cc3a9796d61930245f78,48157861897,4.8157861897
0xad1f9c08d867e73113c27fd62464a9308378e161,97358112,0.0097358112
0xad249b86e9f50be692f9bc03b6229d22116f2ef6,9,0.0000000009
0xad24d7d57e9cefe22877c6002aa78027d4a39df6,5,0.0000000005
0xad3348502c474a6db085b0f2b49bb81e5985c0cd,4,0.0000000004
0xad384a6b2e6c755e450307c5d9ec6813520d2f79,12301285785,1.2301285785
0xad391016f6f721db28934a1a1a994ef81f000d14,11414468821,1.1414468821
0xad3be7f967f61969a031b482da0a4450b36efa8b,93377721,0.0093377721
0xad420db5f62efd4f26561479981ff20bc7acbd5a,64973544974,6.4973544974
0xad4989f058e8733e89c876ec6763df144baac5e4,1973544974,0.1973544974
0xad50cfcfee1eadcf3801ecedca1bcef01ac109ce,6,0.0000000006
0xad5a10c808dfc8bb5bc08c53f846652dc8f0f8e8,25823293142,2.5823293142
0xad5b1332faa1765f1d1e9f3b326a3c1ac2692f8b,6,0.0000000006
0xad5c49dc02646898c7b9771e4c20bd3203556e76,19,0.0000000019
0xad5d1ba7999671b3a848051107c24bd57b311933,97477168,0.0097477168
0xad5d9b9e062555ef621fbed3c8bd86e618f2f0d3,9977133301,0.9977133301
0xad6590d0d69dc41b0d1162c8a157890462f80212,6378788834,0.6378788834
0xad6cea45f98444a922a2b4fe96b8c90f0862d2f4,1,0.0000000001
0xad6e2067d22c447252953682274659d9e785c4a4,127512487800,12.75124878
0xad704507acc687e69ff26260a3f8d3684d8de6d2,108244105,0.0108244105
0xad75d53a29bd3dbbece9fcda5e023966c867b487,107134481,0.0107134481
0xad772dbd124d7d08a8e07c64655f51fd47efc7a0,114095820834,11.4095820834
0xad871a3c898442a27ef3477dbec2556babadf210,19986114679,1.9986114679
0xad8871127ad6dd15d19bb6a470ea72ea01b08320,74929880161,7.4929880161
0xad88b055220f8dd2f60100dc3cd3bd64b92c9392,4150,0.000000415
0xad8e728f70dc0e73ac16644090bdb17667c7b50c,272934105017,27.2934105017
0xad94994a03f2d49a3688bb415b7af54eef85a17b,1000000003,0.1000000003
0xad95715b0a224369ade03ed15aafc7c6cd4ffd8a,3,0.0000000003
0xad9bd54f61f5b0a6ca4d49a58bc7d182d62c652f,37524130668,3.7524130668
0xad9e08aab1955d118904a37e0295a14cdff20f0e,6,0.0000000006
0xada62e00e87448743eef799bf8287390443f4826,1,0.0000000001
0xada7673b48d656a87cad01bcbafe6b1ee6d621ed,68111629673,6.8111629673
0xadaaba40eb86359e35f8af15099174a0ff4cec6f,121190870025,12.1190870025
0xadaaf39a711debca60e1c1e9f3a2339ec08ae893,99354913,0.0099354913
0xadaaf9a732847fc5df306fa88b76cc4b664a7150,25498,0.0000025498
0xadad6b6a30261daaa46b34f9f45a1f710c5e4e76,8449696,0.0008449696
0xadadf601f556bf95866e9ac608c678359e718af8,93530079,0.0093530079
0xadaea27ee0666c53472c1fe3bf93886171543276,3471816,0.0003471816
0xadaf6b98d6055968bc0775d2c50219f789d4aa9f,19325342276,1.9325342276
0xadafab6c3b6096d112cb738f06fab98f3b4af180,9,0.0000000009
0xadb9a7cc511ab7a81a24c8d85fc6165a93567b87,2,0.0000000002
0xadbc3cbb5e284f387e309ba127eb7e1e9b8f695c,1134031341,0.1134031341
0xadc43075f2e45daf2dfa5230fac6ba6af6283bde,19987523703,1.9987523703
0xadd2d0e2a0b633fcd5df49d80158d96d026ae006,170056496560,17.005649656
0xade369d209e44d638b3e856122cc2014385d9e21,404749837,0.0404749837
0xade38bd2e8d5a52e60047affe6e595bb5e61923a,352090,0.000035209
0xade392dfb32075d84ce49f0d32e2536081d806b7,82000000,0.0082
0xade4fbed97ef37f3bfbaf36b575a1b114da92155,50025130,0.005002513
0xade7e5a78af756de84631a06266a59e0d3665883,6655,0.0000006655
0xadee2465e8715b3451f4637190ac860448df8a2b,688635954049,68.8635954049
0xadeee7ed18533dce2794616d37ea582961e8aa72,93278176,0.0093278176
0xadf52cacb959b41bf7d9b7e921e76ae5fdfc93fb,1,0.0000000001
0xadfe74a7afc47ce529e7da40ffcbc7d22412fb80,3216905,0.0003216905
0xadfff5efcedbe62ce3b4f41c05681b92cf642db3,100971816,0.0100971816
0xae07b9474c571400d32b648f185c1ee7fb8c1c10,8,0.0000000008
0xae13e6889767e2425f7a6c535bf57b1fd1dea071,2,0.0000000002
0xae147d9c584a84b2a9524ec3beb0cf69a80390f2,169125159654,16.9125159654
0xae16211d87dc512e3c2c68db70351b78f68a5e43,5,0.0000000005
0xae1d81369d271805f38fae262da4938bfc07021c,923153,0.0000923153
0xae1de76928cc118beab0720a66bb15e38350629d,11110978516,1.1110978516
0xae207cb91e62d6b3375c40a69f6a1da6a8c3e414,9470971816,0.9470971816
0xae2ad894e1d10dcd6c084134a5ccffe1a1f7f843,599557,0.0000599557
0xae2b28607a11cff20329bacf587b418a52e68353,56517714303,5.6517714303
0xae344bdc5712ac210eef7a929652ba67bea5433b,131465910492,13.1465910492
0xae354b8f4eeed20b58802f7805c6e7e9af4f991c,19977305754,1.9977305754
0xae3669658185cd304a8b0b3066ee6e2e5aedf8b2,599485,0.0000599485
0xae3d4cb52e672d4d5442e65a7fb400fe01be7453,33076273,0.0033076273
0xae3d4fdccc37baef5232cbf5d0c81f1e42eeb2cb,9973544974,0.9973544974
0xae43188fc3bd7bb895f052106d0e56c95eee0c8e,4065220730,0.406522073
0xae4b07b72f603e66674179150085a2553dc1c57d,1007374171,0.1007374171
0xae4d19a9319e67ae737dc3a50b58a56f6bd9289b,2497,0.0000002497
0xae58ec07f732decd8ff955775096ca293735d940,1973544974,0.1973544974
0xae59aa5e75673d7aaed125ea526dae5daae92330,2,0.0000000002
0xae5e349aab55145a41c36f928d73e23e32e99d48,27314876498,2.7314876498
0xae61c1fdbe1feb2a65ca983d28c0317e21254e84,845754,0.0000845754
0xae6384c6114496ff2301763b8a0ae2d6289a21dd,400001250,0.040000125
0xae66f023f3bd067f2c58e25b225eded462f9c99c,9,0.0000000009
0xae68474cb9fd55871968141fae4b2ca795e6c944,2,0.0000000002
0xae6bf352469121886e05d2fa13ed914d8efc7f8a,93768834,0.0093768834
0xae741cd5a4c5952ed9bc1f1b7260ac44bc424c1f,635164821,0.0635164821
0xae765cd24dc90e99d6898b5b92f70cb02e87d762,94606236,0.0094606236
0xae7bfe322f3483d76eb915e7b400889ca6f7d7ca,19981943632,1.9981943632
0xae7ed0a6055d65891bcae59364610b8e9a422038,92632264,0.0092632264
0xae85a6a993843a3677dfa7adf21108d888b15edb,6,0.0000000006
0xae88d1eb146d7c8e06e5d2b3fb4e68684d92b50e,95741313,0.0095741313
0xae89840ab26992f79d20f21bd0eece4c206be676,97307254,0.0097307254
0xae8ac3b375d7e3d0b5615ba20c15eb2979ecd460,270875364,0.0270875364
0xae8da4a9792503f1ec97ed035e35133a9e65a61f,165972305390,16.597230539
0xae9bc0fbac4c7241b1a249a69cd799a56315a2b0,4,0.0000000004
0xae9ea6fe14a0f24e89116756452ca7c17fa6787a,2062872345,0.2062872345
0xae9f3248f967eea0be9a0be61cc07ef3f094b532,774941,0.0000774941
0xaea529a6099ca280a8c16af715af40ac5db10eba,4,0.0000000004
0xaea59b762aaebc669277d921d68055ffee5c8b5e,599479,0.0000599479
0xaebea7deee4b1302c8f9cb3dbcccfcfd1bd43c00,36566156,0.0036566156
0xaec3cacef9457ff2821d9f85429ce3d90b001459,379481012,0.0379481012
0xaec7bba2d2dbec8cc53ec8df9262c73854a02bc8,315000629,0.0315000629
0xaeca45509b520308a968a6632f4f8b2e2284a85a,92456038,0.0092456038
0xaedea7f0c714b5243f011b63d6387baf47fd254c,199990971816,19.9990971816
0xaee47f20a54d48b8717a23ed5e06e9b3abc63930,43441291,0.0043441291
0xaef835474335bd29e86cb6c7017db2b534c40594,97595180,0.009759518
0xaef93e615758db61aa4ed826bd687cd6a633b273,2467260,0.000246726
0xaf05e7650c857a070a46d9afe5f2c704edc9fa3d,7400933109,0.7400933109
0xaf061fb0460b21bb23ee9cb68ba4afde618675bc,2154740242,0.2154740242
0xaf085c75e56e9662a9b7e3b270ce77b03a2044a9,9,0.0000000009
0xaf09ff3598b3fc68340efc7976998a59d7bf4fa7,24766087,0.0024766087
0xaf0af85394d34ae5a4da0ad645de6b01f0453c6c,9,0.0000000009
0xaf11b3b0ea9c697e92abda3d89d5c942fd4e335f,1,0.0000000001
0xaf14a99bb5a9d77ab58de8561e8e5040031672af,19990971816,1.9990971816
0xaf2218e35e1164d6095e05f7c5559d8cc3789f00,1376033527,0.1376033527
0xaf24ecb3912d154ce9f35eefb21452f0dca31c5d,6,0.0000000006
0xaf257adca1abba95ebc6d305c7c1ba693970a629,66136442,0.0066136442
0xaf38756e009f32af4ca87a603503ccbeee0e6688,9967391488,0.9967391488
0xaf4c6c334aa5af433fe8da5ad2de32b77f554a91,973544974,0.0973544974
0xaf688171f9a426d8c78a907f78a9cc3da23c7230,9,0.0000000009
0xaf738f6c83d7d2c46723b727ce794f9c79cc47e6,1287255356,0.1287255356
0xaf764b48edb7de407f3975d42b3e1875de855de1,599562,0.0000599562
0xaf7d1fb1b94f6dbf258a5746e9f78dfbc00d41d1,203436236,0.0203436236
0xaf88097460d0ba2a99c04deb30e05ff21e0dd246,4990971816,0.4990971816
0xaf900e596ba55932f1c1744ea7692763cece2a0f,73118394766,7.3118394766
0xaf9321e8fd6e4796815f38f5ab0fee42e1040a0b,200000000,0.02
0xaf9a957dc0d96146a4ef84ac306ebdaef0931b6b,200000000,0.02
0xaf9d4b9db8c8f579d38b58571e01994aaaf5b5d0,177199057459,17.7199057459
0xafab1adfb25e919d9f6ee7196f1ad0ffa93cad12,7,0.0000000007
0xafac42adc025f473b179ee2fbf1a5776859b6cb9,2278,0.0000002278
0xafaf2c1a7a42cfd6aa5c1e10cb3dfa67e9f40669,3091,0.0000003091
0xafb9f6b1595e0b36736613792968aba6215ec1ed,96270207,0.0096270207
0xafc5a1b1a183e5f14ab93a7bb4eef8d8ff4ba558,92639288,0.0092639288
0xafce1f1eef5379fdb8e8388b7130da54bf51d6ce,86114679,0.0086114679
0xafd8aefc4103ee32239b751553cfd4517601d28a,5,0.0000000005
0xafdbc6ca3ed23c69c993de4680bba80831a4eea7,85800454,0.0085800454
0xafdd941b5eb998fbebf1a8867d5f5bdce5a37a1b,1977949,0.0001977949
0xafe597933902d83454b65f8c0fac1dbb17324405,87103429,0.0087103429
0xafea69a7f761be7b359b0f5daed8afff8ebca4fe,628,0.0000000628
0xaff8296d2220a0abafd4d0afec79f181c95b0bd6,733128080,0.073312808
0xaff8b8538dcb48d33c38bbd372340ef72577a74c,67778738,0.0067778738
0xaffdd4b7678906436ee36fc57449c11511d17028,92799463,0.0092799463
0xb000ad4c9e364a96a13e71d6d8781d5ba7b05211,986114679,0.0986114679
0xb00a86049c6c6140d46baca540fea57fd89a31d9,4,0.0000000004
0xb0158a40156bc1fe42afbd46acdd0d66210f85f8,279790768,0.0279790768
0xb0160a71d7ffeebe11c7fc247c9c5dc1c5644c36,95310923,0.0095310923
0xb0162fbf7f341a1f6da29a6be1dd1faae0fa9b21,24422908,0.0024422908
0xb01744745fbbebe6a0da674f8f45fd1e14d5b488,8,0.0000000008
0xb018f3c90b9bad1f9d289609be33772538985d77,1,0.0000000001
0xb01b02022c74de91403d67a609332bb5c797de52,8986114679,0.8986114679
0xb01b2e5157430ee8517ef942bd76b10c52be9426,1,0.0000000001
0xb0210de78e28e2633ca200609d9f528c13c26cd9,47228104287,4.7228104287
0xb024515b98bda6550c0dadd24af1bd71b0b8a28b,9046919,0.0009046919
0xb03118842b69d64f5f788ee848bdb21a393001fa,15299911,0.0015299911
0xb031d8adf3c5dd19d99549abbd7f8298b46c018b,49988441,0.0049988441
0xb033961bd425926c12f622eff02b5a1a1ef807dd,1072180817,0.1072180817
0xb033cbfbf8514fdd48aca49fa802fe243b0fb6ae,5636861552,0.5636861552
0xb03fa4bf75b07f115494e03f564f9ff7c3ba8dde,500000000,0.05
0xb045f52f105fa6c2e19c1ce4f931398c6172b188,11816,0.0000011816
0xb0516efeb956bd6ed9c72446d766a137f1347323,193327463957,19.3327463957
0xb055f0b7589cbd721a959ad7e412f56ee1c3d229,13964014,0.0013964014
0xb05e1574cd7e0c20c8a17cd29ceff904afa14505,80300569,0.0080300569
0xb05ec421903ea5003fe3f3f35b71e48b1c065f3c,8,0.0000000008
0xb064d50ec156977a5e1487d9e2a2ed530a1480af,177182195,0.0177182195
0xb075da10e4bccbd1876e3ef6d50b2df5b9167cec,8,0.0000000008
0xb087a5e872d94369e056a624f6b16db13be82850,9,0.0000000009
0xb0881829200055482d483550565edbeda33d7cd1,495884030,0.049588403
0xb08b24929bbd462e3d1410ab08836538bbe82481,4,0.0000000004
0xb0925931343a69a65d6df7f8662af265a599c605,5169,0.0000005169
0xb09d8e80a18d023717d57d3e16020cb0dfaff04c,9,0.0000000009
0xb0a0315bb1459fe8ab276532b323686a394df31c,3821,0.0000003821
0xb0a33a136250db0eb256ad7c370f9eacf6f935ed,18282351051,1.8282351051
0xb0a4be5c905311dfd937786dab41b0d149a85f64,98626643,0.0098626643
0xb0b1babf19dcefbeb9018288203a61f44a4c66df,10000000000,1
0xb0b91143de6bbb74057d120db7bd7b939a4bae5c,6,0.0000000006
0xb0ba7b4602504c36c7a39ce392d4ef0d8bfd3db8,49159371420,4.915937142
0xb0c557b3ef2d056cfd748a1a03b256b5f000f4e1,3,0.0000000003
0xb0c64b65e7b5668df7087c72a4e667f0609669d4,92637384,0.0092637384
0xb0cdecd2ce8d77eb8d5a88846aad8e17220ba794,95736235,0.0095736235
0xb0cf9dafc5bde0e456dc1b58f842532e66180367,16164310,0.001616431
0xb0d509289c7927ab0b6c10f425f3fed872e9dd8c,2971816,0.0002971816
0xb0dc23c8b5af04218fdf7834ede3928fc3b54411,169698000000,16.9698
0xb0dc3b1f04529984dc65a0a541797b184feb50b9,944830,0.000094483
0xb0e1ac18be6436a520a3bd865a8d7430a6af65b9,4765467859,0.4765467859
0xb0e2cd072dd4be3390c0960fcde44c745e39554d,93322256,0.0093322256
0xb0ecd54de31dec92e79a17908b41f03883538ba4,9948,0.0000009948
0xb0ee8bdd141a65a9f676f0f15cf57ffb2e9e60a3,90971816,0.0090971816
0xb0f62a272108d713c1222ab0358d90d499a6ffa1,1,0.0000000001
0xb101b2b0aa02b7167d238b98dc1b0b0404a760e8,896365000,0.0896365
0xb101e10bee8468ca5ab1db93ae1ef88a15167bf2,2065675719,0.2065675719
0xb10366710d5b925d19aa8b17dd3cb2c6c24f1a3f,85803593,0.0085803593
0xb112e84bac2a0f581dd988ce198866b032341ca7,15219745619,1.5219745619
0xb11afdbb5d0258fc48c19f3386ade1409710b732,75882170469,7.5882170469
0xb11ea87febe073951c1c617e1ee761988a2b035b,6613758,0.0006613758
0xb11fa40733bdce2aaf6b25b58668b96167cf69f5,2,0.0000000002
0xb1298b9658e383a3253a369dc7ca5c600ec922cd,1391973980899,139.1973980899
0xb12a78d2b494b0f8ea014b3ec88d6c1a39681db9,94682233,0.0094682233
0xb139d467993aa119711a527f492ccea9a4e53cb2,88520125,0.0088520125
0xb13b281503f6ec8a837ae1a21e86a9cae368fcc5,4826798640234,482.6798640234
0xb13dc79e42c1e512fd596e719052c0ad7c27fb0f,14692306,0.0014692306
0xb14549012a0f320030e760e719ab21406810039b,36509817274,3.6509817274
0xb148e48a65c4934c8433e95fc367c64bbf24807a,56308716,0.0056308716
0xb14945529f6575a5d41279421e34c21b56e55509,40,0.000000004
0xb154e71da908743b62ff027e23f47ae3984e15da,2717,0.0000002717
0xb1553f39787aeb8b4d4a6b3274346b17992d74ef,4,0.0000000004
0xb15f5e0953f69f60e47e68369ac677c3070a4098,11816,0.0000011816
0xb1672221557859df46bfd2dd07e3cef381b5375a,14446884,0.0014446884
0xb16ec73e3f3a83aacdf39ffc0a33879a0b398397,3,0.0000000003
0xb16f3d33b821df27be0ecdc0e9081610226b9d96,599517,0.0000599517
0xb171f2fbcd69515a1ce049ca877445e078ca662e,91866145,0.0091866145
0xb1731c586ca89a23809861c6103f0b96b3f57d92,776004320400,77.60043204
0xb173d6a9ace563d8fd0fd9a8343e9d4210fa59e3,58107477135,5.8107477135
0xb173f18db18a9c44e6706479f8444a188a604beb,5676,0.0000005676
0xb17deb1f45cdf26d614e736ffc828a74cb5b1213,257085571,0.0257085571
0xb192b0462b3a9eec61ad3d11efe2ac2f53922ee2,94593064,0.0094593064
0xb19aded143a0af8e7c5fb7c97b00431ebedf68da,5447160,0.000544716
0xb19e35e6ecb27e635da10d2cc18a0250f024cbab,139084384,0.0139084384
0xb1a33c7b0fcb43034560581e0239c31ba6beb6c1,2700379489,0.2700379489
0xb1a5d2c39e9a3b76c9a6886e81c6c469f4e194c6,164233222098,16.4233222098
0xb1a7439138bd1c195247c7dfcd5025409adbf9ad,16571040,0.001657104
0xb1aa487493f5539a9c739ad6921dae7a0d870f35,77258138957,7.7258138957
0xb1ae209fb5b3c38792d80a5eb5f5feac3a69ec78,10000000000,1
0xb1b7b3f83fbb32c6e110d505becfb49712ef9cc8,599446,0.0000599446
0xb1b86c468960d6daff0f0d0e5783417b20183e95,10981943632,1.0981943632
0xb1b9a3ae0110913cde370561484cce9024d81a2c,476539,0.0000476539
0xb1cd1e43838452527511b002992ff0d73fda7909,7907188221,0.7907188221
0xb1cdf4b3ce7cae0501ef9bb5a1695fb444a6d7fc,5,0.0000000005
0xb1cef772422868705cd430e8a0c71d7f02c7b527,189723008,0.0189723008
0xb1cfe18d6410fda6085d73435b809097c5a056e7,7,0.0000000007
0xb1d63841b0539278bc47445cd6cad06afb79af04,6029952,0.0006029952
0xb1d6fb021ca9fff16e289a5b62e60a31790a86e7,599485,0.0000599485
0xb1d96555123e3462caa668a1001c082a5b28e523,103588327,0.0103588327
0xb1de47cffba531d9524713687e5bfd8ad54b50c3,93377718,0.0093377718
0xb1e5e9b4972fec3bbe4663295d4bb93a7e0577d4,977133301,0.0977133301
0xb1e98e75f78035ffe458de192a071ce78f67b5c6,8,0.0000000008
0xb1f3c90e26c6a26cc83ae4ade32324b3c88e532b,381160867,0.0381160867
0xb1f705acc692fb8b820f0559ba54531dafe1e82e,990045883,0.0990045883
0xb1ff6ff91b1adf4dcd96cc53d4bcf9734850cbda,19986114679,1.9986114679
0xb20e47e0e073137364fccb8ee8eb91dfb7c53f1a,599519,0.0000599519
0xb216f6f9d4eaed6e6f3140002fd42682c218d9fa,8,0.0000000008
0xb21ff983753d35428c361d32e857cd0b4aecffd0,8,0.0000000008
0xb22ae973b42d4ecd41f99fd5181652d2560a497b,3210181474,0.3210181474
0xb2394935fc6ffb1e528dd8a0ac3c6e09d48a8775,18585737204,1.8585737204
0xb2448dc111b8b1c6ad57693d9956552ee6c1359b,85799260,0.008579926
0xb246283d4ea9efb2558690c2c088bb912db83bc7,94604283,0.0094604283
0xb24f58c1c839d711811f3b4dccf69af3ef585dd0,19736008340,1.973600834
0xb25eb6519357a89ca7084aec9966cb73763ed454,139570662,0.0139570662
0xb262731e791e2b61cf93af1443aa3cc093b4fa62,99248600,0.00992486
0xb266be4644e221abd288fe48011fc436294a38f9,59010805,0.0059010805
0xb266cd6630645fd394d07195c4562618eba1860a,2971816,0.0002971816
0xb26834794369026a4ce8ede538e8b1f41012b83f,599568,0.0000599568
0xb268e06dd9826e7c47c4b6bbc9f16df2d3bdc9ae,85804108,0.0085804108
0xb268f2d358af2c1c9b5350fbe131abced33e24ec,92639295,0.0092639295
0xb27577857c7763eea840c08654469d234f96c23a,479807735,0.0479807735
0xb27a4c705a835dd186af31313deeeec2a8dd9d57,2405416,0.0002405416
0xb2801e663007bd697a5912ddb5b755dccfa69fc6,100000000,0.01
0xb28c40448924abda8942eb7541d8cb8967d8ca7c,2058,0.0000002058
0xb28f991b1ace2c31dd4ac471bbe2b1df1ae973f9,8523469,0.0008523469
0xb29228ef1dd3ba1c0f9b989cff6c36ef50ed49b6,77518,0.0000077518
0xb2922f67f7ea03f9e5f54cb51b1aad62e92a8831,1000000000,0.1
0xb2975addd44ced4e36c7f8b4ee025d8a508e05fa,997,0.0000000997
0xb29a2bc44aa3e28216e69a6e120c79004cd88574,6501494361,0.6501494361
0xb29eaea575bd4bae7d9a301446e6204c3a23adf1,15152878170,1.515287817
0xb2a104556bcc03d8bc622ea1ab39b1850ed6cdc9,6,0.0000000006
0xb2a14e9a545078c742a484ded4b37fcecb6a6210,33592899573,3.3592899573
0xb2a57c8b94a0e2c791cf0f88a2faf8f115557afa,1,0.0000000001
0xb2a7f204b6fb6823971f2685ba2ae3b8b3d157ef,92627752,0.0092627752
0xb2afe8b23c727c140c4a880dc5089e612894d0ba,1,0.0000000001
0xb2c3a8fe0309a405c90a9f521bb33e3e30cf919e,4,0.0000000004
0xb2caee72b8997d5d609f3dac1e5763c4c6f39bf4,2,0.0000000002
0xb2d1614330c30406fc9d723e732b463daab776a4,92637397,0.0092637397
0xb2d4cf39779b6687cd659fbc13f4ed7d6c993abb,4623612006,0.4623612006
0xb2db58901121884f9facb2b7db1331b68d6ad969,295065358544,29.5065358544
0xb2e19dd996848818d972dd3a60a1b7faffb82330,9973544974,0.9973544974
0xb2f70704693a8a72462ec6b0f75b39552251c798,11816,0.0000011816
0xb2fa978d34dc1bce8ce1c794b319b1cf3a6fe2bf,74,0.0000000074
0xb300fa3447dcbb9bdd4a268c2f4808183d793273,1,0.0000000001
0xb30217cb6eacfd76b302b91d0e5450aa06ec201e,99954266602,9.9954266602
0xb303cd810df8317dc40d59a99fd81ca254507969,89948,0.0000089948
0xb306492e4c1c5f6c29329403cffe6f1620854ff4,10000000000,1
0xb31de3009e0cf06f9363f5591cba2caefc8da138,580643773,0.0580643773
0xb323d1e1e1da6ce5c7e01a018bf2a43a42a9af35,1,0.0000000001
0xb326432819c852733eaf70320c5ee2fc3f518b3d,6,0.0000000006
0xb32b41625e14e55757a5d0cfcdd9768a1695c5f3,6,0.0000000006
0xb32c203ad7ee01d44cdd09b2fa59ef5ad9b273b7,6,0.0000000006
0xb3395265f5d7a6196e0436cf8adc43b5d108c2dd,1,0.0000000001
0xb33acb6bfe639e6fb7bbf655b785eec21b353c8c,1973544974,0.1973544974
0xb3490e27982d0711d14b7fcf8e246df05d186e03,4,0.0000000004
0xb352a52ddf5b9a4189c79d0158733a0409c0af07,6,0.0000000006
0xb355ca308ba1797800aa6043d0b18acfa65fcc99,7648400,0.00076484
0xb3596c802b3adfe06277bc7ecfacf934ceb3fc91,49542,0.0000049542
0xb36238ed0a4b5d19ff088742e0c5b4c6face6420,16051824,0.0016051824
0xb3635c098b78fbec4a9be0312d60e7f3b5d5b7d6,9,0.0000000009
0xb364836b77679ad6b63ea2092a2a204d3220c06b,95310911,0.0095310911
0xb365f0e1e753bf4b8e74afa31dab7d7362a63b6e,731033,0.0000731033
0xb36838c2319221ce44f205642540b9a37694f042,6229005995,0.6229005995
0xb38772f2a8b22943668267aebaea93647e91a586,96099459,0.0096099459
0xb39c6c64d196f11aea1c45a554c697baf84c1902,976272,0.0000976272
0xb3a00c3ca08a1bd29341519a4f1eaedbba82ca39,8991070623,0.8991070623
0xb3a65d7d53d1b7a859cab77882f079a93dd56a28,3735803079,0.3735803079
0xb3a9979a82ed12435c3a683edde753e5e9fa8255,38149,0.0000038149
0xb3a9b256c60b58b3302107f8c72e1d529e9724f0,2658327989,0.2658327989
0xb3ace61adc0028982bf5920a903c5ed83a07df04,94604141,0.0094604141
0xb3b6836be7b07e5c2d5caa8b3aafefa994307039,5,0.0000000005
0xb3ba1627582993468f6027a1247677d118236fb9,95741299,0.0095741299
0xb3bdfd684930be660b0d85cc46b0724f6d5d839c,22194678970,2.219467897
0xb3ce184896e4519878519e7cb6395661cfd33ec3,13846567121,1.3846567121
0xb3d255dc6040c7296f63234df23547cc9b5c7936,100971816,0.0100971816
0xb3d8edaf090070d2691ebbf38c408f33b7c83a26,242770,0.000024277
0xb3e36075b6c06c750903879038521894eedf9158,14977133301,1.4977133301
0xb3e63ddea3afa8cfa4e386708358286ca27db703,39967351550,3.996735155
0xb3e7e8a3a64206fa097365a37b25e1eeee6a61a7,3284,0.0000003284
0xb3eb796b7ada19c5777f47620822be5141d230e8,93530059,0.0093530059
0xb3fab05efd7020a3955009a3869d509c0bbf5617,9199253,0.0009199253
0xb3ff54b7f24950945ba8f1778f52835a7ad30a7f,6,0.0000000006
0xb3ff7d27589c244c2ad04dd17b562f403a865263,3304783492,0.3304783492
0xb40d400969b9187c0d9fb444a1464fc17d6b85a1,9609123450,0.960912345
0xb4117bd90c8fb76710a48faf013b22863252ef2f,182374981845,18.2374981845
0xb421bda29de07c83af80ca20b7e8eadc1c724f74,39889748,0.0039889748
0xb423617913d17c42c34eba034abe5ef7a90bda67,599563,0.0000599563
0xb42884c5ca4263cc2404e0f198e9ccef60ee79d3,607110703,0.0607110703
0xb429bb83b7db821c67a11cb0591f8e2bc60372ab,98911025,0.0098911025
0xb42ed32fb47bead323c48bdff9c6845f06ab43bf,35429868127,3.5429868127
0xb42eff352a887ab634a1be1dace600384ff8d44c,13990971816,1.3990971816
0xb432de8871c179b57850ee04144a70b76b897c37,3,0.0000000003
0xb43ada0a0c0e6a0265dff6d77f29134ab4b43212,4,0.0000000004
0xb43f3ae4301bf4a0e93e41b34d1ae88eee3c3a3a,3811062837,0.3811062837
0xb4531d65ce93cbb22bf4627b5ef8bac61b07c669,100000007,0.0100000007
0xb459b16e6c74209ba0050d83bcad95c6d37387db,599444,0.0000599444
0xb45a2dda996c32e93b8c47098e90ed0e7ab18e39,60000006,0.0060000006
0xb45cf380ff9a33c2bf7c41043530dc8bb2e5295b,743891060,0.074389106
0xb45e8dbf387784bee08dc832114f8c7075ff3edf,1147065445,0.1147065445
0xb4638a87a259394306f2960921a05a44155ec91c,971816,0.0000971816
0xb4649484e2e3c4f1b689f9df327c2248b8203eb4,360971816,0.0360971816
0xb473b019ee0aad02e213f5f910cda9e2384632fd,76039886,0.0076039886
0xb47ad0280b4b2d665be08f95e0713e606df04ad8,85718742,0.0085718742
0xb493648f0ed96afe4adce0b5089670e7ba968e8c,79990971816,7.9990971816
0xb49e84e6d923a1568551ae0da4693b7accfec478,93377701,0.0093377701
0xb49f4bd453e7ee0571c36c327c35b8e08511f187,273544974,0.0273544974
0xb4a859abe54b5eadc02e59538719bb35d475e0ea,4,0.0000000004
0xb4b0539a9e2cd2262bd0d3f5111e76c482dc1eaa,180591092,0.0180591092
0xb4c426ad518843b79bf33266a006bff15ddd08ce,54321,0.0000054321
0xb4c5e084408faa0212054fcf88c4929d8f0c1163,49643971687,4.9643971687
0xb4c5f233e58f500ec5fa5dcfd2bff393717e2366,446155858939,44.6155858939
0xb4c9531a60e252c871d51923bc9f153f1d371ca8,1300000000,0.13
0xb4ca7e8db9c3dffcf1a3b4c970601d60ed5433a3,9,0.0000000009
0xb4d322ab771a8e5213ad5a6edb561196342785b1,96373369,0.0096373369
0xb4e3192efc4d9ec0489dd1b229a96216f72d3975,9282227753,0.9282227753
0xb4e5bd9a418231e197cb5608ea0aabe4891dbb27,9,0.0000000009
0xb4e84c266719b1d5b61cf78151f39953e1ce86c5,98911018,0.0098911018
0xb4ea48bf0512bf79a37a67038176fa13395b56f3,58231412523,5.8231412523
0xb4eecd617cf09ff30dae395a0f750452cc2261e6,6,0.0000000006
0xb4f3e034fab99d209597f63608f7be2b76c7b333,9,0.0000000009
0xb4fc9a7b8be45c14b6a7364667069544ea4cbde0,2,0.0000000002
0xb5026494ea932cbd161c46392ffd7a2855ca05af,6,0.0000000006
0xb50d8930ef485445548f33758783ae29b082c161,22265102226,2.2265102226
0xb51508ceacb7a7803685196b163538312e7ac3e7,272508374,0.0272508374
0xb51b41efbea135ff8ca9f6746d84068fb2787ee6,1534460021,0.1534460021
0xb5229a914ce3fccc0850119fc99840ce8bd33014,29986114687,2.9986114687
0xb5238999c3a721939c17f8491691dfe8f8fbc5bd,125,0.0000000125
0xb5239066a954436878245daf749565fb36eb7b41,8,0.0000000008
0xb525c621a3e04d8486d513664f675b52776767f2,42085708,0.0042085708
0xb5262092247d1f1d61e0342bbf17b4e3aa84e50a,3544974,0.0003544974
0xb52937c750792574d4ca6d8bc7f5951bd6800541,10247068241,1.0247068241
0xb529fc83a76afc8a0ef1e342d7067965f003cfa9,1032776499,0.1032776499
0xb52f409bf2723c4f5c0c0ca42d85891a44c51eb9,45,0.0000000045
0xb5326c7e58e91966f77721a0bb49b791f91445fe,49990971816,4.9990971816
0xb536193ad62c8431300baf490b6db92a77b2748b,71015948,0.0071015948
0xb53c9ab4f40196560fdf7811d6a23a8f64dbaa05,97,0.0000000097
0xb547148fcf4bf9e878b5cadedeff5cda97d2e38e,3,0.0000000003
0xb54743b6b13e7ab963863dd4414122fa505bce2a,45529410,0.004552941
0xb54d2a079364b28e1159d86bc19591372b1b0211,6,0.0000000006
0xb54defad873c1df316fd61d0ed85974585c11795,488971816,0.0488971816
0xb554a820247fb9e07d615849c0a7116570c51757,98911035,0.0098911035
0xb555daca54d54163865897fa02917ed2f1820f21,95826849011,9.5826849011
0xb56476e7fe62e69297ac988c578418c46d11d5ff,19990971816,1.9990971816
0xb573e0b20399b39f23939671f8bd410505b1612b,92698440,0.009269844
0xb57d735e48accf3c2768b52072ff3017e884e8e5,1,0.0000000001
0xb58b06717e8c5aff58d6c37233083200706ba99f,6144906611,0.6144906611
0xb595893d93999e04037c3affc4cd9238cb6f5f42,10000000000,1
0xb59db7f8ef4d42284eb5dac7a575e92069b1b7ac,99269898,0.0099269898
0xb5a29cbfc1749a8536c4bb2027e601257a6ea034,90971816,0.0090971816
0xb5a48fed4d5aba3e52cfc81b21356857a7b48b4c,3330000000,0.333
0xb5b111dcd99eace6fee46af156f47549ae5f6875,431694765,0.0431694765
0xb5b1986ab02abbca92e892ba8544a6d8726c8d51,10000000000,1
0xb5b83c745383fe079a56171e929ce19a50f2a12d,23174448,0.0023174448
0xb5cd4c2814ff6b22f1450303cfc60dd54d432997,6185294525,0.6185294525
0xb5da10242086033e0b769982e665721f33a6ee05,9947089948,0.9947089948
0xb5e1946dae21dc786d1f5cbd734a94d7874d5850,3447089114,0.3447089114
0xb5e4d8f279e62cbb2d41ff32c4f485c0d465b862,921272058,0.0921272058
0xb5ef2e53108049e1c48c195f0764693f425cde70,4679,0.0000004679
0xb5f64e99e53aee1ffaa39f2bd6ea97c0fd8bc9ad,30000000000,3
0xb5f7220949635edcb7a0c149df197a748e3d2983,990971816,0.0990971816
0xb5f966ab3ad40e8ef90ce660a91f3ad16a211680,999112834620,99.911283462
0xb5fd00e0a7813aa21317b155d278130749dfd8ce,10971816,0.0010971816
0xb5fec49e51aa16a04c7a111f41ffdbd84af9c44f,883523498,0.0883523498
0xb60c71205430d5070d07e9ac050b33c36cb2b407,1457074219424,145.7074219424
0xb60d26198af354ae66cd2da27c9a3744b9ab340b,142400691778,14.2400691778
0xb60e273dc2b7d5df877df827610c075e87c7e30d,1061814478,0.1061814478
0xb610a0bbb0948da94e09f730175e65b02c0a49b7,19433521567,1.9433521567
0xb611b2ddda4c6bebe0b8686a9b9e9b12afd43410,599563,0.0000599563
0xb612b8e24ddc2b110d2d1c75acac93d00c869e58,3171816,0.0003171816
0xb615b95965242d475977a0e500f423c2a5b925c9,94581541,0.0094581541
0xb61c91fbbf23a888d185c210676e4825bfda8857,8,0.0000000008
0xb62217387b6d8658779fe4977dedbf88338696e7,2971816,0.0002971816
0xb625f8a90a5bf8589ef06ce7849644fb3a3a4f66,13785088675,1.3785088675
0xb627d04196cfbe1964f974fff5f40362946d4c22,1665127805,0.1665127805
0xb62f2cedb5941fda373fb5923868c259b0695b62,37118159960,3.711815996
0xb63b21e84de0765b935d3dacfce605e02d70a1b3,90971816,0.0090971816
0xb63e766a951f3b5d1a1c3a6dde04a50164ae93a9,4,0.0000000004
0xb63e963121bba708bdec40b1cf7e17c15a30c15f,96308346,0.0096308346
0xb646b40bdf034ec48603ceb5163a7dc062a0dead,31073887,0.0031073887
0xb646f7762f0ac055d51e8d32c5ddd597e03fea48,95306653,0.0095306653
0xb65447a85ea8026a68bb81a2ea5cfab50c62330d,599485,0.0000599485
0xb66b3cb997b8e3ad968a1b86bdb8667208c1bfdd,5079402863,0.5079402863
0xb66e240b7e495bf53cfceb44a768bbce6366b8f8,1421994086,0.1421994086
0xb6758e748f5d76b8b1264f9b907d8675da52c97c,10898686499,1.0898686499
0xb67622088673534fc66cb928ad31e6b63163cae6,55000000,0.0055
0xb67b8eb0bc6ce2b2ebb18ba581b6a5765c34cdae,9990971816,0.9990971816
0xb67ca19df4d2f7e31ebf4dc0ff66fce80280914c,31943632,0.0031943632
0xb692c229a8622ad1db19b18065e69b2b6116b9ef,70397407,0.0070397407
0xb6954521b3f7ba1fedb1a05e974cf41ebe7d8f35,94182397,0.0094182397
0xb697b6a9fcb6f592ed1deefd88b63a7cb7070fff,131127138,0.0131127138
0xb697f0a8d6726d78ca0f873b43d8382bd0661c64,369675662,0.0369675662
0xb6a9b2e5026623c5d52002eb67721c03ba11ae70,53737135062,5.3737135062
0xb6ad57d769c7682194736f2d5568c50581a045a5,82317225655,8.2317225655
0xb6b001e210c4a87950e58bfebd9800c874892248,8,0.0000000008
0xb6b4af483d133c7caeb78609c4b992df9b55ce70,9943975487,0.9943975487
0xb6b539a6614fa67b9c8851b47721131291ee77d0,11274516037,1.1274516037
0xb6bddd53d6f04e43774ca1ac3e8e50bdbe9592dc,8,0.0000000008
0xb6c1045ee5b1cf1690e87b35d927eb26ca828a33,9,0.0000000009
0xb6c94ec209408450cedf2e9d0bf52ac55fba316c,90971816,0.0090971816
0xb6cc1c1a5bd946bb2cd18cbaca958e551c997f02,1990971816,0.1990971816
0xb6ceb85f2ee66de9a75c9475c5c96bd06b3bc888,7,0.0000000007
0xb6d3748e5a8941699ab6124142a8348aab76ad93,100971816,0.0100971816
0xb6d43bb5d1e8987048780597092856dc7357272d,990971956,0.0990971956
0xb6d5ad48ae54da03c60dc14df76b51ce89cf4f2c,73544974,0.0073544974
0xb6d6f8c7e3ec8374e11cce2d01ff4b89dfd585b2,2191218,0.0002191218
0xb6d75045d02aa85e58b99ae3db3f9ab4a04d286c,27128322881,2.7128322881
0xb6db4b787f3a9a0e3277ac496163a0f5478b2365,544288440,0.054428844
0xb6dbd31d741c83b31b7f0e9d40039e42a2dd3b62,34123886,0.0034123886
0xb6e09844996995f1532b2b6b437019482b21d2c1,218296540382,21.8296540382
0xb6e2e7ce578d7be759ee4be93dd4ec0795d0def6,7744434516,0.7744434516
0xb6e320ed1c19294ddab2e92b2e86a37f3f894cd8,9,0.0000000009
0xb6f9809781704dcfe866d6fce9d34c1683126506,343699031,0.0343699031
0xb6fb68d1934113affc4ad6ba82bcdb07d4dfdeb0,94965492,0.0094965492
0xb6fd1e6c59b656b7d37d7f748e2a27bf9af50a3c,47573657,0.0047573657
0xb6ff6a17b5ee96436820899d2829cf1a70099949,298,0.0000000298
0xb7044b1b2741d7eec9935e3455d18361f82f7e4e,667471101,0.0667471101
0xb7148e3c50fd6590d9d003fcada2c4ef70362d3a,6,0.0000000006
0xb7188ab4630c3dd97cd524783b16a6f2addcb4b5,120,0.000000012
0xb71961c454442a214aded17a6b8a1ee73c79ffd5,88591731,0.0088591731
0xb719cf80cb50e248309d07074038f9629f1886b6,35937,0.0000035937
0xb725adffd8a9f2c216adb83cc371db265c5fd3e4,50000000000,5
0xb737b2023d710d488ceade576c1ce59e28d9fef0,92885087,0.0092885087
0xb73a878a47b30cf08ac1acbca3f57470e4593a47,13977133301,1.3977133301
0xb7435868da556c611aa193c6d25838da73a9d780,1,0.0000000001
0xb747787eb6b4cc3f9000bd77e78cafaf5ff07e74,1348094753,0.1348094753
0xb74c846089763c23b2ed8b46220ee9d4d3e0cfa6,1297354988,0.1297354988
0xb75368a9f92a7bd708480f408a5153edc6ae8600,1,0.0000000001
0xb75a7b6ab64c7ff15d8aafbc38cd7b65962eaa7e,8,0.0000000008
0xb76543ab05b208ee4d0eccc435dfb6ef00d96142,3659408115674,365.9408115674
0xb775921ee6fbd9f8de6366b87c5801cab418e8f2,4000000000,0.4
0xb77a3ecdb410f63083a16c607bcd446b9ef93d82,33871358,0.0033871358
0xb77fc6f00fb32ed00bd17355e1f9a5aa9efe2bf9,8,0.0000000008
0xb78488672e4f03eaedc67e7313d75735bf777581,7,0.0000000007
0xb78d3af883ba018487db5f5d2ff9ac6128dcb69f,93378268,0.0093378268
0xb792e64ecc78f40de00be63bd6b9aef702143e12,2,0.0000000002
0xb79a318025e39c02ef1d318d2b7001374e34d5da,9555853007,0.9555853007
0xb79a911f218186fe9acbb4e5afd5245c222fb400,10687976787,1.0687976787
0xb79eef3fb2635fccb15edd68f540f28287384ee2,1,0.0000000001
0xb7a14ecb7282743e9e84975911d7511cb5f7cbd3,66932511,0.0066932511
0xb7a37d99a3b09bc3b10ded26a1bfe22e9dff3468,340000000000,34
0xb7a4932cccef49eff29132f1834fe30dac864021,381248297,0.0381248297
0xb7aca4a7667abfd9af9d6ea89b7f8a135a562a9e,806537761,0.0806537761
0xb7b3a8824767befbd276ba508e57f42c141528fb,94731118,0.0094731118
0xb7b42d19701c81ff78752b60e38e0470674d2930,11816,0.0000011816
0xb7c7757fda53642864447b87ff1951df0bb4d75a,3436430041,0.3436430041
0xb7c94ab2580ff4458c01f1a23f8f2c7cdb848fd1,7,0.0000000007
0xb7d41595cf188bc52104be501bd8895b66cee5dd,96309878,0.0096309878
0xb7df59f3cfad7898061a21bc7142a0ad8ccd4033,4973544974,0.4973544974
0xb7e38ccfb0b02e4c6e40bef2333d202c25086680,7486950499,0.7486950499
0xb7ec9f18293d5c1d1eb1421a9100d149febb781c,676478972,0.0676478972
0xb7ee3ec90520b34099e9b015640a97180c339772,410432529,0.0410432529
0xb7ee88c01dd57e7e7ae492989c2586efb981721d,20618972448,2.0618972448
0xb7ef457cad8e22fe944a2cad84fdcf0aa6db1314,220634922,0.0220634922
0xb7f09400d74b4e89ed7e31fe97238f057afe4154,36,0.0000000036
0xb7f12042d5e3aa07a10bf2073c4f7a0fd1b47966,9,0.0000000009
0xb7f3fd8d7048a97b16e6ac08c5be0768ed11a76c,92826233,0.0092826233
0xb7f801003bc1aaea87b7e1b048a14f25609d915a,713794,0.0000713794
0xb7feb50b648522a0216e2fc9d654a2369da09961,100971816,0.0100971816
0xb8040da896d7c2eb51d8a4aec430ab1d6e1050d1,23065803664,2.3065803664
0xb8070d71efd3f0dc24b7b0f51c69ccd167e703b7,19811062837,1.9811062837
0xb80fc7bdae367977cd5d5f665d2b1f7da9bbb468,7,0.0000000007
0xb811b00c1bd0df02f061ea0d3767a3e36f862492,23246484,0.0023246484
0xb81a22bd0320ad9d2e1e2a66b041669bb48c0d0e,2,0.0000000002
0xb81d8a9fd7119875e1fbf4520b08990ed003b083,2719358397,0.2719358397
0xb823893e7858f36f8387bb74041000210b055642,3,0.0000000003
0xb82684aed31d663d1dca0e4e6adf01cce3950e43,90971816,0.0090971816
0xb8274b19cd02ea36edbafb10a14c02b0e98c6925,691328273,0.0691328273
0xb828be1d1829b64d91011482b894433cc9679b3c,26958344037,2.6958344037
0xb8295a5abb37489c26e33eb59e1aac337c095cfd,11816,0.0000011816
0xb829a569ce7aabe1727328b381590abffdd650df,3,0.0000000003
0xb8351613034ce5b7a8250aaa4afb96eb2a4620b0,29977133301,2.9977133301
0xb835f2736a2bafafb8e4a250fe130dc08b74006e,8,0.0000000008
0xb8362a188538f30ecf09fc74bc686d6b66ccfb9f,97732,0.0000097732
0xb83e6272d4274bbe3b7a493911556fb86ac7654b,44821810,0.004482181
0xb84050b46888c6698f3793f512c63a1d4c57aeca,990971816,0.0990971816
0xb84426918d52ab96e9ab17c4daafd63fdbb210b2,2271816,0.0002271816
0xb8477d30ba77781656903ce7bbe5431d5b256768,1118831490,0.111883149
0xb848680cfd370efa076d8f3e8101fef6252ba631,124474655,0.0124474655
0xb84af3bc0a809f5b0264e60c9e8222568b3ce46c,2,0.0000000002
0xb84f2022a67ea830b40d897742c4e731ffe9bfee,12504024277,1.2504024277
0xb852f1ad14cb36b867fb9ad13888081f39fa7a03,7,0.0000000007
0xb85b68a77fc1ee2440e6b37e7cfd04d63f49c3b0,16863950585,1.6863950585
0xb861559dbebf5e45f7717ddea56d9fc5d9a415c4,7,0.0000000007
0xb868a704a9ce7346e3f22a5ce0edf337cac27c21,36981378,0.0036981378
0xb87467140a73184905a0ab9cd366c2ca2d1d0577,393997300,0.03939973
0xb8889dc593981b5f2683cfceb082117dfbed8a23,97309380,0.009730938
0xb890fa868540d183ef88a78ada39f995739b01de,4409378523,0.4409378523
0xb8982c04d996dc8e8d3ab50db871b927dbf06b1c,6340601249,0.6340601249
0xb89c8ac1b4d21a7c6243e4ce66c60ef8c8782554,100971816,0.0100971816
0xb8a16dc085f9cfd934e53e8cea71647488f89800,35148,0.0000035148
0xb8a9649eab319c95ab01c2db59654729946d349f,173085019,0.0173085019
0xb8ac6ef01a6191c8689ad756b4a41dcad7021390,9819992,0.0009819992
0xb8b00382e2e4383fbb34287407085fa5cb7ae8e0,2,0.0000000002
0xb8b6e9fae1d0d933992946ecfc009dedbbc90a7c,90000000,0.009
0xb8b703a93cbc75e7bcf055db1acaaa2ecb58d23a,90851081,0.0090851081
0xb8c5c5c27b544a20d315b4bf4e764a634b60387c,459199659242,45.9199659242
0xb8c8672500b981f263feeba7343198c393d976d2,4927212051,0.4927212051
0xb8c9aed31f543d51f01b5f89ccdd2a28f0517e19,98941811,0.0098941811
0xb8d32d8b07292b1d961a757fbb5926505e355e1a,23959136,0.0023959136
0xb8d3add8850f95f36e65d83dfd497bcc2e3537f7,31237298016,3.1237298016
0xb8dcf4b2b5036be6d500d1e7fb8d4d6955e15fd9,8,0.0000000008
0xb8dd472073653fcc5c75fbe879caefce50bb2a24,6944543,0.0006944543
0xb8ddfbdcf40e659a7d178504c6387f8e6a75c13b,6,0.0000000006
0xb8defbd577f2a1eaadf02b3b91ea58ea78e6510c,5,0.0000000005
0xb8e9eff1edf1c7fe54a7cf5f0d9987967f89e7ec,3307,0.0000003307
0xb8eecce5b115cea1dcd30ebd3fef9bacb2b0a690,73327342,0.0073327342
0xb8f706046c87a7d35091b435bd695103ebdc2faf,90971816,0.0090971816
0xb8fbf707d3ea137672ab2962369dcc184385a949,11811336292,1.1811336292
0xb903616908c3156233d88b0696c71521c6cc9f63,9986114679,0.9986114679
0xb9062a82e17966510911689f1c6e28b4dada298f,48093203,0.0048093203
0xb9140f905a0398ebbb809172ab3977acd1687dab,599446,0.0000599446
0xb9171f476752847f25ede4f7aade1b7ac693d722,381299102,0.0381299102
0xb918c3fa2fe01230707c7d7334dcedd929c7f2d7,4990971816,0.4990971816
0xb91b818d27ef5c0de9eb93211ee4fd69740f8723,3,0.0000000003
0xb91be88111af4f96a1f4a7b1bc35b7505fe07b36,9986114679,0.9986114679
0xb91d50baf738d4af8e8f9a284fc195c39fab4aac,3,0.0000000003
0xb91d6a889c3b84cf98a98d370291ccfebe1ff5b2,181943632,0.0181943632
0xb92134bbf0cc8f13f9929c0a461d63e8a8baee2c,1790971816,0.1790971816
0xb922ef770a59597f25ec5cea71746c029aacb199,7,0.0000000007
0xb92587d49eb9503a3538bad95727fbca255b7d38,23490938576,2.3490938576
0xb926e36d439106090be1151347cfb916e44afe00,4225801166,0.4225801166
0xb93545c7c85aa67c8daf09ffce41749178213485,410000000,0.041
0xb93be5d310052896f8a71d6a8eaf6a7fef84b1ce,9,0.0000000009
0xb941fde7dd2c1e129e3e4ae2303102c0407e20b9,1,0.0000000001
0xb94aa3616056db874d681fb8a0748e8b36bd3436,10915994840,1.091599484
0xb94ff6200c62958e5849f5bdf71efccc709f785c,5,0.0000000005
0xb959e219347c97f60b7618996b84d19e52343852,1,0.0000000001
0xb967688619d045b4feb7134ab9a72e66bb900f11,19990971816,1.9990971816
0xb968f274598f081cecd9404d033936754c7f93f9,3007648595,0.3007648595
0xb969639e3cbf1e5a1d753efb2be09de4f34001f7,1000000000,0.1
0xb970de0e2c1dad329a585a698a3f3ca473e8a807,20346290861,2.0346290861
0xb9761ab8b11f666dccee05466ca145bcfdbbe5f8,4,0.0000000004
0xb97838ea7d42ea07fa9f9cd0393d4cca11deafdb,9973544974,0.9973544974
0xb979141e8814d76ad9a15b440afd264efdd56b86,10235000000,1.0235
0xb98b913cce3de1d796581afdc057d89b8bb4aec1,34155588031,3.4155588031
0xb98ead7ec711cc1c82200e2ec905e892cf0e4b08,8,0.0000000008
0xb993f440fee84faa44b1aaaa6155a96a14f6a16c,85804036,0.0085804036
0xb99673cf380a70517b81793faa3ee95fcfa690a2,2838,0.0000002838
0xb9a81e121d8c9d619682bb9ddb6823439178f2f8,25209886683,2.5209886683
0xb9a864b23cc1056f9d6f65f3a4af466b3725dc90,650000000000,65
0xb9adeb37e0bc6333998e066a7458ea0a1ef6412e,1090971816,0.1090971816
0xb9ccea16101820e707e867bcc6d9abe471c38b84,599517,0.0000599517
0xb9cd6272b72efa4c6bc9160cb8c1e9271d176cae,241087211,0.0241087211
0xb9ceb00576a9447c0adca6f9afeb91b646f73569,53419092,0.0053419092
0xb9db9e3280dc7471b4efc33179f7a4168b3d5470,123308488495,12.3308488495
0xb9e5ac939789e2203d93a4872898862d8db4b16e,8,0.0000000008
0xb9e66735d884bd9f0818689797c471e24b93304f,599519,0.0000599519
0xb9f14c7e3ae6ea1e4ff0aff1b4edf17ad37ecd11,3471816,0.0003471816
0xb9f171955d79c7db2ec98993e40abf30b60380cc,39977133301,3.9977133301
0xb9f704e22783d3ccb534c3d73e0764cd9d6e3165,1972229358,0.1972229358
0xb9f987edf468d7da5abc6d14bc9e98c9c0c39195,92326349,0.0092326349
0xba0a1aaa81e0dfba82d54dd11df756b54e89956f,1326837496,0.1326837496
0xba0b338cc1a59ab0e6d4c39e88d5d60cd46d88be,94708008,0.0094708008
0xba1f6ffdd316510f7cb754cf7a4376a7b32fe451,95740483,0.0095740483
0xba2c92368ce10b166576f478a7a0289d51fdf717,98394532,0.0098394532
0xba2f2ed6b8575b34455a6686bd0410f908abfc6a,599445,0.0000599445
0xba3344157e36fad0e9970c290dde870d2364d561,85,0.0000000085
0xba3788727ccbbae3ad9b8cfbdc58d73c0ff5a1aa,4,0.0000000004
0xba39d393a1d1dc27586146df590e69c7002b63f1,45231989680,4.523198968
0xba3b8d01d0d6855deb4756caf2a377b4faaec96a,79040612,0.0079040612
0xba4bfe34e460183679d1a67bd8623ed0631df92f,1784870,0.000178487
0xba55707e286d38a3c9040c71de988bfcc3a82063,2743614333,0.2743614333
0xba6044f3b43106ddd7167d9904a4381daaa1d8db,1305531419,0.1305531419
0xba641e534038d8ccdf76c6a5f7419100ce24852a,2225,0.0000002225
0xba7302b3c2df940b8fd603bec64b0fce520077ad,110949397,0.0110949397
0xba7ac1952db308b0a245bdb14440ca321afbb14a,1785176,0.0001785176
0xba7b6134bc77b79e129e67cb9bcebfa40f871784,7,0.0000000007
0xba8801a8e9f2ed103e89fd5acd605921bfa1cb62,11022125674,1.1022125674
0xba911a89c4051a2c100b78b388a6ef918862793c,188800468,0.0188800468
0xba957d69e66567c507c2c73ca215aa65f1aa9b6f,13701671112,1.3701671112
0xbaa061c9d0677c8283c4cf2b964e05c291c04a02,599518,0.0000599518
0xbaa064da5cc53b2da911c4cb19fe391619735d7f,8,0.0000000008
0xbaaa10624e2f8b6ae256a55101e623c7f687214e,8573646866,0.8573646866
0xbab0e2b20f1e4ea0e18bfe6c65b0bf829a7f16e7,371042979,0.0371042979
0xbaba1e729e5d97c56d6855ca4b5d28ec28e575f0,6890971816,0.6890971816
0xbaba9a44f3e5a5a9939aefb7d63a4fc1f82172fc,94480073,0.0094480073
0xbac1bd6e05fc5075675acbceb9aba6453a5400b7,4586016345,0.4586016345
0xbad3e2be2246033835b475ecd1691cc5f3a29e7b,5,0.0000000005
0xbae11c691fab3bffd7cd50ec7c540c9f52d9a2d6,1591849909,0.1591849909
0xbae1bca335d65e0eb767bc65f8dd1c1d4a640527,599446,0.0000599446
0xbae2697dada498ee391d606bc75b36ea57c1ca6c,23400000000,2.34
0xbae2815b2c15b2ce1bc31e0ce124e3e7af9ed1e6,599557,0.0000599557
0xbaeeb113dc6fc6a67b5a0bcb8154c6b71081d3b9,3911190517,0.3911190517
0xbaf5777f2250ec5e294b6f3dee28fcefad607975,726043807,0.0726043807
0xbb157dd2615f2e1955941544a524e05deca73228,62,0.0000000062
0xbb1796696976d7f259ed83c12a31852b18b4259e,181943632,0.0181943632
0xbb17a9baf1b6e968dd297b0404bce743b867fa64,29977133301,2.9977133301
0xbb17f44948f8851082832e8c5e81622e932275d3,7,0.0000000007
0xbb19052af5fe8ef2acd71775d05315324a0c35d1,21572931687,2.1572931687
0xbb1b91e3269571b75959b5480e7aac5fe70a905d,95311312,0.0095311312
0xbb2a4bc8a959630a7d0448d7d4db5dcfcbb73437,62274170,0.006227417
0xbb36e00c1afa1f9b5557d868bd83eec2d31d2452,65017125,0.0065017125
0xbb36ef3ef8184aba54f9b58c8853d7a782b66598,4,0.0000000004
0xbb3b97801f9a136101927f097c7c1bbf079c43bb,4483356024,0.4483356024
0xbb43c8f298ddb8094529b9708c53b732b3edbb6a,3,0.0000000003
0xbb4c72098378fa549828bced303821c1ce118430,491696405,0.0491696405
0xbb4d1efcbfd02b1490e5d50aeb042ab2d106de39,2152666428,0.2152666428
0xbb52ca978a8a2598e496dc1eed76c23f2400541b,9811062837,0.9811062837
0xbb6330558b9277c8d1fe3757e28a4e55b94b844a,10000000,0.001
0xbb6a566fb75eb70c328a47bb2334ba0e7381270b,9064,0.0000009064
0xbb6c08143840624895c769719518eb59b5af206f,1,0.0000000001
0xbb704bf5d1622d89d2a22e0bc2db9d5beafff44d,2,0.0000000002
0xbb777059731726fb990fac2687fa6c1f2924d4cd,1071917141,0.1071917141
0xbb7bb43af885549f1bbf5724213ee48b40ebee83,6599803219,0.6599803219
0xbb7d7e3341bf213b0d6745c4d83541f3c386ae83,8,0.0000000008
0xbb7e8938608ff62aa624d88621bf225c0657f87d,599557,0.0000599557
0xbb8095dd19fa34caf737c4befbbe9bf239d9a964,20008981378,2.0008981378
0xbb8421f2e9dc8b503711f70e051e19ea4b30f5cb,739337824,0.0739337824
0xbb8a686a368c1fb14ef9afc2b6b5cdce24f3e42b,7240000000,0.724
0xbb91df93136c710db14ac1e356a244b9e3e8234f,57114572607,5.7114572607
0xbb94daad33abae3c7cafb49d7220968bf920f1fb,37131,0.0000037131
0xbb9860c7ce973679e30e293239a49b99747bcc19,29973544974,2.9973544974
0xbb9add131bfa9a6d4e1b685e1e6c5e556d79c1b2,599446,0.0000599446
0xbb9d55c4f807af07a03535170cb1dc5afcd5f2bf,4973544974,0.4973544974
0xbb9e0e6fbe81256c6ac287f5166082dfa4615505,93795282,0.0093795282
0xbba693b3cbdc2266a4f6e6b68182b43ebd579f61,37375330,0.003737533
0xbbaf76e7a1e75d2ff91cbbee96632d577d98a3c3,2990971816,0.2990971816
0xbbb49f9b049a550f8f3d749ad0166332785e5008,5098596,0.0005098596
0xbbb6f9b876405439da3b08bb4f0f387308ecd1c5,2,0.0000000002
0xbbc57f6eca7b537b01b5302cd547d17c79bb70b5,599447,0.0000599447
0xbbc67761c167143caff4fc14544e856c48020577,9986114679,0.9986114679
0xbbc745053fd9cd49455aa5e6083667ed6ca563ff,98898538,0.0098898538
0xbbd2e42613e09be9bbc8bd07d4b23d551da70050,205548940,0.020554894
0xbbd348d8cd2bdeed54438e7d5fe449748764011a,4,0.0000000004
0xbbd4eed3008365b9083d6b38b110f1e251552d1f,19986114679,1.9986114679
0xbbd8db2b4ddf88c2917ed9540aa6c54ccf34d3be,90971816,0.0090971816
0xbbe1c829931a20b180926c7781b9ecb6a4c91220,34822,0.0000034822
0xbbe215182b9eea79b6cec51c89e463df6b5556ba,1159624,0.0001159624
0xbbeed4db235fbd0d55aaf5282f3e437879dec3c5,5887786,0.0005887786
0xbbf3b4f691ca4ef88d26d06caa8a17003adfb68e,19990971816,1.9990971816
0xbbfe8a3c167a84e05852f0c6cee4453ed9a0947b,3,0.0000000003
0xbc1098cd6971a726fc3b8ea96a270ddb80cca2c5,90971816,0.0090971816
0xbc14a79af968ae089164a410f63466202ba883cd,96541351,0.0096541351
0xbc19793b6b23324e16b12640837ada470f1fd74c,662929847,0.0662929847
0xbc1a2701e1e2520331cefd8d9f3ba51a02e28374,97307221,0.0097307221
0xbc1e18a7faa8d8c0ca1da4344dea8b584bfa5eb3,99359412,0.0099359412
0xbc231a099416b131b6d6f1f441ac6daa96cf3a69,92698420,0.009269842
0xbc2358d2321097c5aace0c9ac124bd7bae90a8ee,12162757,0.0012162757
0xbc2e74d7f8744400fb793a5a155c9d9cc4f57b3e,2246250320,0.224625032
0xbc33fd2e750d54e15ffc26f6dfaa392ffb173e8a,9025197,0.0009025197
0xbc3408a08b7adada0e3fb748778fac3b76d0f3ba,2708275405,0.2708275405
0xbc346c154b577d80b927643139e62c9404fe1b47,564728831428,56.4728831428
0xbc36b1a3cc37c3a686f55a1bef419795f3eef545,604641140,0.060464114
0xbc4a9888cda0fab8f95f4b77f2d5b52c824bcb2b,19811062837,1.9811062837
0xbc5319e717660f50b1877aca8d050006c636dfea,39986114679,3.9986114679
0xbc548652621adc0c2fa07ddbac6e42902c12695f,66683350,0.006668335
0xbc575b11e343b989483a6a29e93d1ffb2503ba84,667,0.0000000667
0xbc64834b652300eab1d8bc3922faf2073b856a24,90971816,0.0090971816
0xbc6764ec73699f65b721317378ea542c5feadd92,906,0.0000000906
0xbc7448f95664b85c9ade6ab97182f457a5950cd8,7,0.0000000007
0xbc7e02c4178a7df7d3e564323a5c359dc96c4db4,2829199650,0.282919965
0xbc7e44a0b3a82d710117b09e5f887bf668804c7c,5993344067,0.5993344067
0xbc86a395ef3a0ee097bf7c35cf6b5885f8643b33,4848,0.0000004848
0xbc8da3d9bbbfd5b25e648c51fbdac26f079d0d5a,687233776,0.0687233776
0xbc8daafdd8bf1e741535c17b1752871f8347691b,93533130,0.009353313
0xbc8e7e4e46615a6ec06c16f5805700f77ca43552,22106309,0.0022106309
0xbc9799969b18956af264dea1b514a4e65d34cde8,6135941,0.0006135941
0xbca6e7b49dbb70ed455d369e4af521b69116e48f,71818,0.0000071818
0xbcaa48dfef1d114815c07a91b2c2f62b89f14f1e,10086114679,1.0086114679
0xbcac898d6fc96b8821a164a413dbd7898f3348e2,189592184650,18.959218465
0xbcbbe0af190fb5610ddb7f3bb04b35c3549cd452,135725630,0.013572563
0xbcc7e64d6b522ef804450000f5bb8d944c7ddd01,6563967849,0.6563967849
0xbcca7a280f90b986820331bfbc164bb1f4d6e922,14990971816,1.4990971816
0xbcca7c77f9a0b82d84e36d6cafffba21324ab08a,477133301,0.0477133301
0xbccc4c5855a95f88dd0d356b4bbf9afc536c4f17,90,0.000000009
0xbcce08c0e9293e103010e51f82b23a1f3edfb315,3845820338,0.3845820338
0xbcd4ced4778c91a9a9d8f243fb815428d6b207a6,259859760322,25.9859760322
0xbcd683fa713120827d6dcd459c71307cea5cc311,29990971816,2.9990971816
0xbcd7c635c7cf1077247274cc0ecf629430a295ac,913484800,0.09134848
0xbcda96074512b8d5a75195b525a0d85c9b94b8d6,3977305754,0.3977305754
0xbcdd24eee844868b8b30fc0e3aed4c529803cfb6,99972229358,9.9972229358
0xbce369626a48dcd7e1252c4349ff09d8bf9be46c,3389307183,0.3389307183
0xbcebfc06aac71db05bc071fc32deb95655a280a0,20460628,0.0020460628
0xbcf09f76ad1cbb6a19c8223bdee4903a885aa4d3,100718190051,10.0718190051
0xbcf2600343ac347635a1f3d806dcf1bb0f1d43a7,169401859,0.0169401859
0xbcf262080f2a57bcb503176787b632b01fa47d97,8,0.0000000008
0xbcf51cfb8b0e7320d3f4d921c02470367ea0ad4e,131169876972,13.1169876972
0xbcf8ca36c83146608342288e120392117229dc40,203251557,0.0203251557
0xbcfe0bc066e7d60ee002b3bb2f24e89b6009cd7a,12675600821829,1267.5600821829
0xbcff566f10e135dfe8cdc75a4f53a2a8832917c4,85803950,0.008580395
0xbcffbf9bb3e4f20689d6e03d68eab38ffa006900,132827407,0.0132827407
0xbd024b5fc235e571f5889dbe274561f3dcec21ea,364447,0.0000364447
0xbd0665baff51553474a2d310e1c164b8c750a5d4,50990971816,5.0990971816
0xbd0b0d5cb6fbc0b169bb0a9a0bfc7d3584ace8fe,448410787,0.0448410787
0xbd209b6a11bba7cacd22d285f01f68a50c28c255,251,0.0000000251
0xbd282c7237a0749ee5c25b5699d6a312b9902e0a,30766140885,3.0766140885
0xbd40eaa6365abfc9850848a9dd7532bf735331e8,10904998889,1.0904998889
0xbd415e72040d185b17e94adbb3b1e34be762ac19,97309807,0.0097309807
0xbd47587a78909974c14aec5fd5dea9704403adca,9,0.0000000009
0xbd47a345cfa680ef97b2fdcc2801cf9bc41b3cfd,9232094964,0.9232094964
0xbd4c5138a4e2b8eb151aba6010c664a688953194,2326316391,0.2326316391
0xbd4f95c651cba0f69b01c6d6977eff698b5e8b45,6,0.0000000006
0xbd50183133bf4124bf27ffb55ec3bbc2dd54feea,85801357,0.0085801357
0xbd50d434771145d937b9703439e2510b78376d93,229124161,0.0229124161
0xbd5339809866d97458037e55496e00523abeffa2,4,0.0000000004
0xbd56ae4a9b9a63bdb3dbaee502e4e951a2d031a2,8,0.0000000008
0xbd5bbd91a1773b98077d65fb252d07afa9c14746,29500442837,2.9500442837
0xbd680338b781ccbdaafdf25e902f54b4a4974600,381995726,0.0381995726
0xbd6991738c74cc8cd1cd7b6f2182c3f9595b03c5,95787628,0.0095787628
0xbd6fbefc42b7092879333572cf76dcb9f135b572,12406784,0.0012406784
0xbd75c10b8e736777a7ab0263b92a12d7e804ae00,6,0.0000000006
0xbd81acf98f38e8ec556c53f6a5eefb09643af785,469344750,0.046934475
0xbd92f28064fe0ee032f155fbce912508c60f3d50,30531007,0.0030531007
0xbd94a9178057c6f1810d0853bb6fec66a4d14c88,1000000000,0.1
0xbd95cd974df8a0a74f07b3bdd7e4a3bd57c3b2ea,90844102429,9.0844102429
0xbda7c20658b8e9653a6e6bd8b447b981b39a6ff9,1,0.0000000001
0xbda939d49e1d8e15978ac72edf73292397f72bb8,36878,0.0000036878
0xbdb67659fb3d366ceeffd3c9b8b7477d8a40bdbe,92698434,0.0092698434
0xbdbaa23ddd194e373692dcec4a40de493d3a83ef,16117748869,1.6117748869
0xbdbbeee5520e902903bb5ac1aedaacc76d819958,4304,0.0000004304
0xbdbfdf3e82fc9d2be1352e252ab1ce2287fc2122,3,0.0000000003
0xbdc211d368a5f88a5950737768fe5575570b644e,181943632,0.0181943632
0xbdcbdf1e1d78ca1fb156ef49899d32f139b96821,599562,0.0000599562
0xbdcf1829b0c1d82c7ee320e3f6b673d9b4962da3,100027376461,10.0027376461
0xbdd2121b0ea1cffa813c7feb6674a98263c7c63b,202633,0.0000202633
0xbdda00270833179b7c5a968ca4ea08db41dc20a3,94713677,0.0094713677
0xbddd19674f27db6b00fd3fe1cae76325fc8d5667,13005484221000,1300.5484221
0xbde7a3027503d38bfa2bcf2ee15703028ff5cd0e,44883384,0.0044883384
0xbdec90f48e89e2a8b3a6b47a93ef2121673bd766,490971816,0.0490971816
0xbdf29572743c764f12873de47e4b4a4a15fb1c56,690934682440,69.093468244
0xbdf94533ed3e749731c558b9d0e32061dc76ab9f,9,0.0000000009
0xbdfab9d81b5ab4fd921846eef86ccf95a1bc8eb0,2,0.0000000002
0xbe032f097c6e83be035e1e78bd20afdcba704034,7,0.0000000007
0xbe0ca032f90537691b8251e84d404dd31d894ee3,8803537768,0.8803537768
0xbe16892ed5185cbd69f3f2708de5263645240a65,1,0.0000000001
0xbe17bd5a8ab4c976e101e8c6832fcd2c57e10593,437652,0.0000437652
0xbe19479be9ec4f78d3da0e92ef640c8d6354f7b1,36167,0.0000036167
0xbe2021cfe9fda37c7b1a1c4b267e912e94979516,25384790357,2.5384790357
0xbe2569765d6bb73cff7961738d56848b2145de6d,3,0.0000000003
0xbe28b2c9c24fca9ba0d91f1b874b03f8db87fa46,154799089,0.0154799089
0xbe3785bc8121c257c0ce8fe3e9e81a91729162aa,19990971816,1.9990971816
0xbe3c90d34b757587c62852dcd57f7c8e1bc5547c,233086352031,23.3086352031
0xbe41a94133118a97a9baa00e01ee335786fc4a13,21430874679,2.1430874679
0xbe465e70003066cb2c528c32ab466ed81b0a7f0e,1,0.0000000001
0xbe4bcc478e5d539da2548f0a387060fb31be287f,94478964,0.0094478964
0xbe5a7b2fc212767a811b5fcf3f05598100f06c99,1355012074,0.1355012074
0xbe62d6e65ae91eaf9896fa6e61cdf32893557eb4,7,0.0000000007
0xbe66c408cd7430dbe3ae990c6feaa1f5f636bd7b,1335181219,0.1335181219
0xbe6827bf424f9c01c654f6af2e7e12b8f630b2b3,3836205552,0.3836205552
0xbe68a426a35269fa49dd2bfa3c2af422a3264ef9,101567000000,10.1567
0xbe73748446811ebc2a4ddddcd55867d013d6136e,28063887264,2.8063887264
0xbe778fa0b2a890b08b8368a289107e06fc672c2c,90971816,0.0090971816
0xbe79fbb6418f9f98dd247f2fac79d79a815f5088,1013653004107,101.3653004107
0xbe7abe5083ae893f05321c17bfb5a42fff7f3888,378526742,0.0378526742
0xbe7b6374e7535e7fcea72b60ddd8ea33bf8fe0e1,599518,0.0000599518
0xbe8572dbc32db091715e3f55dc913fd3b05173d2,1,0.0000000001
0xbe87a0ff3808ef9e26b11443ca203dc4a7e4ed1e,75073460775,7.5073460775
0xbe8f6bc7421ada413efbee8e951d4685dec90af7,25522125674,2.5522125674
0xbeb0feb5fbb736808ff5850ff7801b7b6da07ded,94713680,0.009471368
0xbeb187bc094cf89f9dc31a24e611efad15d9edce,14222734024,1.4222734024
0xbeb3f40f809f51224d528b8a92915d68ba4a1505,3617072902,0.3617072902
0xbeb439195367d87184733badb1f4f26a7df9c576,1,0.0000000001
0xbebd750e98424a1778c25629d68442b079a0a7d8,398467737,0.0398467737
0xbebe67508dc56dc634a4668c1fa723fdddfff6e7,2990971816,0.2990971816
0xbebeca25c74ed85fbc90a813096537a588baa97e,90971816,0.0090971816
0xbec6be928dd7d1435300007d0bf45f468518c933,147,0.0000000147
0xbec6f3fda754624cc4904124c6342cab2a04e3a7,1981943632,0.1981943632
0xbec7d878bfbbcd2087f9715b0c0534881c552d1b,1,0.0000000001
0xbecb4ecc92883f463ea4a2464276b165757985f4,44,0.0000000044
0xbed050c15224a53a12815fa79f2b1ef431887eb2,3511062837,0.3511062837
0xbed2bc34584ba3c367d90d2befcf0278e4031d82,38700282,0.0038700282
0xbee2593aaef3fbda50f7f8d6e420467222765025,100971816,0.0100971816
0xbee45ef2deb682657759a1d4e42ab51e3799a775,917291,0.0000917291
0xbef4640b647b37e20f76f1a8c766bb4b3fc34c09,64800,0.00000648
0xbf0035eadce83560779b1f91fa1f013aa2fe28ab,8,0.0000000008
0xbf010ba8805f447138ed5e00b8f9d6ae84f86ed7,8300000000,0.83
0xbf0a76f2cd054c7332d6f6ffbf2b3f39a64145b5,10091874636,1.0091874636
0xbf0b56adb8466f8332b67c2e39325c6b9625861f,6,0.0000000006
0xbf0b63e287d10b25cccfbc46654647ad10bf47e5,86921718,0.0086921718
0xbf1085c6e74367eb376f6f942e2c3a0814502a52,37198588,0.0037198588
0xbf13478d714bd272b382243e4be41b4ab6237adb,810136,0.0000810136
0xbf203eaeea4e887cc06892b7358f8028419b7900,192829823638,19.2829823638
0xbf251df2c5085dfb21c804774a1bf32480b71b2b,8,0.0000000008
0xbf2edaa796e43affffbdd632a25e9df9cffc59c5,93795512,0.0093795512
0xbf3d2b83e71dd423241e41fbd2f958cd68264ccf,75214506,0.0075214506
0xbf4db98dd594e30c77674b31776b6558510e81dd,5573113,0.0005573113
0xbf4ebea7279de8517f60bd5fdbe9aebe03de90ed,8,0.0000000008
0xbf50cb46b32174070ae9efc70c44b80a8e30d5cc,211461384987,21.1461384987
0xbf5587b133f93f88dcc44df645f66475dafd9bbf,1137027247580,113.702724758
0xbf710ccc26b00e2a8d6b48c5be5d6f3c3dcecdbe,2,0.0000000002
0xbf798eb47a8c96c4c08d9cbac00513130807e48d,14455306,0.0014455306
0xbf916345eab3f0b1063e64195a2f7aa022fa8b9c,3811062837,0.3811062837
0xbf948f75fac547aafdbe3c8fc80c32203a388420,29899583,0.0029899583
0xbf970e507672b30abce90bde4520e3939d423adb,45361,0.0000045361
0xbfa3366c602a3f620b709e8d9b1c4aa2fcc60248,100971816,0.0100971816
0xbfa4cbd72a5f6560d7bf35ae8e56db1209098980,2,0.0000000002
0xbfa50687fd56640d136089980ac9e0fbf86042df,3986399025,0.3986399025
0xbfa80a171c1123a6b2807b67b6d434d889eaa485,599557,0.0000599557
0xbfa9d124888eb97e4598a930aaa050e69d685131,11062837,0.0011062837
0xbfb5458071867bc00985bc6c13ee400327ac5f97,1172915448,0.1172915448
0xbfb7b5da54d10d87b7c14615bfc8d3ba29840472,11062837,0.0011062837
0xbfbc373ace16df1d5bc63ba2e6ada91446448a5a,1781450337,0.1781450337
0xbfdd59eacb227c5662fcd6ac3a1f212d064441e5,66090481,0.0066090481
0xbfe1efa782028779a9559e9ef6af483822b0fed4,2,0.0000000002
0xbfe3fabc6773ffc99b81e69bd030d94c4ff20b39,2833707,0.0002833707
0xbfe7c12b55b3d8feb05aaf5aa66da841001e6573,2,0.0000000002
0xbfe98ba61eb224f657d392333f213f6d75cc6972,10,0.000000001
0xbff1db66371a3746c2fd1763091d5270125206a7,15127281156,1.5127281156
0xbff38b22b7c320ebe67022f51e4109da11720115,8213229486,0.8213229486
0xbffd9cd172b8e8a5263156daf5ef8a71ee89421e,47379026,0.0047379026
0xc002a3e264235a16c79db4d6a5772d14cadae98c,7,0.0000000007
0xc004ba8c2db76bcb6679d4326e5cc76ff115731c,599516,0.0000599516
0xc00ad755a2a5582dee69341b1b014e2add575ef0,95740487,0.0095740487
0xc00faaed03a511723e9a1c1b5d5a1f6b6e30f3cb,58203058300,5.82030583
0xc01a7ca58afc103a616b4d603f9857260fc66567,11359869784,1.1359869784
0xc023df1157480f595d53b681357de50bdd1cd02d,145506350826,14.5506350826
0xc027b3fdf0e71463d7acdeaf7e6ed5cd566a5b9c,2761,0.0000002761
0xc0283656843a6fdaadc08fc82b49698714cd1e6c,50990971816,5.0990971816
0xc02acc2aad3c47a903fcfaf69fbac4373d06be40,22807089,0.0022807089
0xc02bfc8c96477d82ae78d3212b802c4bfc820f90,55302,0.0000055302
0xc030d72bd73ac27dd34afa0aaba6e982ada76f0f,125,0.0000000125
0xc03876ddf9fbdc47ae66bc4c7a639f0d78d90904,902116234681,90.2116234681
0xc03cc20f875019585ee6d62166f1518f191c741a,9920109832,0.9920109832
0xc03d4c50b27243500a6e4ad74cdb8d4190587389,7,0.0000000007
0xc04a8b89d58d3dd233e6a2f0d50469b2f865ecd6,19609123450,1.960912345
0xc04c44ecb57c8dfb26bc232b70aa5d8b610c7d4a,89070466744,8.9070466744
0xc04e7333dd3e5b27fab9b22d45963124c31ff67d,2592296,0.0002592296
0xc04ea5064aec15db9a7d712d4c5e405c8753ef57,381076196,0.0381076196
0xc0558e9197121bb6c4bdf97cd65e73d0c27a6cbb,95740512,0.0095740512
0xc05a5d1698a353ed8be5b2b06139513e73bf7fdf,94614957,0.0094614957
0xc05aa471f3bf88c940812d17a7630f620f003778,5600843261,0.5600843261
0xc060378518431f633b2e0b4d5af1a8cc8dc55914,55990971816,5.5990971816
0xc060fcecbed0dacdfc76eb74177f7368c788c676,4,0.0000000004
0xc0628b9a751120a91e2013bca53f353d5acd5f31,2,0.0000000002
0xc063cd5a45f05cc7a1cce102bb8309c214ebef39,594970979,0.0594970979
0xc06ebbefd94032b85424d51906e2a335efae264b,49090436961,4.9090436961
0xc074199613ae34054fbcf122d2df34846a5244ca,9986114679,0.9986114679
0xc075e59c65d81d28921934deb76dc52619efc416,8,0.0000000008
0xc086d7defdfcc8571a84fffe6c422ef01e326f31,6421307878,0.6421307878
0xc08c0bd11674c6e30d212a6d8df181afd9aeaf18,599113,0.0000599113
0xc09214bdb0d9281969bce0ab7cc0bf9a29ae6dc7,10000000000,1
0xc09daed18c00b59bf77c63889ecb968e40b0c6e0,5000000000,0.5
0xc0a4023caa33f9b41d92c7e35f04e65a8cf98c82,13513,0.0000013513
0xc0a736fc46578a9d0cb5595f19035da934755cac,2008467615,0.2008467615
0xc0aac4ec8335d78dd049ec5d99178106d7d654fc,488971816,0.0488971816
0xc0adfd401d1535156c1741f7ed32e50023c8eefd,463583083,0.0463583083
0xc0b30f73db74c68f88918ecf7511ec1ec9ad6537,100971816,0.0100971816
0xc0b62f4c3dbf3a31a259d69e2527f8c41e5b834d,543862729,0.0543862729
0xc0cb99b0e835fd47f394cacd72a595e5890bb044,41239,0.0000041239
0xc0de55268a5078bf3f6f8164610b536aeb01a7ab,93377698,0.0093377698
0xc0df17418c752aa046de3d2f082315dbae07dac5,17945,0.0000017945
0xc0e414540e3c2c62ee04269df115db514cfa0326,929880161,0.0929880161
0xc0f10148a60c08245ee5f287618790c7852152df,100121956,0.0100121956
0xc0f97075384f7ecc377368f76135052af3676dfc,1000000000,0.1
0xc10898eda672fdfc4ac0228bb1da9b2bf54c768f,37990971817,3.7990971817
0xc109da6596bb2f75cf7616f466c782b855bef189,39947089948,3.9947089948
0xc110e4201e9c5f7cb40e33eb1ab583a5d25fabc1,90971816,0.0090971816
0xc11751ec689adf0b3a99d12257f3310295713130,9,0.0000000009
0xc11ecf0bfb07a66f60b4ae62d2f202dd6dd1a781,4,0.0000000004
0xc12810d733f294ae7959724da5e97ac4e24fb1ab,381295485,0.0381295485
0xc12d78a4c088a13ac643300e93bbfdbe25fea1cb,90971816,0.0090971816
0xc13456a34305e9265e907f70f76b1ba6e2055c8b,13065172462,1.3065172462
0xc149c51d0e4c382ee35c60729c5ba5e1768651a5,681304,0.0000681304
0xc14bb70a5d35c796c7510bb6a5c8741aa2742178,10000000,0.001
0xc1550345956bfd866051982b3e42d72cf2c6aea6,990971816,0.0990971816
0xc15c667ecd9bcdefd4857bfeb04a564f0930f77b,9,0.0000000009
0xc15f45fffd90a3350756c4dbf6e8ef0e46a8e196,90790988275,9.0790988275
0xc1644abe2efab7067f6baaba23067e45b69625b8,74179254,0.0074179254
0xc16a101f220d2d48c9a5f08c4b830774a9585172,37920635581,3.7920635581
0xc16b409d339514fe561f8fd236be1ec5d8078d65,916500,0.00009165
0xc16bf23a6e1282298467ed76af912b9e9108431a,454201876,0.0454201876
0xc16d07ed4e41d1f1e3bf32ed1c27d1d14d214e1c,861141788,0.0861141788
0xc1704a4220bc946f675aaad5442a566efae4eb88,2213342,0.0002213342
0xc1727827b006dcbc23b8dad60fe6015f0b7ad5b7,3541,0.0000003541
0xc17972df116c4da7c61e42188c2376439b753419,1,0.0000000001
0xc17c457ca74181e94612305e21f2a25dde40984d,10000000000,1
0xc17e6a94fa83a9b92756713c83876ae67e108727,1000000000,0.1
0xc181dc6f6efd45216ac9d7c806e267d6e7910ec1,28032555647,2.8032555647
0xc1846da17f847b98c7eb0d7a5d76f77705d069a1,209,0.0000000209
0xc18dc77e3b6c1d534aaee2c5ce196430348e7a95,3399973544974,339.9973544974
0xc191a29203a83eec8e846c26340f828c68835715,1943632,0.0001943632
0xc19342f17137f02e0a88ab445e1c0a3b76102c2c,44496146,0.0044496146
0xc19cc9c47f91b727254f1165281bc62bedb01313,6,0.0000000006
0xc1a3ef8f92b5afdd09800b50ef46b1962efe37dc,30816,0.0000030816
0xc1a59841dfd2ba17e4d6526d0a0b35edb6159163,35786151,0.0035786151
0xc1af060ab8213ad5ee2dab1a5891245ebe756400,1033553950,0.103355395
0xc1b9d10e012fda488cdfb336ac0a54d1dc403c03,60137,0.0000060137
0xc1c301c32323e9d03668da6ea3574e96c1d0bcc1,61227006,0.0061227006
0xc1c64d410e85fa2eca24d57b4d0b0d5524c24de0,176663319,0.0176663319
0xc1cee4898809d5240baaf4c1b4313a23746aea91,4046118032,0.4046118032
0xc1d0bd041fd6e967187e252a8660e73260cefcfb,103975427649,10.3975427649
0xc1d65be8eba7cdcfe4cfee00b4ef7f5cffcd96bb,9,0.0000000009
0xc1e4202b62e2ee8960913b917670a8570e35fac6,3,0.0000000003
0xc1e567028751882b5ef37d0ef422da619727db8d,6,0.0000000006
0xc1ebb54d6ed74b993d3199ce2e9c99d04cbbe998,2189199951,0.2189199951
0xc1ff3e6e2f1c5c0666dd171d72bda9d26b1d1f30,59981943632,5.9981943632
0xc1ff85c123290878d8fa84bfd123b3c81909fe22,197685945,0.0197685945
0xc202353e969dfe0250636115d0003ef15d1164ad,1,0.0000000001
0xc2030e0f4cefe639462d2310df2c7d3b5dfa605a,9,0.0000000009
0xc212d0a4a18f35aeea2a3045778d90554785255e,37775,0.0000037775
0xc2153cb24c0962df0a36cec03b68db815e67b445,734223,0.0000734223
0xc2161ca9232bc7d15eda90fa35f64c9219e01250,67433244,0.0067433244
0xc21c23e7f54bd5350236e4d68d01e2c3d95f7447,44974,0.0000044974
0xc2210cfb6f255d17608f88c9ffb8a9711fa07810,93768965,0.0093768965
0xc2292843da4ebd5347fb1ec1d0e07b625a12e090,1,0.0000000001
0xc22b48f67abf739d4dc2b79b668cf017b5e3a745,3,0.0000000003
0xc22d10c8b659e32d86627711faf7d83bab95b01d,6375,0.0000006375
0xc2337690c0c5f8bcc5ce43863d8f7505ee69a1c4,71127,0.0000071127
0xc2375dee9d1fe65b7305270f745fc491e4470ba9,1441645385,0.1441645385
0xc237a194b4e84486266fdecffe0f5e7c483b5726,599517,0.0000599517
0xc23d6746858a451a592c95e39a87e7ebc754ef71,100000000,0.01
0xc245c42d079a3a1db3545ee34a2c093e04980d67,3485515,0.0003485515
0xc246c1532c6dd86acdb4349d729d864afe73138d,55729449,0.0055729449
0xc2519902714d94bc6c572a0bc5f120ab30075e04,2,0.0000000002
0xc251ed363203861bb1403c9a3b003418186ff83c,10790971816,1.0790971816
0xc2521c211029c86366e62d051b3ae25b897dcad9,1,0.0000000001
0xc254f5c01053ed2adf35bb776917a633df81e0c2,256628222,0.0256628222
0xc259a95e717ccf5aeda5971ce967e528fa624bc4,640574998,0.0640574998
0xc2831868e51676d4dd379d62e92fd05a0db56c2d,4,0.0000000004
0xc28f23f37e8356ba9b45eab7b057176fcbb067ec,8,0.0000000008
0xc292463b0a3e43a0302d4cd6317db50976decca0,5093165,0.0005093165
0xc295aa4287127c5776ad7031648692659ef2cebb,9767360219003,976.7360219003
0xc29726d683a53d663a8a998a7963f7aece3d344a,284339528,0.0284339528
0xc29cac181d0e70ca394ed0ef3de0f4426552b957,10003760780,1.000376078
0xc29d9b4ea9090f38434b0c016aa9952582829823,2058,0.0000002058
0xc29f54fac5905829e4c9fa6273c9e327b098100d,1746680260,0.174668026
0xc2a3ed94bb8ebeeec20498163f0bef9f3d3d6985,1990971816,0.1990971816
0xc2a400609c678dec59a08db9fc787fcc6f357249,23076488,0.0023076488
0xc2afe5e2d89fd1e648a915f3575275b39424d906,99986114679,9.9986114679
0xc2b83d21ecd0ac8f474afa8dbf1b7a699d2b1b44,89639255,0.0089639255
0xc2bee39b780ff9b6298608dc6d5e12016d22b2c7,75676,0.0000075676
0xc2c06e48186024b4a73c2e2fb2ff3d93e389c183,4,0.0000000004
0xc2c13ac75e591f1ca55ef4eb6c771ac5a8b8ed27,119986114679,11.9986114679
0xc2c80c983feaad6f6564f5549d7327e37b639944,24951170,0.002495117
0xc2c95ecd7a15c78ff7173b3f46b3dca707714606,1990971816,0.1990971816
0xc2ca4eba9f2aea78c06ac616f3d9c0cce1c17042,1083410887,0.1083410887
0xc2d34ce6641ea8868d2d3984df419538262ffc40,60571855727,6.0571855727
0xc2d6416f5be67aacbcd516580b36d06884e3a2e1,9973544974,0.9973544974
0xc2f09348cf190fea6452c99d07b5f71882430d64,899,0.0000000899
0xc2f10a019d795fd369b61bb56579729af4609046,749644993,0.0749644993
0xc2f80532d028f42d70b5987a3abc6eeaab1f5ecf,265993968,0.0265993968
0xc2fb595f7718313a66079afc7b46337885af7ff9,40160294726,4.0160294726
0xc2fbf688e263866fb532667fd4069ff8778d6b40,10971816,0.0010971816
0xc3015f17456f66de167de7615f088fc09ff82dce,81943632,0.0081943632
0xc3118cd0fe270e9e826082d487e19b91a7e8fd2e,2,0.0000000002
0xc314d8b7ce43de4fca3f8d990bea4f6812ac77b0,1125000,0.0001125
0xc315ef1517597fa2e196a48d2ec5d1f2887eab1b,1,0.0000000001
0xc31aef75736e4c87790c51f2e06e3afe1d89252d,1,0.0000000001
0xc31bcb6ef79314029bbd2531d3475b93ea3c1076,73544974,0.0073544974
0xc322150ad327091351af0c64f82627098cd04924,5,0.0000000005
0xc329c90da8cb31f509304d283022e041f011dda5,13357961967,1.3357961967
0xc32d27aa6850bb41f4d0655963b4e08dcdaec150,81967836703,8.1967836703
0xc335ca020a7ab9bee98fb3dbae852c68d717817b,7,0.0000000007
0xc33f049ca56f801c48796362764b1ed65beab4ad,25735671791,2.5735671791
0xc34007b8d30ad5108628857d456e3ba1ae05ab06,3541062837,0.3541062837
0xc34380fb3c3cb6cbb71a243b007629c0b0c2ee01,8370960,0.000837096
0xc34523c3d0f9f85e4dccd4cbc102f05a719792ba,2,0.0000000002
0xc34ba7f7aee19885a7bb83b505fce198ffcf6d77,23462771,0.0023462771
0xc34fadc5871866491acfb28c33cd82955fafd1f9,179682680,0.017968268
0xc351e61a2b394449c277e9b4cb45fdcca7e1e843,90971816,0.0090971816
0xc35b10eff96e8d89fcc4ba25ccb41ee830803aca,25970634575,2.5970634575
0xc3622742a0a1635e2aca62308b858bb364446db7,28055156,0.0028055156
0xc3670904f67eb2b94fa36d576ca611857ea5e927,641784,0.0000641784
0xc378f8409fcc14132bb63d2fa74a0c66cfaed69e,6,0.0000000006
0xc37a6e1a5aad78d3b73b3c6c86aec5ee312e4bba,599563,0.0000599563
0xc380be389ac16d70d88d16a1dc07b0447818b8a7,10000000000,1
0xc387f9dcba643fe369558188cd263789e5fa713d,98719,0.0000098719
0xc38878bcb7b3e2513172a7946ee83f60a0ac29f6,1,0.0000000001
0xc38ec4f6b3a9b02f84db9d682b68265e4c8307d2,75868378849,7.5868378849
0xc3952869c41b1ea4c1a12d1574d90eabbb94933c,973544974,0.0973544974
0xc398f4c0e22c86b5997c089244f8e335ab3edefd,12990971816,1.2990971816
0xc39e2dde19e872040c8e6a9a2c46c3dbe38fed00,905,0.0000000905
0xc3ab2c2eb604f159c842d9cadabba2d6254c43d5,971816,0.0000971816
0xc3ae8bdbfa1939c6e0e15e72d0ec0b9c405555b4,5,0.0000000005
0xc3b68ea4606c795c58d5c17c24d90078d3ea5b6c,2168421,0.0002168421
0xc3b9b2e811bd1a084f73ce3c15fb30be53a99186,7751971816,0.7751971816
0xc3bbccdb299f9ed65ad7eabbfc9d8754929e256e,8855360882,0.8855360882
0xc3be9f54e9a6e142af15ee2b50fdc32b9939ed7f,5,0.0000000005
0xc3c5f3dd6ca27c3b1ea164bea7f15b5963dac64a,85804018,0.0085804018
0xc3cb7f61fdec822c2d4967cbaae7c9da22729cb4,94713663,0.0094713663
0xc3d3e93fb563f890bd33cc267fcf843afa488320,32024661,0.0032024661
0xc3db2e90ad4cadf9ed01a9203df4b15043df0679,7,0.0000000007
0xc3e134c9f0f8ed246ba13af84c45ca138ead7094,6,0.0000000006
0xc3e1a611373fb338d87d7c343beaa6a3537044ee,7585496139,0.7585496139
0xc3f33b44c91aac84d0e7373e3e3aee81f45b8c06,191509411,0.0191509411
0xc3f439fbe8a94257c314470aa590b4aa54d5901a,239467942262,23.9467942262
0xc3fc8324c6520ef463c4b4631854f9a2c9f239c4,2,0.0000000002
0xc40c8748715e1aa98d6a6afb88c9b78052576d74,19769283387,1.9769283387
0xc4137cd4fe5b811c77cb3f0f0eba28755e96099e,9,0.0000000009
0xc4184dc67c354445a23d5754ed2a7ce2e7900b05,35782353800,3.57823538
0xc41a5f1f7b1ea7f0f565561e958d9b0d51c482fd,11816,0.0000011816
0xc42e0d27c4f4e3eaa01b6ff22796eb4acbf89126,8,0.0000000008
0xc42e8ea829f99767c7773c293a379ed44af8108d,72812920927,7.2812920927
0xc42f6b4d448a3d0b41d4125aa3de003b61d67c80,14990971816,1.4990971816
0xc432f1732083b1abf2c8ace7145ecaa86d40fa20,94604148,0.0094604148
0xc43a861ef24c6f3f69b7b33b486e66a1bc75f50e,129267706,0.0129267706
0xc43e92467a538f6544c6b2f5248933e273b15126,2834,0.0000002834
0xc44525f0bd31d876b6654b14c673f7648421da9b,4972229367,0.4972229367
0xc447f2615a34929d81fadc6c76d357b09a8c0f98,29418671588,2.9418671588
0xc448aca83d747fdec299195bcc743d8bb847984b,9116517838,0.9116517838
0xc44a354613e7bd6768f491ca233eea930c9dd230,49990971816,4.9990971816
0xc44b33e259b72d80e51b9af56313707fb8ebb964,1,0.0000000001
0xc44e0100fc205fe2b698eec05847532b5337ccf6,820861,0.0000820861
0xc45be993affc81e22754dfc6916d02615919586e,2,0.0000000002
0xc45eb77421eb50d11099672e3a1d1d31e1e081f6,6373090542,0.6373090542
0xc460494781fcf57dccbef18fb58605c5e170314d,11816,0.0000011816
0xc46b19ffa9caa62f7931f8fceb273090614aa67d,20000000000,2
0xc46bc847d0b08549a41487fd7b00c1c0ac212d02,4989266602,0.4989266602
0xc4779b8ad39c43ae4051e9ca56cdb90904feaf71,89291214186,8.9291214186
0xc47c58b461734adae324ca41566f5f4ba9d9fea6,9977133301,0.9977133301
0xc47ce9d5668132fec8d569728817a5f76b900679,5,0.0000000005
0xc48308910daaef1da77ea92ccf7f904bfdf54164,385039908114,38.5039908114
0xc4836e634aa0da9cd359e2ea84112e2369071e34,62837,0.0000062837
0xc487bd74d384e2596a5068379beb181a69177b93,1226322562,0.1226322562
0xc489a44cabe1118fed66ec6db27cae46e0040252,9973544974,0.9973544974
0xc48e307d6969ade25ea283abf64f83880667882a,98051,0.0000098051
0xc48f0a509f8d7ef050022a78df5fefa0fc3a2feb,82349284,0.0082349284
0xc4a98c08258e38a7780c52efffef403421e9b1b1,10493046649,1.0493046649
0xc4baf66bad0bc04f37e600dd9741d9d735092c87,968813763961,96.8813763961
0xc4bf3324ed836aedd11e2bb553e3546cc9de8924,10768331111,1.0768331111
0xc4cc19c7a53499a9c9705dcdce61bef47d46015b,5,0.0000000005
0xc4cf3cd0f841c6f5affa1b642166d157abd3d5d6,35032195214107,3503.2195214107
0xc4e198af326c122335c278e75432963ee549ca23,10000000000,1
0xc4f2fb79a595111b178902bd5df49dc288e323a0,11233272215,1.1233272215
0xc4ff97ec0371b749da37b64dd922083ba0406e31,2,0.0000000002
0xc502b2d74c10d25b7bb0b88dd4736c9bad4bb11a,300000000,0.03
0xc50b68dcbc84caf4d02ef3f70536eefd95b21bd5,98597571,0.0098597571
0xc50d2b209574a8ce21769ba779c285c7579b7f70,93219218,0.0093219218
0xc5173ad3ec7057868e7f6abceaca6fb91d75ec17,1,0.0000000001
0xc51f8713c4845b0c1b341a9914a16196a3d9f1ae,5040,0.000000504
0xc5231c66dec33cd6885622c9edb14ec7d7181da2,49990971816,4.9990971816
0xc5266f8e5f91d38c52e6eb8673d80ac7cdd48532,5990386575,0.5990386575
0xc53af2d763e660f337c54bbb05d8cd6c23c7c31d,1155478515,0.1155478515
0xc54058ce1d12e0c806f9c17ffbd1add938e00b2a,3071816,0.0003071816
0xc54190fd2fceea8167b1b0b42f4514d4f573db89,5000000000,0.5
0xc54251d2e3e083aafb75abfe276baa535ffb1085,11816,0.0000011816
0xc542a58f6583a47273c86739481fb3fcf2f68feb,381171666,0.0381171666
0xc54ed1eb1b84240085dbaafc436b649bc05e14c4,31724400,0.00317244
0xc55acc2efffe3d1b04dd7671e6a48dfa97a3cd03,5,0.0000000005
0xc55d35af6a5ff6299ef3fb8632bbac6cce17dc8b,5911096389,0.5911096389
0xc563d8cfcc4f747ddbd7b7f9b243f7ff0f4108aa,7094039015,0.7094039015
0xc56aaddc4dd4d0f1268c9b19242cb6d437e1f018,10000000,0.001
0xc56e69c5412b9629b4418eab6b9b94820eb8be13,199945253399,19.9945253399
0xc57b460d45191cda0f3a9be35466ea353e4cc033,99358869,0.0099358869
0xc57fb6cca803a74ae29bf36746694aa8602aa949,6104261649,0.6104261649
0xc585bcd2073db508003513933a3b32a8ec84a7b3,18600822640,1.860082264
0xc58601ddb27f10c7929610fbfa83abe565026555,3517219733,0.3517219733
0xc5881357b11866074c0b46081ec586bf79e9914a,5,0.0000000005
0xc5a4cc6498b7c9e5eaa89dd07e61dafd8bfbc7e1,85800963,0.0085800963
0xc5a611b7ead0a96dd561866866b423e575cd240c,199973544974,19.9973544974
0xc5a8d24315bd826846346dc98787b0d8b6610323,94153785,0.0094153785
0xc5a9da72fa3794b99c540491310df548a63d36b3,2990971816,0.2990971816
0xc5acec3dec4d75dd061d61a9fb46784560a91c8d,7,0.0000000007
0xc5b0adf3c0d445c44ffe93dc8816d12ec5004b11,2,0.0000000002
0xc5b46e23ee6603fa80eefa4331149603838f89c1,6249851350,0.624985135
0xc5b9ee6e449f15aa1d901ba85ec082b7ea753723,4127980091,0.4127980091
0xc5bb39a7f0b79e9e1a1e87e7d02eb5eff843098f,4,0.0000000004
0xc5bd02d83e87fc8aedffd6db2c4b613cf972109e,2971816,0.0002971816
0xc5c2b55493afe229fc89f5de11d4de7972c4dc6b,90971816,0.0090971816
0xc5c674ae89339e9dc211267ea2fac2c3676744d0,15994840,0.001599484
0xc5f5e48b81620e3a3b12a7b0c97c02e706ad092b,48500000,0.00485
0xc6004c3c7ff9d589197f3af3ebf78b6dcd39fd62,2915994840,0.291599484
0xc600a0df4bd225935e8523fabd8dbbc7cef8a0c7,10971816,0.0010971816
0xc620b2893dd5fee2d0124aae20a2ed825d7f5914,19990971816,1.9990971816
0xc627fbbe17686e7d4a616b2c81b93cebafc6a0e1,8,0.0000000008
0xc628c0b5ad259972a0aa4eeb153ffc4b1fc8f8e0,93377715,0.0093377715
0xc62c5b39d36cdbf689cb4d0b7b737b21098e07d2,7458999042333,745.8999042333
0xc62e0f1adfd5d41aa6a929370cf28dfdff11507f,599556,0.0000599556
0xc62e3953a45050aa617694315b4884a7e8828bfb,15026264889,1.5026264889
0xc631eb3dc15faaf58b5134856a946bea3704f9a2,70071,0.0000070071
0xc63244d2ca62254f5e732bd6187ee696d3fb2d08,599447,0.0000599447
0xc632b0c926291da28f8496d4f33cbe1f454e6f64,2,0.0000000002
0xc6349bd7b445ebc071099f711e24bdb733804e30,493812,0.0000493812
0xc63ad663eeb869771fc5c1cf8d4c818b1c78fd92,1826592993,0.1826592993
0xc652ef357bae5ed7a7bc19b33a688c913b4c1971,2071,0.0000002071
0xc65347b43019f8f453d7b486d259fd6146da334e,85804105,0.0085804105
0xc6571c2fb66825f13b7751b1c334810d397618eb,71050367,0.0071050367
0xc65965a02b07aaa46f79cfda5d0e7a54bac16c24,95012577,0.0095012577
0xc65ca30522873e9ddca4158f79dc9ecd1b823932,75854916,0.0075854916
0xc65e62b8a0099759b1f96b3318c2af99e3f188b0,895864220,0.089586422
0xc65ee8e013737bf8d7f00a1e0499a17505b04adb,72830451,0.0072830451
0xc6628562f0cec8bb01c4ad9e3c862010806b7ea2,842269376,0.0842269376
0xc66d38f9880b844d54b99a33cc022874fdf19f7d,424451902,0.0424451902
0xc676f035fae710390147e5748e622ebacd6a4681,2,0.0000000002
0xc67a760382dd14171cdd61bfc882ef53df25be01,19253942,0.0019253942
0xc68860c9b1d5ca81e1af330429fbd48ae0675f46,1,0.0000000001
0xc68cd6c564cd3e851b9684f096cfeda3c3067f1a,6,0.0000000006
0xc68dd229fbcab8501b6868de341c9b1713a967de,2605438,0.0002605438
0xc691d74aa756ebd94800253f1674fda9ba612529,27575149748148,2757.5149748148
0xc6936545fbbee1d51cbae90daf680826f4ed81cc,2508602100,0.25086021
0xc6a9886221b6cd8ba48b23634dda2ed600143c6b,1171485650,0.117148565
0xc6ad5cae673a5db779fbfecc26e4a25dede5e6eb,13291514519,1.3291514519
0xc6b01a43d64730077dff813a32521eb0e21ba86a,95741288,0.0095741288
0xc6b44e06e852d9786a66e0040e0e9f788fe237c0,48500000,0.00485
0xc6b50eececd2842659f41ff5baddd7750bbc9719,11816,0.0000011816
0xc6bcc9f23c859af7e82faf1e2392095ee6e28423,30174812,0.0030174812
0xc6bd518a039e613b745bb612b3783866b3473ffd,581525,0.0000581525
0xc6c1e852ecce4ce5a0c93f0e68063202da81202b,75246968589,7.5246968589
0xc6ce2fa7c31def84879709a19d3eaed930a4f2cc,3609880674,0.3609880674
0xc6ce995628cf512ba2591847fd0149cbceb7735e,9,0.0000000009
0xc6dd5a8daecb128e8ed36a9c3539b86506a98870,48500000,0.00485
0xc6e37086d09ec2048f151d11cdb9f9bbbdb7d685,14040475856449,1404.0475856449
0xc6e68db09258d1b86c8dc2178b3cbec0f50d775d,12766646153,1.2766646153
0xc704e4774f9d4f7d823550c7b089701f9e8ee1dc,9795307183,0.9795307183
0xc70795d4159341d0de5c5552dc01f8b88701bff3,67459,0.0000067459
0xc707c1d2bee99c89d82a0c8dc3ee5a1dae7ac344,381295494,0.0381295494
0xc7090a1ea2a2cdf507289f557936601856dd1f14,93322886,0.0093322886
0xc709918714fd9b1bf973b250454a1d0a7b9e0c26,549522678,0.0549522678
0xc713ad7305ec2eb9d8d7654190ac359293a22968,10603678924,1.0603678924
0xc714a05741106b9d3395caebde98856e8ab6678c,3,0.0000000003
0xc718f03a363b91e2268269e96e05aca56a3fc3a2,6,0.0000000006
0xc71e03cd0026e711c550473bbcd9532a1f487922,20989289828,2.0989289828
0xc71fa1de104f59225dffe8a6243f645f380dfc65,7,0.0000000007
0xc72aac40d53045ff125e9e4c388ac68e20106389,4998390366,0.4998390366
0xc732a162a3fa6022a7777d4cf347b2f97300835b,11516347161,1.1516347161
0xc7334c95cf47067da4b52b8564c300fedf35e24c,599518,0.0000599518
0xc73b8869b220d13009cfa39c7bc4322dc4633c7e,212608062738,21.2608062738
0xc74183021ce47c7d3cfc3b1d138f54ca30a0b6b7,94684144,0.0094684144
0xc75247c065aa9411faa30195bb84078b99f1934d,2205725348764,220.5725348764
0xc760aa8ece73fbf7ca718f449dfeff14d09a3e99,9947089948,0.9947089948
0xc763c0ec89c2c192b5510fbdbdb3c615e44e46f2,70086584808,7.0086584808
0xc772fb6206566eef3bcc76158cb71362ca326262,3106458433,0.3106458433
0xc7746d5fcf41baf016984f42a4d2fdb2ebd8b4a2,11747876357,1.1747876357
0xc777b679168671a0ab76066dfa37b2ba13de98f4,53167597,0.0053167597
0xc780869b4c50e6f3485a4892452140d5a0a39eaa,4,0.0000000004
0xc780ab4869a3989134ab8e876152bbaa6240f85e,11538000000,1.1538
0xc783045ea537f5d7595135a84db5cf417d65d88e,95308036,0.0095308036
0xc784b7548f6ebeefd71e3002d793d433f95c6e4d,2625547,0.0002625547
0xc7870c1d5a69fe28297337f96f92bfe966af6614,29183462,0.0029183462
0xc78912c51453b5a662411fbe86fc10b3af3a0aaa,5,0.0000000005
0xc78a4443164039a5d8cf91b75a090001e29d66fb,4,0.0000000004
0xc79109b6c0ad960a953d75dc6fe658c53ffa9b27,93018599,0.0093018599
0xc79b80c300ec6b14deba1cb6693b18314d41d9f7,24,0.0000000024
0xc7a2ec652d8273cae26a4bec91cfe30e1c83ae7c,1977133303,0.1977133303
0xc7a370e642eeedbcf7b9f4cb448a30490b2b208c,4,0.0000000004
0xc7a3e89de107ad6e32ea3bb25953df03fa960204,4,0.0000000004
0xc7a47ae7edccd54d1a78de2e3a04ca27ce4f176e,7,0.0000000007
0xc7a79767f60f1d01bddbcc3bbe1b3c64b9b4eb06,28021361008,2.8021361008
0xc7a96c283caba81e26860f150932e00481534fc4,55,0.0000000055
0xc7ada211d661e449aa936a602db6031fdfc84e69,8536639,0.0008536639
0xc7c0efae94f663b6e50ef5ecb084e3e3f65e2fa2,69713736,0.0069713736
0xc7cfd7838e593e1bd2aea39062961cc43b717774,4,0.0000000004
0xc7d42cdc4d5e5dee96a6587415579b77b64cfe8c,210137017818,21.0137017818
0xc7dd6e721e8cd5f3f84633257b256611b60ad1dc,92705124,0.0092705124
0xc7e2dd0bbdcde35b39e0e0b02740210f847dfb5d,98597567,0.0098597567
0xc7ec2e7045b3b0c703aa13986aaba66059f77061,19416858157,1.9416858157
0xc7f3a66f240b174cd4687854bc5cb90b592a58d2,14045210609,1.4045210609
0xc805bfbb6d5fd3c9a5fc3afa7b9d7417ebffcd31,9068316708,0.9068316708
0xc816320af1e18368ea8d67631f954622fbb0f94f,3,0.0000000003
0xc81a38a813f6d39f9afbaa6e4ce4d07511de538a,9053530549,0.9053530549
0xc828a8b737f7532741e7da73734e298695334c7d,8,0.0000000008
0xc82bbfd22c0e84319a709241550c760f0af083f3,5,0.0000000005
0xc82c857fac6d6f103d529377c10fdcaf75b3fe3d,92632405,0.0092632405
0xc8332131adf037bf933ff4d885a41bbea987bbff,318870101196,31.8870101196
0xc837dfd1c1f3536e555c418186dc117e0f8f4210,6,0.0000000006
0xc83af8694f8dc411ab94e87a11eab4fd7f64a1f9,5,0.0000000005
0xc83dc524002fc29ed0c1e3b1ac1ada039926ae97,181943632,0.0181943632
0xc84165b2a74402f266e9daf533e21f9c4fe60c67,651755021087,65.1755021087
0xc844f347d8c543aba4cdab32fb654e71f8d61c2f,3,0.0000000003
0xc84f58f5f444185b0263d0865ac83d1ccbff69c5,9467595113,0.9467595113
0xc8602669c73a0cbff9bb92d1db162cc4e7a17a8a,197732,0.0000197732
0xc861cf149019229a33f3357f2ee7049812f10f88,9,0.0000000009
0xc86255ebbc6fc6fde94fd78d9f20cc720ef120e2,91838418,0.0091838418
0xc8641a98e39dc68e16aa414d8789808c33922de4,7106717515447,710.6717515447
0xc868c1a71c790cfc2b701076b97d6be9aa2422de,1000000,0.0001
0xc86c0e95b2ccbd1080979a2f929de23240bb8d0c,85672407,0.0085672407
0xc875114190ef8601cea087e2cccf2f8c603675f3,999999999999,99.9999999999
0xc875a15956b4a47c8e85791d9891577eec762bc2,10354828662,1.0354828662
0xc877d757680529971fc83440739864cf2a307acc,244667,0.0000244667
0xc87870bdf22f3023429ff9d4302858a8e6d3fc2c,1,0.0000000001
0xc88a6aeaf75af39a32ec3ee3eb3b10391d5b761d,9,0.0000000009
0xc89ebcb4b3f4d8863c4252d427ba7031b4d329c3,99357468,0.0099357468
0xc8a30088c7940721c5c2f4b7db25d7c0fda6b98c,395506398,0.0395506398
0xc8a83c85f0036f5ddd3ccf936521bf8d3fcbc136,599557,0.0000599557
0xc8acc5831d4b1a24f7527d7c400ac94f8a221ecf,19082847898,1.9082847898
0xc8b19839ae371bd541f20b15c3a3cb82bfb6a6c6,351475843,0.0351475843
0xc8b8c74a2b6303149d9c8a8102562802dbd94e0d,4,0.0000000004
0xc8bff8e0d41ea355f570cdc3159eab47291a8b5e,53759223016,5.3759223016
0xc8c15d02007ebb4b783a4f497a0b5f9a91cf3536,626010636,0.0626010636
0xc8c899ab61655d71e140a32afb7927151ca33cdd,3440,0.000000344
0xc8ce47996106492ff67908bcae84217c8a71cf72,50183122713,5.0183122713
0xc8cf2f10be288537eeb8c5b8de3c6bb67576e9a2,6,0.0000000006
0xc8d46eb7881975f9ae15216feeba2ff58e55803c,99495212,0.0099495212
0xc8d9b774f920382e9b69900c9506e7126d3ee899,56106198,0.0056106198
0xc8dab1a4633b1a74f4920c915835c24a9d7f4838,93540277,0.0093540277
0xc8dc6084312d327b0cfb119211097e8397725570,1,0.0000000001
0xc8dc6da781097a2be9854f69faed10e087da8ad3,606788151,0.0606788151
0xc8e52d148ea219d21c874985f422e28650703236,8975,0.0000008975
0xc8e6c8e1ba2f0e65694d0be11bd7c6ed15df1bc2,122837518,0.0122837518
0xc8fcc8a82ba892f1d1f9b8c74fd82af84478d065,97689953,0.0097689953
0xc8fd0d85b36005e32487e5fb77f86fda345a52c1,3,0.0000000003
0xc9069243b2a04e0d6ce023ab6d2ab754e424c21b,9269823,0.0009269823
0xc90727e0a7c33b7163f795dcb54747a74534fcde,16997475885,1.6997475885
0xc91367889ad44514556d443bf70841ffe8d81a3b,10999655094,1.0999655094
0xc91a593c19f38914fb1a3323423678e69fa4aa42,10000000000,1
0xc925e69e6ca0f9092cba1258043e1eedb979e133,805607,0.0000805607
0xc928e4ecbce86915aa6be9a366d28e7c42ec3a53,5,0.0000000005
0xc929e255e9f61bc45d48d63dec6c4275b8768068,561579330,0.056157933
0xc93282e176e34179114e08c424679d4bae6700c2,17007044,0.0017007044
0xc933d3b6d2715e9d0a996e44bc20e11de0c1d74e,893966425,0.0893966425
0xc93ced6f6719be820f9f7b484426deba08fb6f1b,4,0.0000000004
0xc93e535d796dff10347e74f7e459853cb7225d93,4430372138,0.4430372138
0xc9402833ee2c7c66e93a93743fbfb9129f0b15a7,10971816,0.0010971816
0xc94a80ff6df1ef1bb4fb125128de2cff8a0d1ebe,5,0.0000000005
0xc953e183e08776ea96ac30af36a1622cd90afddf,81558025,0.0081558025
0xc9571a8c4975e7e41609c4eae7827ea01b36be4e,152816807,0.0152816807
0xc95dfe7270d466917a9dfcc94123afadc0a2255a,10047089948,1.0047089948
0xc95f3bc48aed59667521eed0108ba7ae9a2480b7,4,0.0000000004
0xc9614b062e83823378178d1d18ee8c791e3089ac,840096000277,84.0096000277
0xc961bf3988e2dc219e47ce8c4cf70d2bcf0a7f01,96044053320,9.604405332
0xc97a3fbc9f434b9c635bf7fc321969c1e5b6abc0,26118317,0.0026118317
0xc97d3bd27cc2ff81868964dfa69cad03d15a5031,23709052,0.0023709052
0xc98c0305fb395ea7dd264b54f3b9c4ac41ccc13c,8981378,0.0008981378
0xc98f318c43af71f4d2366f893f442f0ff99d3a4c,391209534,0.0391209534
0xc9913922470f69cfcbb936bcb4b5f018b4d8b649,378366846301,37.8366846301
0xc998eb9631eff829c149a300fe2848b301a35530,665577605,0.0665577605
0xc9b30b13f82ebc646e85ac9e005a73b93c9f6f6c,1,0.0000000001
0xc9b77bb9bab38ca7c9b38ec3da1bc54f5061646c,8,0.0000000008
0xc9b836047170d30324afa40daf76372e99a7c6c5,21217365036,2.1217365036
0xc9b8c595088e32ac407aec4f5f4e5a412d710e49,9,0.0000000009
0xc9b905da4b634a3c003679a5d730afb7283f6aa7,5,0.0000000005
0xc9b9f72b0f9a9a1671de852d55cc24f982add38b,181943632,0.0181943632
0xc9bf3ba0938f61a540b8f82567140c0af97151ef,10273175860,1.027317586
0xc9cb0bd811343dbf6b9f61704d736dcd1975a7ce,1024111286,0.1024111286
0xc9ce9a8bdea1c132d94a76c863619538f4abdaf1,60,0.000000006
0xc9d5d1feb2e6f0b6fc5fc87a61708164917bceda,90971816,0.0090971816
0xc9d8a07ece4d22f517d2fd00b63ba5be1ab157d5,93768718,0.0093768718
0xc9dd1d167a1611aa4448a3b7b5d0b4ef31d4fc5f,599478,0.0000599478
0xc9dda122a01c856b349f7393f5face8712678917,2825,0.0000002825
0xc9ecbbf5c7c3c50449f68064601db2d6af9adf9f,7,0.0000000007
0xc9ee9ee4e1346b50ce08cb6ddb81481cc22e4b9b,981562,0.0000981562
0xc9f0ceb723199122873ac814d0d656ab793662d2,749100958,0.0749100958
0xc9f83d3c1cb0b1151d4f63d88e2734d37c92daf6,90971816,0.0090971816
0xca0620f637aa827ca4f3f872412656fccca61c1a,7,0.0000000007
0xca073fffceb982f19fffbd10eb23ac09a0c2f51d,405900,0.00004059
0xca09ec4d0ded2b1e8bbfd20d43586a8d161cf04e,8,0.0000000008
0xca0bd37653a35e01d895181fd67d532bc87be90c,85803972,0.0085803972
0xca15b5cf592949394ddb487bbff397e32976859f,6238194827,0.6238194827
0xca1a777757832bdb760c7421ed8cb44e3d2b0887,14970392817,1.4970392817
0xca1c7c3e87c4c0b78a0f73eebc14d9e2314e014d,18564105960,1.856410596
0xca226bd9c754f1283123d32b2a7cf62a722f8ada,1662931629,0.1662931629
0xca243b97fcf0f0698031493dbc2007ed8c068b22,2,0.0000000002
0xca24dfc26cd1c08f01c26817fab30d14cf7098f4,743857574,0.0743857574
0xca256e0cff735c388aca773a16faa4d40340368b,1990971816,0.1990971816
0xca2b96b04c38f3be36c9dcc3ae386eb8fbdd23d2,50189848892,5.0189848892
0xca2d41dc7778c04ba14cd680df4afd5cdc0eebc0,4973544974,0.4973544974
0xca2e350fadc1b4129cd9fe4a6f4ddcd2f5ca11c0,171655113165,17.1655113165
0xca31a87fe53c0f0172f935d4e4a7828bf521641f,95437,0.0000095437
0xca330c4fde4ec986e39e210cffb0ca83ea0f55c0,6,0.0000000006
0xca34839519f120b18567f92fb78fc37455ce41aa,21993757826,2.1993757826
0xca3972938e01294e6f138763eebb1286fbdb5f53,72125674,0.0072125674
0xca3dec10f8887e3fb86d241437111009ed3bc4a9,10971816,0.0010971816
0xca3f1331fc855fc1a39f05de924c947e898691c1,225657080,0.022565708
0xca3f3b5b6b2ce5a1ae8dcb83e568534a6568c240,4,0.0000000004
0xca413c13eacacd2f4314e5d8b84aab87929d26f8,3173479467367,317.3479467367
0xca41ba104b357dcfdb8fc9d5812acd8ba1322c22,96100661,0.0096100661
0xca44f51cfe15b69b1c5e804f9819b7a8d07d2deb,7,0.0000000007
0xca46c6350061732c4bdc0f808dde36b46e8cf122,1390655804,0.1390655804
0xca4b599a1deac69df773d11a9fbb697e53cb0328,20220312584,2.0220312584
0xca4e0a09adf39dc93d6c95fd0b57817b82ecc6ae,36810031,0.0036810031
0xca4e34ebf4d331444a3291a97eaf8dd0bf326865,85799734,0.0085799734
0xca517cb74a099b9f39bfe893fefedd7f3734e8ed,890971816,0.0890971816
0xca59b2237b78001182cd34cd0191891d80ad19fe,47717423,0.0047717423
0xca5ad4c03b2d2e6eee161fa989a475dffc23c9af,85800956,0.0085800956
0xca6abd03b4df49cbf78de07b8cfed4b6cd3694f6,1001722548,0.1001722548
0xca6eca05a0334ebed6f4da180b5bf214a9a404f8,98569454,0.0098569454
0xca70dd9d20a182c68e2ef27ec21ccf8b23e97464,2,0.0000000002
0xca794bfccfd50253b19d03b608f2d0e1d2f9c0a3,17282862058,1.7282862058
0xca8d3ea87cb051f1e0da5bc937c0392902d055e3,93473076,0.0093473076
0xca8fc2f9d873e8d67aa60f36934a3dc7b4cea30b,30551481947512,3055.1481947512
0xca91d7b900ae04a3fafdfb35cb3d709dcdeb81a4,97500353,0.0097500353
0xca95244e71e664656d4aabdfad1d76b196ed94cc,295510500454,29.5510500454
0xca984e052da9ba0fc235cda6117f3a107d3a25bd,85684796,0.0085684796
0xca9d6e59bbf1bf26de39f37af3dbc264fa5c79da,200000000,0.02
0xcaa1c8626c9a898d1f53913ad39c8207a062a85c,5649341468,0.5649341468
0xcaa84d5a8ceab2da2ec06fd84b7ea08fc2077a64,7,0.0000000007
0xcabad6686c022cd123476d98dbdb6d5489c9053d,10490971816,1.0490971816
0xcac07a2bf3e71bfdfa5c249a12e75e13a6290eca,95307116,0.0095307116
0xcac9f6320e35ca7855a5605a29bfb3a04b14e9f5,290971816,0.0290971816
0xcad1f155e3a36fc6629365d4fa4bdfff8bdab727,199243948,0.0199243948
0xcadda8040f5f1184faa6bee6af395bbf1f187a13,92908079,0.0092908079
0xcae182dd1fdb1189cdd415b133f80c9ae67b37b9,7,0.0000000007
0xcae5d683dba8a5946304e9d7f1e8d3be936fa418,94710432,0.0094710432
0xcaf027aa04958db8a4820d56042747728f616091,4,0.0000000004
0xcafb7f7c8aedfa1ed8fc4901a06e568890d643a9,34647863,0.0034647863
0xcafd650401708ca4f65a22340d07f78e18f8c332,1377498783,0.1377498783
0xcb023b2caef85dc2e68c8744c5281a63a42061f9,16000000000,1.6
0xcb06cecc91a602396d687b40feccd61c66f1be84,1081,0.0000001081
0xcb29b5728603277987acbcd94407e30786782890,3132,0.0000003132
0xcb2f5c1cde41634813edf7e352f45a22e8e28d79,835185388890,83.518538889
0xcb36bbbeb8ea1900472bbd35032c3f0000ccdf2f,90971816,0.0090971816
0xcb36fd9bf9e6be4bb1af8e47dbf1f0e120f08435,9990971816,0.9990971816
0xcb421a89201d391b79bbab7127f0e7d10d2ca4e8,3,0.0000000003
0xcb432dc1afd91e748575cf85d6157949e7757e04,31399903,0.0031399903
0xcb45139da33a4d3fed70888f8802ce4535f4e784,8,0.0000000008
0xcb4f29e0f7a664ac94fee47509b38bf6214fa9d8,2246,0.0000002246
0xcb4ffaf8b3f868803b0ea030c7161ba45d8ffb1e,4,0.0000000004
0xcb506017569793661638063eb43011615d935e2b,1471566067,0.1471566067
0xcb51370b157bb4314ce12641d3d8e1afd814492e,98569451,0.0098569451
0xcb53a818042db647cb01672751b0e4efca29cf55,13876993452,1.3876993452
0xcb55ac8dbac6308b5b74f8d0566fb9adc765bc6b,86357,0.0000086357
0xcb63e098888a1296ec169f860775179f613a88e2,11816,0.0000011816
0xcb66a1cf5f1926b6fb4c18b024b3d4056af75a67,100971816,0.0100971816
0xcb71b5ec0228fb75b9ec14d4b5756ea9c3f8837b,389330,0.000038933
0xcb726f13479963934e91b6f34b6e87ec69c21bb9,1009,0.0000001009
0xcb76d8a37ff9917bbd5f4960c00015872525791a,82121787,0.0082121787
0xcb77f3b76c67474726597e90a7982deeaff98a29,97355202,0.0097355202
0xcb80b28f46b52e275b4946fe3f512a63e14c6888,56477946793,5.6477946793
0xcb84beb429db4b119974f0a4aeae0c64844063ee,50958258,0.0050958258
0xcb906a4456b2276d2bd7921e2a7a9d5726996ca7,3152,0.0000003152
0xcb99813a661e2ad7232195f4698d4bf9d32082eb,1000000000,0.1
0xcba9c591d2c1e6ed3f4839ae05556e563fadae24,1,0.0000000001
0xcbb2c2fe0eb744a7092bf6e811adc9dec8cb8fcd,99315108,0.0099315108
0xcbb3ef6bb79dde91d4529ae763e531ced5ea1fd2,918502,0.0000918502
0xcbd4c85bb7cc56399ebebfc4b7226681fe5e1a09,90971816,0.0090971816
0xcbda353e4843160bd38f7d04f99fbca410a87caa,8,0.0000000008
0xcbdc337f34baae73efb6cf2e4216b571ed030cd2,95796,0.0000095796
0xcbe51ff4b0227c9fac7861bfe93c256d5962a11b,90971816,0.0090971816
0xcbe8a7773595fecd0160447e61eb1924c9d6ddc8,1100521044,0.1100521044
0xcbee9f1bed2f39512154a40f4c55dbf45b7be318,992677625228,99.2677625228
0xcbf8dfd98a07f82307a8aba86ef9d21da2768471,8,0.0000000008
0xcc0676e3782bc0b173c98f8dcfc1baffe86ba5ba,8,0.0000000008
0xcc08dd4c69e7679333032b5fd0d56c7e131e207a,146942996304,14.6942996304
0xcc123b0dc18e4dc147a9ca83ce0f59ebb54ac983,6,0.0000000006
0xcc2037ddfd84fa745c09f70f798da0ff786689ae,7,0.0000000007
0xcc28b3605cd8563e712d07067e2b105eaf9d836d,2,0.0000000002
0xcc2aa32a4f25f26536223b1e24c6f039e2ca26d7,25651889,0.0025651889
0xcc32904b1605704c8d1dbffc525f599c5f9e9d5b,2209934167,0.2209934167
0xcc33a2c82b5e96a1cf19520cbc4658a8db54aa4e,1600000000,0.16
0xcc380c86431002e4852a1fbcc3106bbcf90accec,90971816,0.0090971816
0xcc3a0febb1900a5c43484496c0d309eb8f72b2b2,912089775,0.0912089775
0xcc3fa569b4a790c20c783945b47d3c3df7c28128,181943632,0.0181943632
0xcc494989d8b3415dbdf86fa36b48d4732afb4b8e,72,0.0000000072
0xcc51d14917e9024576bd5eba54f505e115670b86,45990831775,4.5990831775
0xcc5433cc33f9d1618cec56c25d26653680f41ae1,1084,0.0000001084
0xcc5676fb8de1eb80ebc9d7a111c1d060e3ca1489,665429,0.0000665429
0xcc5f3fc07e0d9201f2d86b23c29f7793966f8290,90971816,0.0090971816
0xcc5ffde776799629bd3d5560ff70907a8d0837f4,5474852,0.0005474852
0xcc67dab88ad402a8a8c437de8bfec5e93c95d900,12375283606,1.2375283606
0xcc6b4266cd8c3fe9f50c48b5609339fbd0e7cd91,2,0.0000000002
0xcc6fbbff9d652a7a75a25f9e91a9bcbd1a4a3304,8561482698,0.8561482698
0xcc78c40fb372c91b589204054d18142e79a36d95,94604126,0.0094604126
0xcc7b13ae36f2d1f7bf59eea17c31c2e84d315938,80527357,0.0080527357
0xcc8181e086f22a595b267e005bee163b4a4567e4,95740554,0.0095740554
0xcc86572ce5a6eee74c76c57e9ea7b08221f06bb9,3049032,0.0003049032
0xcc88a9ed771f44ac51c5963efb303aa6eae707d9,198650537751,19.8650537751
0xcc8b7df8ca22a90914a2975ca07cd70524c56e8e,886780985,0.0886780985
0xcc92562578efbe863664287bd144b49f983b4d5e,16732597810,1.673259781
0xcc953f28b6b8e7259f975a675d432c6a0824b8b1,1,0.0000000001
0xcc9940b977209548bbbdb4673eb2c3ae9d980cc4,63386533,0.0063386533
0xcc9a39d725c3bb297e76027f1a9f12f69d81523a,6965682446,0.6965682446
0xcc9eb995e41563ddb553417749a2a3547a115992,953510808,0.0953510808
0xcca0280916bb0cadcf4a9a61e9f97100c3740e51,368977155,0.0368977155
0xccb3d79521602342ce2f03f523f9d1a645523cd6,8,0.0000000008
0xccc04265dfc66405da34d84cec4beefa924c51c2,29503299,0.0029503299
0xccc3ead1a68e2d65eb88cc7064f78faea1a3f451,2,0.0000000002
0xcccc77a8c663f6dec35597bfe4b7e7e2123253f7,3483782153,0.3483782153
0xccccddb207ff7bbb6c5b4c770188ee7aaa6cdbef,86358672,0.0086358672
0xcccd9a8d8ef7e377b2bb6c9399f4960ab1251621,2,0.0000000002
0xccce2b77db60ff8b1680e50bb4be8a6f7fc818b8,62837,0.0000062837
0xccd13b680fa499647918d0206692bd3e487cd419,120000000,0.012
0xccd38d74109e63094430f19260d1f743ea18cb39,10360540975,1.0360540975
0xccd8d7a09491ca294d3f1b8ae099351786b9b8a2,189818,0.0000189818
0xcce2e4db96aa91ec6d8e521eea397848797e4437,8,0.0000000008
0xccea99a58957b54c7533ee79919299a45b9a08ce,9,0.0000000009
0xccf0068257535e456c9d16ac581d82c5c08d3e08,94834059,0.0094834059
0xcd06096e7c159a7de68363d094ff0ff13e0ce325,6199221987,0.6199221987
0xcd0d94c34a8826134ec697d3fda430cd5c00bd49,1,0.0000000001
0xcd0d967449430caaabda422af22f64254c3f1168,65,0.0000000065
0xcd0e394639b2d0b159b41f9dbe0583c33d85e874,989571157,0.0989571157
0xcd13c2f40e2ea5347e08a5a691ec14a343b3cae5,15073040794,1.5073040794
0xcd160ba6398fc08bc416fa5dc0d73f2485950260,31667720,0.003166772
0xcd16e3d75c779e1dba5df86ca2d127925d10bf76,8,0.0000000008
0xcd1d6425f3d9055c2267c5b20a538bc5be1368f0,50000000,0.005
0xcd24641fabc14375793f3ff39f39f0537ccd4b1c,92639248,0.0092639248
0xcd259b158975bfce45b5eddbac922187e8a13471,4,0.0000000004
0xcd2986e459554b78ff9facafd3d973f7a7c42b7b,93298379,0.0093298379
0xcd2b6fc829e35af0a1000c54077e78f75f6bf5a2,5251277226,0.5251277226
0xcd321dde9aace2a57b7fe42274ecdb9a4480b05a,336895514,0.0336895514
0xcd3e9e0ea976adef02081287d2afeaf49c592c34,3,0.0000000003
0xcd3f97909bf0761569a1b1beab1a4966845c2dfd,6,0.0000000006
0xcd501998cb7b8d61fb885357c396644b00a3123b,9,0.0000000009
0xcd54a5d7da4e3a856f606ae213d84cd5fb8a6369,63468860,0.006346886
0xcd553bd43bbe4d019b046fd59e05db9bd84b2ba7,85796623,0.0085796623
0xcd594cb024bd50e7d8e5135a14a1231c60ebff67,2,0.0000000002
0xcd5b75a800604e7fb677458c7f2e8eb94bb8925f,5340290029,0.5340290029
0xcd5dfffdca595cd5cf3e02011bf04730680295df,2,0.0000000002
0xcd63a3e5e6d048abdabaabba9b7ab60a576cd547,7,0.0000000007
0xcd6cffc487d1ca69b74b1225a4c0117268e8de21,25351550,0.002535155
0xcd7432726dc07ae8c903f5b0384759b47e0f3c96,92705091,0.0092705091
0xcd75942b66c1a82d7e04f65a34ce7f93791fa8a8,1708677592,0.1708677592
0xcd7a0d098e3a750126b0fec54be401476812cfc0,9506,0.0000009506
0xcd7d084da81a91bf589460b56f99688c13294632,7,0.0000000007
0xcd80ab6ba86d4a368b9fbf31fca5adfdd78dbc06,95307045,0.0095307045
0xcd86a3b85867cd7e74860a868eb68457752effb4,381283560,0.038128356
0xcd87f7c2abf95216fde5e20f661a2bb49f2ab36a,246620,0.000024662
0xcd88431107b72b1a1aa13de27ab894e27c7d1a61,374221,0.0000374221
0xcd94049a3287e37ca6790dc86b306712e86e962c,6403825663,0.6403825663
0xcd979e77e34a41f841f5fead2f9f3f2b197f2885,599446,0.0000599446
0xcd99a97ced05dc1f87c9c8abd28fe6c3a4e09ea1,461049375,0.0461049375
0xcd9ab4f4d64cf35ba25435a7aa0a6d1648cd7fa1,433,0.0000000433
0xcd9d81bca0bafbb53c8c822f038fca98ae48e647,7,0.0000000007
0xcd9dfe9ed5b660e99f047d616e26277c7e9ce01b,95787596,0.0095787596
0xcda2f230556f693470ef3a2f0b48b44ad958781f,318648,0.0000318648
0xcda63266a8c2a35beb763fd4bf63b809913dc43e,298954927272,29.8954927272
0xcdb073ffe4bedaf0ee9f8632a9920d473eb2ff8f,599567,0.0000599567
0xcdb35d319a28faa22e02eea4277149390a8f36af,51151047937,5.1151047937
0xcdbaf0a8ad6b523a86eb9e574c8d75a51e945839,583491,0.0000583491
0xcdc5a80ce2ea43708cdd7d3a9fa15c1fc3087a40,188174122,0.0188174122
0xcdcc26ccaf1aac78299f44751cf83e7a1fd05b23,29972229358,2.9972229358
0xcdd6ea49314acc324aea8be349938477c66964cb,1000000000,0.1
0xcdde67a6e1666a1d56bab73dced9bea132895ba9,782176092,0.0782176092
0xcde4dcbeb729311cfc60f344b713f4abbdcf756a,97305732,0.0097305732
0xcde512f92e2b0b60bf9fe7c792a7b9bd6323e8e3,599444,0.0000599444
0xcdf03ed8715518c133d2f988335d67565918e21b,487504985,0.0487504985
0xcdf46d23607547523dcd70b1bdb5a6006fcd3286,98578099,0.0098578099
0xcdf9845890b3ab295b147216f2a170165318d0cc,54572888890,5.457288889
0xce0382cc9128230a0bac27507c3bdba8478c62ce,4977133301,0.4977133301
0xce10c23561dce134ae20b32f8166a131c741f463,113595538843,11.3595538843
0xce12e8ace3812c016f92a0326a95258c891ebe8f,1,0.0000000001
0xce13dc187af6c7e5d14ad65311ebf8d63a6e8517,8,0.0000000008
0xce1b3019a0252b97a1234ea759d10344a060c9ab,87565860,0.008756586
0xce200ca622ca79260b739788bcd2b084c580b542,8300000000,0.83
0xce2e4e97ded023d309258efb94a1399c51404ad8,3303544974,0.3303544974
0xce2f3600d79ea3608feb1ea0f51a88bfc7d485c7,767695816,0.0767695816
0xce3ddf9436bfcc3d9bdb1810b88f07ee84da5616,7,0.0000000007
0xce48ab270cacec658015cb167c77a68f743d7a3e,99977305754,9.9977305754
0xce4f8f24ebda374d9aac6186961cdd7899b0c284,987186206,0.0987186206
0xce50f8b059d2aa2460062bfb61df59ab5430215d,827584761404,82.7584761404
0xce5d9dac0195beaebb9ed580f30ca6fd895fce39,1,0.0000000001
0xce5ebd4e62cfd8b7c193f206a71fe51bcfb6c6d9,9986114679,0.9986114679
0xce62516a34d77e7a42dd665c87e7991ce211d091,89510,0.000008951
0xce641a4a18a4be7b703848290251a3ee9288fee9,32232247153626,3223.2247153626
0xce6448962b55f45fa25e8005367d5c49b8696e29,5,0.0000000005
0xce64f823e105c91252daedd8f9d528450452d20c,375690586,0.0375690586
0xce6d803bc0d419224203683b9522d3d726f26386,599563,0.0000599563
0xce6e45c1f4146ec61eba3949698fffcf9f0ac6e6,29684953679,2.9684953679
0xce72e26d013a5dde9791c3317f8fe5e88da3fa64,1,0.0000000001
0xce83b9a094302fbddc433181d9e63143c96adf8c,98572087,0.0098572087
0xce8d809f1bf3c87ed7dbd391f386de2a5b3fe733,798949,0.0000798949
0xce9a968f8107a26421650f40302322a36f6dda71,1,0.0000000001
0xce9d5fdc295da5c25c5b216dedc30bc4b9247373,760000000,0.076
0xce9e91fab279f0929e09018259331dc135576554,381278652,0.0381278652
0xcea9c30cf1ad0e64196172be2f538fa1fb7a676b,98569814,0.0098569814
0xcea9d54e33f1ddade58cf07c04fdb00fc9ab9f14,9,0.0000000009
0xceb1531046b5ceaabffb9aaca9818ca073e775be,16140741758,1.6140741758
0xceb5bb36bb99df42d627d01613818622c48b0cdd,1,0.0000000001
0xceb63ff2168853ccf91d0b534bf382e7afd4d7d9,946,0.0000000946
0xcebdb10b2da4b46f1147e67cf7d43727392e7d7c,1,0.0000000001
0xcebfb0f20a563f25c1e0137b23a653e141f914d3,93540274,0.0093540274
0xcec78bed76d8a3e50b225b4e0c6f8113cc3dcadb,1428616024,0.1428616024
0xcecb8569542c204e69b78fb58a0b85dc479ddd79,985442372,0.0985442372
0xcecbe670c11d4d28678955f23e0d2d708d79c893,11585277,0.0011585277
0xcecd49c8adfa1a984c2c470ef0b3de055c180e5a,94604130,0.009460413
0xcecf38d9c3eb7a30a21c73cb64c04f27d6bbc4ea,92698069,0.0092698069
0xced0057dae92ad6bb0c73e2a694b7ffdd2e932ea,179123,0.0000179123
0xced29ba48490c51e4348e654c313ac97762beccc,1,0.0000000001
0xced732ca92cb4f040239c4e8c85f14acbb5db000,701777217225,70.1777217225
0xced7d299d511a8a1184bdabb78145b6f233e5c9d,95787631,0.0095787631
0xcee3a28d262e2d063230839cdd62c5661ea33dfb,137555189,0.0137555189
0xcee5f1a6ea690cb7370dca4fb9b227854cb1bf02,336047706749,33.6047706749
0xceea37ed947c168eb7e66a5f434bc607a2508a9b,75080881,0.0075080881
0xceeb3cf13fdbcdc3b1e0600164ba822839cacd4c,39428442,0.0039428442
0xceef2f2a12cad6006e6149b65967ac61c1827461,95787617,0.0095787617
0xcef24b7a9b549cd1298c572a810ba4098bd68e0c,1392,0.0000001392
0xcef3622c3fc86b60d482cdddfcdc898bba4322a4,9990971816,0.9990971816
0xcef5da419cdf9f9031668fae269d3267fdda96bf,1973544974,0.1973544974
0xcef64594a3871f8d5c00f464df5ab6c077a5904e,3,0.0000000003
0xcef66445cc2d1e2fa57b4a2dd985949fde8fcde2,3662,0.0000003662
0xcef88c03b5111afd85d0067142a4557169916063,6,0.0000000006
0xcf0051eb5f170b75d34328d775a87cc6f92e6ec7,2,0.0000000002
0xcf0214540cee0bb4b10e7df66ce94074032a2ac4,166779284181,16.6779284181
0xcf1575f787cde0d48a9c2823904e72b486259313,560034766,0.0560034766
0xcf1916771e5c819244f52b69d05a059bc3877440,889749166,0.0889749166
0xcf1f40321b0d6b38c7e499347520d44b90e5ea4b,14709282,0.0014709282
0xcf2bd473876c4640f5e108e7f101c07cbc9d5b5c,720274842,0.0720274842
0xcf32c63297fcd955f4b623867f41b6df8145e595,96270196,0.0096270196
0xcf35c6ef10ea7cbc5237bf450925deb1bbac38b9,144453193,0.0144453193
0xcf40d7a239689878f84800852c08db514ce96455,9,0.0000000009
0xcf43e9a2f9ed4810de89ae08d88445d8ccf63ab1,1000006,0.0001000006
0xcf487e204f5ccb1f1561b15b46931c13b074f84f,381198828,0.0381198828
0xcf59e19a6abfd21b795ab127bda655206d99b452,599115,0.0000599115
0xcf5c42362338071f4fc86bd16becc2c9e1bac058,50046102200,5.00461022
0xcf5db26a96bfb4e33a52c76deaa352be59373c23,93768992,0.0093768992
0xcf5ed417620db08594a8a893c63a6d480f320894,15509049912,1.5509049912
0xcf61d8fc50f84767ca932945d167fd613f5da53a,4964633521,0.4964633521
0xcf63b04650264e175c15a1723a40eb7132484389,93768844,0.0093768844
0xcf66ea074837097d915b8948fbaa46e6edce8814,599516,0.0000599516
0xcf6d2f6e2839ac50f49a76c1da88f82f62d29b74,1,0.0000000001
0xcf6e91147726e35033c6215222c0f2a105809556,10000000000,1
0xcf6faa230c23cbcca8cd85d9064ef93fcc61eb40,5784144544974,578.4144544974
0xcf71b2fc206e41c51e537a394ee54c3760557052,4753684,0.0004753684
0xcf8b01a80840082e3dd72381d27da0ea17ebdf59,4,0.0000000004
0xcf8d852cedc607c0135664f80df772bd10d2cf3e,44167529,0.0044167529
0xcf8e21f90b888f95917f7ee4ad832507fa83b979,4611508,0.0004611508
0xcf8e24538e6e8c6d7ca711f84539aeac0892e28b,8976173384,0.8976173384
0xcf8fd4ceeeb4a58d5f339e4a027d7651bf7b4ba9,9986114688,0.9986114688
0xcf90ad5d2bb2b51594dd12da5cfdb11b126b7615,19410000000,1.941
0xcf9174787097ac76a1fc1d4e2fa53340caff0207,8,0.0000000008
0xcf9225a613a03d405a1b8182ffcdef9682fb59ec,14990971816,1.4990971816
0xcf94438e19b7c6770beac5773859d08caf20eee4,3,0.0000000003
0xcf987515763449770834a52805cadb3ab79b8625,98402609,0.0098402609
0xcf9e0e905c1ab1b0bc1556d72f6c063058a24a39,1,0.0000000001
0xcfa71a59b60c61b580c04426520fc01405552b6d,8,0.0000000008
0xcfadf643fc9a9d978451b135e6e6c62b28fb6545,4990971816,0.4990971816
0xcfb67debd26652ed20eebe182b69d5e9c95692bd,146435146,0.0146435146
0xcfc323fe07fc2bfe3589ad0e6f68ad99dbb5674f,96100616,0.0096100616
0xcfc89dd3926b548cd34abe1238ab2c06033d6a59,1219284569,0.1219284569
0xcfce103dd318fea578cd554aa658f8bedc63b3a1,4,0.0000000004
0xcfce6ebab7746676fcc84e7b33f740a6666ec2ab,42803144,0.0042803144
0xcfd396a775208d0b161eddb0dae9a4a5159996d5,3423542378,0.3423542378
0xcfd47dc7bb13577e7ce8ee45cf0ae397ebd8b646,77,0.0000000077
0xcfd564e414afe8db63584a0a3de0ab097f85e20c,9,0.0000000009
0xcfdd6e0fffda7a67c883fa2aad8fb30242b98517,10762711,0.0010762711
0xcfde26c375a3cedf04fd9b855f819829b322b2ff,93492081,0.0093492081
0xcfdf52186fdef91f2edbc60638b266c9845f73e3,3000000000,0.3
0xcfe3cdfe0f0c436e145e28945fab28d53700ec06,85798642,0.0085798642
0xcfed27913bd2e450fa5cf5f5158ca0af780823bd,93511138,0.0093511138
0xcff3c4e1987ef8b54eeb61f5f16360352fa85d00,32101621975,3.2101621975
0xcff5de8bf37966a9942e4337a8e1d06921cf4be9,399973544974,39.9973544974
0xcfff19229be61f766ee7466a3549f231e4fdf7b1,30021262,0.0030021262
0xd000c21e4aea71c5c8eb22900ec6571189c49600,9000000,0.0009
0xd000c65811d92b09e1fc0f663de7771add40bdf8,2091760954,0.2091760954
0xd00831d5be4910ff75991c471a3c136c09e26c67,958344037,0.0958344037
0xd00933992fe3e4f73dc49c6a7756c34ed3809f94,14222727215,1.4222727215
0xd012a49794803c63572b536c2a352da2e7d20ed1,7,0.0000000007
0xd014b3d764f1dc9494c436795ea41b7b21869b6a,31100301621,3.1100301621
0xd01ea2d8065ae50243b8d5684809b51d4d52337f,29973544974,2.9973544974
0xd02a5622c71e3d19e2944732efd58430bbb02bac,31392,0.0000031392
0xd0340e20d61088c965db1ed7974aac9eb747e740,3684414290,0.368441429
0xd037febd12b716ffd7d823f31fd3620e015e6cee,4986114679,0.4986114679
0xd03acafe4b4f82f58eb95cbd42d6fa4f44cf894a,6,0.0000000006
0xd03e53428041c22195a29bdc5413ad10f728d94e,4986114679,0.4986114679
0xd04c46cc127600a78b95f404fd7e1f984c724b1b,93732131,0.0093732131
0xd04ec897f1957ec62a7949369235a82980bb003e,593603352512,59.3603352512
0xd05685ff09ce590606d08d628a3308308d8c10c1,9,0.0000000009
0xd05a99199a4ce3b24e80ed552fd8f8b0ac870910,2000002992,0.2000002992
0xd05d5cfa1c0343374063da83a979ac8a31afe731,2971816,0.0002971816
0xd062cf4fc1713acae241491046dcc32f427fea1b,2,0.0000000002
0xd0656e20d4b654bcdbb4566e7c8f97dda3711c2e,20659832,0.0020659832
0xd069fa1e2d428f2580c553fa68c445640f281f79,1,0.0000000001
0xd0718b361824be8c16b2678322c5c991568df402,1404415197,0.1404415197
0xd07766aa40b9617fe6e0187450e0e8af6582c17d,30000000000,3
0xd08751c94a967d9329b39d4bbe84ab537fa3d047,8,0.0000000008
0xd088bce23e512e05cbd192bbb855490c21aed61a,1,0.0000000001
0xd08dea2397ef6cfa84a8b05254efce19211d0c11,2,0.0000000002
0xd091d56476292f99c8f20a0531bf17ebeea10d5c,1071787224,0.1071787224
0xd097d6a2d0cf344e96171804c8ccdc821cf7da20,947848235,0.0947848235
0xd09fa81ad54100326f147d67273ceecd7d22e8f0,11816,0.0000011816
0xd0a0463f3a3404eae1b00252de76cabf7b303041,45920409,0.0045920409
0xd0a083fede3998516730cf11b43f62df4930fd64,10822955407,1.0822955407
0xd0a1f50a1358d38762c1df9570e707cfa85ddb32,167369075260,16.736907526
0xd0a4116352091748bae29646a800a17ecdcc79e4,77133301,0.0077133301
0xd0b04e1192618f772c55c4b91666f730941cf987,42894,0.0000042894
0xd0b11d8c36d95a349160df0772e72719ff42cff8,99341088,0.0099341088
0xd0b538a8fa909ee6625d8ca3f6d3578be56e8bc0,85803976,0.0085803976
0xd0bb944b75317d31cfc48dc587d93e9e69a7011b,1,0.0000000001
0xd0bbaa08f0a9a8a18866d8dd7ea74b45c7570671,17944857055,1.7944857055
0xd0be5393d1a423e2761225cabb62a6fa81d5fdc0,1648750000,0.164875
0xd0be9fa26d801fde439ce47c62a1b0740ed7df53,3511062837,0.3511062837
0xd0bfdf039c95c90f2927f14e49e9b9c47617e5de,90971816,0.0090971816
0xd0c4b0fc4d43b6391ff54064fced32f9712a8ef7,3001983156,0.3001983156
0xd0c66ba33b773238a30c79a6cc3e8d23a5aab555,2,0.0000000002
0xd0caaa0de3210fa9b61dc5da7918a21dee4e3feb,599115,0.0000599115
0xd0d2701b617d639aa0febdcfaf832d325fd29de8,17022786,0.0017022786
0xd0d2d1366559d46c22304dfa5230b4a8ee07c6ba,2,0.0000000002
0xd0d331baa74832efd5621963966e3c1c2dfe5e37,1119,0.0000001119
0xd0d781ff6bd9056db6b427adbbb14170ab336027,973544974,0.0973544974
0xd0dc5007ee8dfdba75e8832558297807557815de,6,0.0000000006
0xd0e9ccf7c042724dff99a08fda16c9c144885cbe,27562333453,2.7562333453
0xd0eb7d6c686d136b5a906b983decd4847e916568,20892789204,2.0892789204
0xd0f5b7c38e56f715631fcb7b6aa2172c91217a50,23856665411,2.3856665411
0xd105ded0a518bac298550146fd3edaf299337976,5734949749,0.5734949749
0xd10cfeffa43f600a039b6cb596bc46f5e6fb4204,11816,0.0000011816
0xd10ec789b48749f2d880486daee6aa9e50cf26b0,79445,0.0000079445
0xd114168855542bca38a3ac6c36a66f86b58ac683,4284,0.0000004284
0xd1188c0aec4431853e456d8bd1e2019e86ad7fe5,372229358,0.0372229358
0xd122207d746ddd8c346037495e79bf8928faa23e,6,0.0000000006
0xd129b97ee28390d3a3994bcb312d1d83fa7f08a0,2981943632,0.2981943632
0xd12a7f8aef2661959e4ca2bb19b695d6fe06a96e,8,0.0000000008
0xd12b71190fae4daeb25f2dd23a468f9c570e4bc4,9990971816,0.9990971816
0xd12fe2a6c612d41bddd1d67f4a4d1b75328b014a,15726682,0.0015726682
0xd1496b61b4df8a97a1730cd18fb13a960537cdc2,84578106,0.0084578106
0xd14ad0052dbc0526c5506fb1f01f3dfb98c4b4f0,80021262,0.0080021262
0xd157a7decaaa559ca5a9ccf375cc98e0071d0155,381205987,0.0381205987
0xd15f6e058d5b16a8bf1ee05ebd69235adac8b5f6,46337614,0.0046337614
0xd16f4529c9e88eecc04a04f2ee9fdfd05f6b4a01,67524102,0.0067524102
0xd172671d5f869ef43e22545dfd34cef23a2d5e4a,1,0.0000000001
0xd17ac1fda3f224835dc100978de20353776dec79,555853266,0.0555853266
0xd17fd20ba8a23eadc85ecb55a2b554c132d05b68,799135343,0.0799135343
0xd184155db83447a4ffec2a2af7c6b109317fa91f,10765000000,1.0765
0xd18ab6a2aada43486b9dff4f89292553f27b2192,89973544974,8.9973544974
0xd18c66fd8019062f2af58c370cb55ff0b8af4dbc,104182162,0.0104182162
0xd18f77c2a69a1649f13f20370c672229c6d06b0c,6436284,0.0006436284
0xd1a0f98ecc6e6ac88f1d603dd2d38d7a4dd3fc6b,96191602,0.0096191602
0xd1a35794edd44716368a9bdb2686840fb6b5f348,9049535,0.0009049535
0xd1a37a228b1de6f51cbaf9a427dd05f69d72e87a,1121281662,0.1121281662
0xd1ac84b46b155ca8c93c8459374d980f24f367e2,142513082222,14.2513082222
0xd1b42b50dd827cc65094bdb174ef370290fbd470,40000000000,4
0xd1bd01ac32da95d4d12cf8f003aa2bf64dd78c78,358785,0.0000358785
0xd1c1a7932f8fecf9635c84355a1620ceddbd372b,478110,0.000047811
0xd1c1fdc731af6cc6393eb14dea144a82ed9f7c9f,2787117665,0.2787117665
0xd1c530555a054e4d0c63071f90a4306600057f6a,371042799,0.0371042799
0xd1cea70ecbaffed6dc08ff33e796ca84c1084206,226,0.0000000226
0xd1d6bf2b014f0f2c53a54515d11e2d72d89b61b4,8,0.0000000008
0xd1db86c3709147771b01f2c028e95d42976bf9f0,93322879,0.0093322879
0xd1dbe4f1172880d4fc40dc1ec4c0a2626d5de09c,30669417,0.0030669417
0xd1df770b4919e9532c7d1e74112709bf562b0bfe,132687825,0.0132687825
0xd1e321b1019a7a0a717032fc797d2a9be123ad3e,21000000000,2.1
0xd1e9c466a8dfa249ece3719c8c4379c3568244e0,5,0.0000000005
0xd1f414fd7546896cb4f5978f76fffb9e417e23e4,8,0.0000000008
0xd20047363f050d0a4404a8a9d82b32e55274a2d6,56574535098,5.6574535098
0xd204875bad61fc15a75529b80d855b126bf13971,1,0.0000000001
0xd204c17e1480f08676ec23f20856f4051eb06879,14859760322,1.4859760322
0xd2099e8a0334bae320ffbda44de3e20fd57132aa,4,0.0000000004
0xd20e1ad727f546e89ba07fb781d559f2e420be24,1824879550,0.182487955
0xd20e3799190371d5c9fea4b80135997971f3a9ae,2462341107,0.2462341107
0xd2187162b9bf03613e9282ac3a885a7d06f31be4,59254955536,5.9254955536
0xd21b8d58074e7118c39d60bb78d737488e0b71c6,7,0.0000000007
0xd21bf2d986ac15d25a59598d6df87bab1bab0a69,3631448,0.0003631448
0xd226d13fdeef38bf1f0acb89111e3dfa7711e1e6,1611,0.0000001611
0xd22da948c0ab3a27f5570b604f3adef5f68211c3,644589147,0.0644589147
0xd23be1e56db9a8e3ed8a6d66fcf12c5dcfa22357,90300000,0.00903
0xd24093f62a94b6a89a476dc176939991158821f6,11000000000,1.1
0xd2743fb4a14949770d703f8c9134b2f0f207e5a4,58428063761,5.8428063761
0xd27891f5f88a521052493144575cbe3393ab1a9f,85804183,0.0085804183
0xd27b36780d108d33043f8ab1ab1e7b702de6ee0b,10000000,0.001
0xd27cece5ce8b4f6fa47a160105d842f97aee227d,9,0.0000000009
0xd284888b7495568aa8696d5c56abdc1d06cb788b,44811062837,4.4811062837
0xd288819fd696fc166e227d49fb2303e6f63997c3,3920,0.000000392
0xd28b5c5de24847ce5eebbc25d173519d31af4ae7,13601989120,1.360198912
0xd28bf57b8e666fc7405b3594134cdd4f0d2a6fb1,98402605,0.0098402605
0xd28db7b609a95c5947d1d2a9d07889c1e9b4d2c7,84504,0.0000084504
0xd28f9a08aa04ada786f272f0a04fa98de1e48375,92632079,0.0092632079
0xd29749b5ed4056ae1cf9a4896f244cea458beeff,289977133301,28.9977133301
0xd2a6a82e2ed72bdf7f5a81938a81a599c89288f0,7958064,0.0007958064
0xd2aa4ab50213a7d0cfe489b54b6915d12ae67661,10025,0.0000010025
0xd2abd7a3333395a1ed7e54c67edf43ef934033a1,65764547683,6.5764547683
0xd2ac159773e581022a60485cda297906c3a15624,81703162,0.0081703162
0xd2aeb4a9fcae61a98214c03e8b45ffdf62463325,4,0.0000000004
0xd2b374468ae86a3c99eac3f7ee48d22e4c7ab7cf,599752,0.0000599752
0xd2b84a1082f0fbed5458fede93c0cac7dcdcd542,50804801017,5.0804801017
0xd2c38bf3cdb4072a59d0a007355d52240573d01f,3771492624,0.3771492624
0xd2c58a993bdac2de4301a15ec004d292608b3c64,201435992,0.0201435992
0xd2c6a60a63d81da9de629a10539ca99de7514da3,6,0.0000000006
0xd2cc928bfa4f28e6c271c8705e388285eee55201,92698430,0.009269843
0xd2ceb52118a7b3c09d2f476209644c38b9a8eafc,2227665,0.0002227665
0xd2ceed50ee559e3c1234c23f7e486e5180950ce7,93795292,0.0093795292
0xd2d0f90463613a5899a0a112a256af598332b3df,85799235,0.0085799235
0xd2d2b575a5f09bf835b78f01e2c1638ddcfdbecd,92705095,0.0092705095
0xd2d8486d2a14cd747e0a6128525ead0cabe4f612,5024228640,0.502422864
0xd2dff7007586be8f2e6cb84de65190b81adf6a9b,5,0.0000000005
0xd2e1b76f81b71304daceec93f7d55d0a2abe2307,7147981614,0.7147981614
0xd2e44e40b5fb960a8a74dd7b9d6b7f14b805b50d,11435412637,1.1435412637
0xd2e676d420132b9942dd95f9e4881c7cd9b19e3b,257926011,0.0257926011
0xd2e82048d08035d8380862fc7430dd2a2b57fc26,381295196,0.0381295196
0xd2f426ab4b365b4666f26867c2ad3d126ff80b56,97305736,0.0097305736
0xd2f6fe9cb5c2c08f3091903fa7910015fca8baa4,10971816,0.0010971816
0xd2f7bf2901a295ce8a8f9c9f34e33f9ea4fdb15b,4990971816,0.4990971816
0xd30f03cd97dece8f9e3c27d3173d7677e8779c25,1,0.0000000001
0xd31433865cf4258e8bb7501bea32fce98c89c441,3864820,0.000386482
0xd31c3949c31ba5a1e554563ccfcba32a887c6215,444045553,0.0444045553
0xd31f267c6374ed045f414db8b04e0b84fa266e2b,3719,0.0000003719
0xd323330214bfcaa825b0270c5f114574737db28c,98394536,0.0098394536
0xd32bc877bc61e9188678085bf73a5bc5fd02d6f0,1084,0.0000001084
0xd32d2202fe9799f414c27b452230674fdd3c65f7,10971816,0.0010971816
0xd332a8e50d332945a6aab0f1ebb37e6a5164ca1e,18246795597,1.8246795597
0xd334fb4708ac28eed83b592c5513e38a6be80356,105724306,0.0105724306
0xd3389621e2644e85cff84fcbca2d84a949f5ef18,987776088,0.0987776088
0xd33bc7e1a053c58364cb63936cbdca0108d9fc5d,190,0.000000019
0xd348ad14a15046b937c4815f7387309391628f6e,9,0.0000000009
0xd349434b426a2e189dd6582cf77909d1368b8c36,569760860,0.056976086
0xd35143f4fbf633d8ad855e88a54776aa430fbbf7,615706779,0.0615706779
0xd3545891708f624282767d892e04b439bf5c0e5e,2122817858,0.2122817858
0xd35fbe060fdac098c3e9e7abbdcda9102834a51d,11,0.0000000011
0xd36a65ed3bb4b8cbf05b07c3482e6a13ffe8236a,7094314,0.0007094314
0xd373dd844d7d10f7c3cfa0d6206de57380d35611,60056689,0.0060056689
0xd3778dfab5c871ea13b582be88298fc6c7787074,95787614,0.0095787614
0xd37b74d929e85526b8b6f9f4906ded13bd27e2db,4973544974,0.4973544974
0xd37c8b4aa1df7830bc1c6560d094ff5ea2cae1bf,8,0.0000000008
0xd3829b963b47c1df10ea00501c991639173a5393,9977133301,0.9977133301
0xd38864258ae64e5a1b933f912a7c33657e99e288,3159,0.0000003159
0xd3916dcd64ba72fc86e0374c526f1f4b13d4af73,7,0.0000000007
0xd3969e94a938dea398f9b0936cdc0abff1baa683,4456245337,0.4456245337
0xd398c07665007ef1de1c99a1765e0f227e4084bc,450052129,0.0450052129
0xd399225118559f4f7a02540f4a7aea06a9befc77,94965148,0.0094965148
0xd39ffb73afa3b6301e54ef144fe842e4dd380528,2990971816,0.2990971816
0xd3a6176e26fdb931249801131e4d9ac068ac4795,19990971816,1.9990971816
0xd3aabe5ac7826894701fc11e90b52509252675e3,599556,0.0000599556
0xd3b4549f1715622e0ad4ba04a4d7b8018ad3c8f8,156592,0.0000156592
0xd3b7323c7825e28f716ff58161a5db1410ebf7d9,30509412983,3.0509412983
0xd3bddb2b37b9b156f12618ecacf7c5dca0a55831,202633,0.0000202633
0xd3c8453e8dbb575014d06dc03f13f5ca97b5fbb2,90971816,0.0090971816
0xd3d4386ca14f052c9a8bf327c2d520243846814f,8041,0.0000008041
0xd3d55f3e60528ad8b3454f322bd4f5e080c73bc8,2809954266602,280.9954266602
0xd3de06fb8e47e13eb5716dd61813f1a6c3b67d43,95787621,0.0095787621
0xd3de1f8aa8e9cf7133bb65f4555f8f09cfcb7473,5,0.0000000005
0xd3e3b55e5909c9b203c2939ba93f5b24981166eb,5448,0.0000005448
0xd3e5612b4473f62162fe532062e3d929aa2d4fd9,10213524735,1.0213524735
0xd407670fd5737b39af3889a26d49b25f2b9610fe,188505347841,18.8505347841
0xd40b365966cae1d167d3523eebdc66faef32236d,7,0.0000000007
0xd40e2438336c51b40830b0df5349866bac9b802e,1406431360,0.140643136
0xd418dd10550080725f4f1a840b4c3c33e8daffec,61764,0.0000061764
0xd423b92c9b4ebf6655c648769591b4439ace5312,90971816,0.0090971816
0xd43ac145732150bb840d74e6681c9bbb021dee6d,6319039,0.0006319039
0xd441808b5acd54a98cd22d86fb11365d28212cd9,381288898,0.0381288898
0xd45b37e7a2b9f8e076cd474c10e805dec4ab46ce,87165,0.0000087165
0xd4648afa05071c7e2c3e74e64b017bf0291be3a6,488971816,0.0488971816
0xd464f9fdf519ff2a5f3d070c85adc311bbee9ebe,10000000000,1
0xd46d32bb88df22682bf67adf9d6990d2afdaea2c,599517,0.0000599517
0xd4716a8440ffd6fa51fe78aa70fbe3fc31d8d8c1,2,0.0000000002
0xd4794864f91d65806daa140590cc1c46fccf7046,98569822,0.0098569822
0xd47d6fca909fbb32c7c5ff0e8fc9ed1f6bdd1491,1,0.0000000001
0xd47e08798d34a3a852c8a0ce789fe95576c464c4,5381344837,0.5381344837
0xd48f1a44e56526e96a983ff750559aa365810d5a,41857310851,4.1857310851
0xd4903a977f8c6358b0449e86dc1ae16f6ef359f8,69735459295,6.9735459295
0xd49eedf52722edf786198c09e7511944d2372651,90971816,0.0090971816
0xd4b25ee7981d834a58e43f49c7eb15af9498ae32,3,0.0000000003
0xd4b8bb20b92bce89bccc5d1082dac5b0ae6d0713,104577070,0.010457707
0xd4be8d84f32ce407f1b53ab2ebf4258c0005e9d0,9,0.0000000009
0xd4c384e9bdfaab788f33ff1d0ea5907037160269,10971816,0.0010971816
0xd4ce7446cebb4703e2adeeec7a61ab0d41217ae3,6,0.0000000006
0xd4d086744c547f9f944c13c3aabeba24a6f685f5,5986114679,0.5986114679
0xd4dad19f21b58273979b68cb3d678cb9663950a7,89498083,0.0089498083
0xd4dd862b4712f8becd3c50348d1cab869188a373,96099865,0.0096099865
0xd4e438c499b24f12d6c270833015791a9d6ab94d,8883149077,0.8883149077
0xd4ec784919de377152f593514fd122dbdb4dddf0,834,0.0000000834
0xd4fc1b2af5cb9d182dc665a78775cb4dec2794f2,1,0.0000000001
0xd4fcbf8d30ae8d542c63576380c6e91e404a7e4b,599557,0.0000599557
0xd4fceb06f9e277797c58c4c09ec31d4688ebf80b,9,0.0000000009
0xd5068ebb031221244a274ddbb1be8e1dd9b4a11c,99757795,0.0099757795
0xd5072feccb510d4ddc6d74ad5475a6c29b7f8f81,7,0.0000000007
0xd508c555c8349ae273c1da1fad738e9b66950d4b,100000000,0.01
0xd50a234082c1cea12a7a9dd6f37a85fcc55ed459,90288633,0.0090288633
0xd510667529a369f5e02dbc4624fc37fc975c444a,648360,0.000064836
0xd5144396b632cf8a254ded6b37efee6829cc4aad,35995,0.0000035995
0xd514591b346e4ce44507aa64f6d3f5d8b7aa8a67,1772055109,0.1772055109
0xd51746bddad738331d5dd10ee6e456f2e1e8b6c5,1259971816,0.1259971816
0xd5212cb08b86779f61a5bbf38ee9e36f307b5c03,3990971816,0.3990971816
0xd523ee80ca87073d80667eaf1c3533b67ad19779,24947089948,2.4947089948
0xd52a13a7cef550a8073744488d3410b598095a86,4,0.0000000004
0xd52c41363b0defd25cbdc568c93180340f8611a2,6,0.0000000006
0xd531e43eb8ee084a6bf65a0a6ee0f424baced793,2,0.0000000002
0xd531e4fa73b19d8241cadb4e3a794e9a38fbcb6a,48912,0.0000048912
0xd5391180f27db0bad4958f30574a0c630f9032a3,44658705,0.0044658705
0xd53de077613307edf801e9af48328bb928e9b37a,317260059,0.0317260059
0xd54881095ba3de97af60542fee69c58e8a9e245a,4083509,0.0004083509
0xd54f29ec1b861d43c406102306e4bfc3b5ae3dd6,558786979,0.0558786979
0xd55246fdb8e6cc60f3d121cbfa35e06392ad027f,32936029,0.0032936029
0xd5553ee72ebb7a1c7b2f5a687ab302e329ee728f,90971816,0.0090971816
0xd56af1033e0d8784fb71ff9848d6a3422b847de4,9927370121,0.9927370121
0xd56e363d71d40bbfa1b3cacf67cdd0560c901775,19977133301,1.9977133301
0xd572ed0c38b745ede77963859c67ca8bc2db10c4,8,0.0000000008
0xd574301a5a98b8a43622a8f6a1d7951fda2a1d53,4020971816,0.4020971816
0xd57fd6f7b8b455388456fc9e6b279b4321907393,599752,0.0000599752
0xd584f7c72cf2bf086a4a85bd5667ed733d4ad67d,2000000000,0.2
0xd5853adebea62d56732095dda3703b986b05ef54,4973544974,0.4973544974
0xd58d90dc678a43ffc8e04f1437b85bfe0c69dcbc,599478,0.0000599478
0xd597bff7485a3c269f7220c9f21ec23e9a083cd2,228333301,0.0228333301
0xd5993f92924c158a463e445eb18c921586d1e32a,95100,0.00000951
0xd5a1bf11a28239222a46b19bca2da5f24e993001,262994934535,26.2994934535
0xd5b07e1e3089ea54674258861be8b323853c47c1,98572079,0.0098572079
0xd5b3d6d9a590177f1edde381355e009d6478af81,96509331,0.0096509331
0xd5c7d0780d920e088aecd3d265f9a8f191b6f225,1,0.0000000001
0xd5cd890b0e7806e5fb8abeaabb755ff34b35ec66,1,0.0000000001
0xd5ce300682a28a16b46a5433a65ec54392c6a19a,31677985667,3.1677985667
0xd5d23839afd88bd704042b189ca84601047ce7ba,3,0.0000000003
0xd5d275a724bf27b91c1dacd724a686ce6724e10c,12612107,0.0012612107
0xd5d4b76bf32e06df04d4803f8d40b17885aea9f5,58909575,0.0058909575
0xd5d681aca9773002dce6ab535c4b441d3adb75ac,986114679,0.0986114679
0xd5d74bffec4b1c945094383844aea8bd93073c4d,91196115066,9.1196115066
0xd5da422aa15c6f80afc15884f70602446ec282e9,751313,0.0000751313
0xd5dbf2a4dbd846082ef7bd13e9bdd7624648dba5,119990971816,11.9990971816
0xd5dd82d72eb1b2c31b740cb400ba72c4bf5891e9,11816,0.0000011816
0xd5e33b5d4a2a3c8ef6b26fea57b862eeeee3b510,19977133301,1.9977133301
0xd5e9f8aa43409b1cb830424043672f08bb5ff662,267635866979,26.7635866979
0xd5eb03a715cf136add229819f6692959029876aa,100000000000,10
0xd5edf2a5b11ecc6c7b4554736de4fcd78ddd3451,11816,0.0000011816
0xd5f13f8cdced9776542dcb9a53142072b6744528,1,0.0000000001
0xd5f44c9a74b98e7619e18dd9d11cb268a06c244d,39968036655,3.9968036655
0xd5fd0ba0da8a8e39530f3db548f4d9f0e5f8e40e,130193257,0.0130193257
0xd5fe1cc80d5e35dad7fcc593d8940f1ecae0b8f9,381281612,0.0381281612
0xd6009d81240658cc078ac43fb3fb108f35b811d0,7108548891,0.7108548891
0xd607c4682586ec25ba7c7f251366ff09a7310365,6729094099,0.6729094099
0xd60848390bd1966ec2981b1af79319064ac46784,6,0.0000000006
0xd6086d1fcd62511b1d7519a83f285892c553f6be,92638100,0.00926381
0xd609e69500ee0cf38511a0a94604a6871ea0cd1a,258207610780,25.820761078
0xd60a30fc784e364845b59c131d71df150798d66e,4,0.0000000004
0xd60eb56f5cc4d2204d61748e31daa72cc9427f1e,10971816,0.0010971816
0xd60f62adb84150dc22bb0b805b6b09a02145fce9,242449836,0.0242449836
0xd61a066b7f74610f44da88caf3d6a634b9f10be7,9,0.0000000009
0xd61ab81f815cd19f762f496e79078ed51d122a12,77305754,0.0077305754
0xd62120eacfdf9150b7784a4b4a7e501bfbffa911,8,0.0000000008
0xd623e113b373c058bfe94c8049ddaf321a8c98e4,377499,0.0000377499
0xd62816356f64706deb8539203374f9b6c6cee75d,70960112410,7.096011241
0xd62f5e03ca9a2e1f18a75efaa28bba74e452f911,6253226044004,625.3226044004
0xd6358467b299f6303627302f7a98eb8573a8017b,5193346,0.0005193346
0xd63700892e24577237970ae31ff74cae99ee169f,20488445347,2.0488445347
0xd639d0d72d61c10e2f4e333ed3aa0f8deeed7c51,10986114679,1.0986114679
0xd6437c6d913fb9de01ef87f6b5d1b14be1cec915,58156292,0.0058156292
0xd65182d26e3e75844f355a4b448e9fc20333b917,28352187551,2.8352187551
0xd6534b12a8666011231e78e141bc2e83b5c4d34d,90971816,0.0090971816
0xd65649def2f91c90e06613852749efd3a25b71c9,7649,0.0000007649
0xd6564a611160d7d2b16040e469971b576baf540e,1000000001,0.1000000001
0xd65cda066988682d14922f060f60c200581bfa79,1417596574,0.1417596574
0xd65f4dec15794879d4f1c0343738b62e06731c91,93378251,0.0093378251
0xd6708e583257783e6dcd64b8e5df7dd79377311c,20198076609,2.0198076609
0xd671c9e0c1e7d6db43402feb02870f5d2c3373a7,12052873,0.0012052873
0xd67425e31982426a74f5579e886446b2a7efa466,61,0.0000000061
0xd67892639348df909f2e2e6c5fc1bf68ce45f17f,30249696256,3.0249696256
0xd688e6bc06670816e53b31579e230f8c9f3d724a,2890076863813,289.0076863813
0xd68b121871c3161b179c2216a74661397afa133a,10971816,0.0010971816
0xd68dd3b26c0c33386f284f43eb8e131697d514e5,711608156,0.0711608156
0xd69517e958ecc2ae83077341cd829849962241cc,1,0.0000000001
0xd695b72423126dbc385b1626fae828c03e512899,22607392,0.0022607392
0xd69afb6ec47e8172b58f582641ecc8270dd17a84,8,0.0000000008
0xd69d3e9c0f49478c0eb7d2279cb5fca2d6ece17e,1000000000,0.1
0xd6a430b25b12e39dcc01edf5c84a860d27777777,423126826884,42.3126826884
0xd6a6f4ffaae24440c1978273b5e9360166ca5f45,182447710993,18.2447710993
0xd6af843446394162eb54b2a9f99fea4d7c2f3074,672099094,0.0672099094
0xd6b36e38ec1f9f0f831985783fd12b2de6f0986e,3,0.0000000003
0xd6b4c31f6f014e5e0d9d2460affe9e8101d0623b,7977133301,0.7977133301
0xd6b5d2de6bd013d91b4a1240d3a4fbcb9363de11,56217121,0.0056217121
0xd6c2a4670f25ea1f2d6dae872be2c945853dcdff,4,0.0000000004
0xd6c56f991585bf895d5f8c50c4a105e907b8b58a,2266453,0.0002266453
0xd6ce535dd67391503166c44c439f6e0f8a807c57,99357457,0.0099357457
0xd6cf99ea23487a456db13e31919736f39994cae3,9990971816,0.9990971816
0xd6d445849d636229bee7cf6b85da2b2ef53b4246,5,0.0000000005
0xd6dd18767c8b486842a86f6930758cd8a9e00953,84681,0.0000084681
0xd6e0208fdc4ffd0fa9bf7bb20f9d911d0414b106,3610744579,0.3610744579
0xd6ee2ce949ad28bd18cdead03ed23846a2ce11e3,602,0.0000000602
0xd6f31efc42b0e155e4ecc7c7415113500656827a,7584990,0.000758499
0xd6fa567689758007dd2dc92cc941567daae16a60,544974,0.0000544974
0xd6fa83124e1215b6985b2062262b05f46d918d69,34251952,0.0034251952
0xd6fc74e997b1a2fdf91a14f63c8b4e9fe88c4326,6,0.0000000006
0xd705714275c9b1750a02e4a1ef96014cef7fa354,73544974,0.0073544974
0xd7079a565758d35898751d56292733c2a26d09d5,500000000,0.05
0xd709773f6f3b7cb7c2f67e9b2af7edf6f45a7158,95053125,0.0095053125
0xd711a40d5c1fdd80c41ce0244e4d62c92d1788fa,93298408,0.0093298408
0xd7189d8ed9d863c9804e22b976c00ea529761921,9700910,0.000970091
0xd71f5440a43c4848c79bb2d001c6af127eaeeba9,7,0.0000000007
0xd7223a87fed8b5192fc3bc196f30cc45c70bdb45,9999999684,0.9999999684
0xd7333e565924a980e5003569a1a0093c89698ab1,599563,0.0000599563
0xd73405af9eefad3e5ad6de1f8ef7ec709b0d223f,4,0.0000000004
0xd734d50c772e9e9df371337765b0b6eec5c511f4,37251437,0.0037251437
0xd73cc8b36cd84252711beff17faf8f9797642920,203968792,0.0203968792
0xd75229819c7f6a664ea443e40bfdef806d03af75,50058384574,5.0058384574
0xd7529bc326f07e4d3e5740afb8a9151541b9797c,13990971816,1.3990971816
0xd755a8d0c72b379f445ab17fe60af9a76eaad221,1827646521,0.1827646521
0xd75aedcd10035c9c949d2a39715d4ce3d5c8f5bc,3,0.0000000003
0xd764a420f474a32739b7d9cd04965876c284a582,99999,0.0000099999
0xd766aa4a332ddf3dd7e9e11a69d985a46734ca06,596147261,0.0596147261
0xd76bb40d855dece19de5d84a6a42a07f2b82fe72,1,0.0000000001
0xd773be87460bd7108a4d996729cf3655e0e8fa57,62837,0.0000062837
0xd77477817d2829425907ac0986a50bf119fc7de5,1188399300,0.11883993
0xd778f0a12cae7dfce7603182185b839a6a88dffc,9990971816,0.9990971816
0xd7791f97fff24b0902d3989e0d8e361a97ba492c,4,0.0000000004
0xd77ba3d23a60957255a306876ad4ba720d581555,2740000000,0.274
0xd784033849b9392f9aa627b6ba4f4d3ed965674c,32170075,0.0032170075
0xd7896213ffb871d293237e578d4ff13b15039c1b,9,0.0000000009
0xd7916dc9012522d7ec69997e7bbffd888675313f,14948234364,1.4948234364
0xd7948ebe844f1544eab530c837917100dbfaaa8c,9905894844,0.9905894844
0xd799f0f177d521144d02e23f96dce86e64d07e05,317872857412,31.7872857412
0xd79c793b4ecfb177bfb2648b6beb250dadf2f356,3177133301,0.3177133301
0xd7a1c535965aa05a422b44c99921371f58807fae,1,0.0000000001
0xd7aabba5c5e3edb9bf2f2a8787199e19fc2164b1,1967763151,0.1967763151
0xd7ad7f880ecb9645ebd6abb16cb948fbe9208d55,271012163,0.0271012163
0xd7ae5de2f4373b6ef31d1c18096629cbfa6fda47,1,0.0000000001
0xd7b4f0b493b225d2ebaca474b69e4bbcd3f38e14,90971816,0.0090971816
0xd7b522717a6cbe54d3d4ab67df96fcdf437eda69,85704,0.0000085704
0xd7bfd7048abe73af7f20ddad577622c195222ae0,98571526,0.0098571526
0xd7c4297be4879477142902c4421d96bab74ae944,158342544,0.0158342544
0xd7c737a195f75ccb819a1ce7474892e4ab6bff8f,2,0.0000000002
0xd7d1e4c896ce7a4d4c82097e8c6f73148ee28830,10781943632,1.0781943632
0xd7da4b7c0d8054e5755a811334fb223f3f5e0f23,8,0.0000000008
0xd7da72c87b081a8df7d522c6237d894b6f07bcf0,13424038,0.0013424038
0xd7dc66094203448c784bb3fa17b72abd72203c5d,1221290,0.000122129
0xd7f14c884443c2201b217ee4d143bb7521b541d9,99359476,0.0099359476
0xd7f52ca21b80cc622edfcaa54478e5a6ac2e77d7,74803253,0.0074803253
0xd7f91e3ec0c90972635e6c01bebf45d19fff1e30,5,0.0000000005
0xd7fb298f7e7a58d64f7fad2a16d8707b52a08c0b,8,0.0000000008
0xd80b120ba0118ba030706c5825b77bfcbae9cfad,170052195495,17.0052195495
0xd81aed4baa60b9cee8005450d3ca074e9db88580,4974,0.0000004974
0xd81cf72e0d229004aa55adf7a0b43e7a34765ae1,6,0.0000000006
0xd81e01640226ce0c762c1fc53cb7be5e3bb64d84,2215608422,0.2215608422
0xd81e7f0cedebabf468a19979e37b5ac8102568d9,96099876,0.0096099876
0xd81f6015a4bd86ed87dccb6d9737c13102f13554,191831808,0.0191831808
0xd8251f18e25da51c4df0418cd9b2634bd6b24678,22251311,0.0022251311
0xd82a92991df76f59fd0c3c1de786f03d8a01e7fc,4,0.0000000004
0xd8340a961bae97a56fe052a5be7a6de67f6a8a81,8745814489,0.8745814489
0xd845f909a21e698a179ff04f66e9490d208f8656,51627104,0.0051627104
0xd84d7bdc4b79171917c81ddbb22a01139eb4cd84,2943627944,0.2943627944
0xd85c29577845f1678435e464dfb7c9a4a86eff1e,2677907283,0.2677907283
0xd8647c2e8ee29714ca82029b6d59c25ee851071d,1803511378,0.1803511378
0xd8682e2a5b4ed49e046c144b4f7e9b3e09d65824,599114,0.0000599114
0xd86eb1d8874cf33af2cd40a4883dc54f04f6aad3,62990971816,6.2990971816
0xd873129d0fdc9569b40e4b37e079022a4b614291,37894646568,3.7894646568
0xd874387ebb001a6b0bea98072f8de05f8965e51e,619680285,0.0619680285
0xd887474fe347562450a9a892204abb3d13039550,3,0.0000000003
0xd88a274275ffbfe72d0815f32f8dea13852e8ae7,313122777,0.0313122777
0xd88e2b0451f1d327c2d29d1e0a19fb1af198a4f7,1,0.0000000001
0xd88f34679b914c4c677ddc78ae0bad7cdf6760cc,8,0.0000000008
0xd89977fc9646fc70947eaa48d5c0c715cdae0081,90971816,0.0090971816
0xd8abc928afe1820f65e0efc7150b8a58804fbcae,280592236474,28.0592236474
0xd8b0b46c0630f13403462b43935a39f8e6ba52d9,90971816,0.0090971816
0xd8b3567e981f56aa20bbc498c2d084f69b2b568a,259705950802,25.9705950802
0xd8b62078a5b6219532a9a5f68cdb7cffaad07e9f,2376228233,0.2376228233
0xd8be19f1b4e9986cc8e94fb83d8377a050497d54,2071527760,0.207152776
0xd8c4ae7816bd207b8ff06b3cdb7b1c1e7afd9ae5,9,0.0000000009
0xd8c6b8862d26c9be660f9d97f29695358a1e4cf0,887264,0.0000887264
0xd8c8f8e07f779c34aec474ba1a04e20e792b5c5f,157251861124,15.7251861124
0xd8d1bcdb29fb7f87db3e14c488588171a27db2be,4178532289,0.4178532289
0xd8d6fa849641d4804f63e330562789acba6f75c7,3271816,0.0003271816
0xd8e0c7ccd51972c446702e271572d18cbfe28f25,47566550,0.004756655
0xd8e6ff4dcb5145202eeda0b4feeaaaae7555ce40,544974,0.0000544974
0xd8f570a2e016d1737a94a23cfc4925e98b017590,85798638,0.0085798638
0xd8fbdef502770832e90a6352b275f20f38269b74,222462231081,22.2462231081
0xd8fc441be56006d1d6d887c8d6f8f71cb3efb6c8,6947720484,0.6947720484
0xd8fc49e5b1c81ee8d963359e4c83639d9f051d68,1400000000,0.14
0xd9039a85c87c9f1f1e262dba111b19c47055c76d,708912,0.0000708912
0xd90521f80726b5dfc9c8a3ea52961648dcdf7899,21422103,0.0021422103
0xd908c05a66f91ecb38693f611554daa080d55c3d,2,0.0000000002
0xd90dcc6ac43651ca372d53e7ac701825cbb2802d,5,0.0000000005
0xd90ddeeacb4f9df83c74733899fa9bf2c2cfba99,4,0.0000000004
0xd91488b7d9d133c1e4ec8b0c6dd8b3acd5221d5f,125068526,0.0125068526
0xd918736286a63e0637a9fa521e60c90a5cc0fda4,91476681,0.0091476681
0xd918fb1320dacc4eb14d29d706a949e3e5074908,3,0.0000000003
0xd923de646d3f0bb9eb7f9169f259c79c3ede2188,14064851525,1.4064851525
0xd926b59126a497e6f1ef372975402e3b7ebd744d,296854166289,29.6854166289
0xd9293636ee3aa663fc563adb0912b0705dafb62c,1329027831,0.1329027831
0xd92ff58bd18b79647373a054fb2ab470f4526ace,2002565143,0.2002565143
0xd930f685f37fbd9fae9a0cbee0762eff64b94f8a,270882306395,27.0882306395
0xd935d27421bf91d761dfdf99fa1f594ea6d99756,1,0.0000000001
0xd935f88fc0915a1aa6bad3b539834eb832339326,7,0.0000000007
0xd936f115c076d92f97a4687d69ca6d08ff2ce742,9,0.0000000009
0xd93a884be637c7fae06008862ab8993c39ea2384,5,0.0000000005
0xd93ade70692912ffa22dc0867aca05dfbb608cc8,5,0.0000000005
0xd948f56dd873831688108aeecb865a4a2fd930eb,13,0.0000000013
0xd94e1c5376665a9b18ab93542d38005c36d64790,2973544974,0.2973544974
0xd94fd07d5e3dfcc1cfff5c9eb5de0c43edb7c7c3,573544974,0.0573544974
0xd952689e56357b5d7b0006179c58fc4a873cf598,69468073,0.0069468073
0xd95443930201e875230ed691a17f200c0ad3f646,45667535,0.0045667535
0xd95cc5d421ca20b92c0acd6568f70a0ebeb7c200,40595934,0.0040595934
0xd971a954a0a3ac1883e7cf23cde0f7b15d2d0b54,49990971816,4.9990971816
0xd9765f88402913b898a44fec931ebfa9bb282f09,1500000000,0.15
0xd988297e9e35001992028c4153eaf1a4de505098,90197486,0.0090197486
0xd98f33072bcb56a7e6141c40b18a257b710c498b,8,0.0000000008
0xd9932a9e061325e4fa3d3cdc6008b8318a82fe3f,95740461,0.0095740461
0xd9958f92a7996098a26ef8a2e4e04713149ee82c,26756972485,2.6756972485
0xd99a453bb89c942bededf2388d51510de3962ba2,53246949,0.0053246949
0xd9b04f8edff8a2b5e1c55bb24bf7236c3df9d562,13092635476,1.3092635476
0xd9b46507f30a6d74589cd6d4ef3b3bf16ef00e24,5788374,0.0005788374
0xd9baa3a44ad6f1c10a619a0db3a4ca75e384d62b,1032936539838,103.2936539838
0xd9bcbbffcdbb28bb0bb3edc457850952866ae64b,544974,0.0000544974
0xd9c7b82a4dc02d2603cb274727924686cae939b4,2327079082434,232.7079082434
0xd9c802e0977468cc6916e829bf83491a3643af6a,2971816,0.0002971816
0xd9d1064e32704bdd540f90d3a9ecaf037748b966,7685265269897,768.5265269897
0xd9d16e8a05fa950e2362319cd3efe94016cb13d5,418110,0.000041811
0xd9d957c8ba5540a2e5746e94a042daae22239757,140455749,0.0140455749
0xd9dc13f3286c15eba48ff55e9f39020a6b1a8591,79218837,0.0079218837
0xd9dc1b47e708d40da6fd33aa060fa7df42f72ffe,55577490,0.005557749
0xd9e4616edb3ba1532e9263f7ecc885458e1b5e3d,3,0.0000000003
0xd9e890e2038496101622c521414dae56f24e27d2,6879734364,0.6879734364
0xd9ece37ecfd23beba61cbdd7c1dc83ac9bbd8dae,2,0.0000000002
0xd9ed7427f70bf4d97032c530f1dec1d2fc2062e1,46037895,0.0046037895
0xd9f1470d5dc81829e194fdee5abbb2561d41b35a,11816,0.0000011816
0xd9fae82811e3bd0dd8c094f1df58c2ed34c8eefa,9,0.0000000009
0xda03a3756084830f469d2428ca22038ec303473d,26844028,0.0026844028
0xda0f0ccdff2180ece3e790cd705f94c94f53c57f,9540998,0.0009540998
0xda13157f47929bced94ce06ef8cbef70328981fc,2,0.0000000002
0xda1495c844b49bcce8133931a11dc9a8310442ea,599557,0.0000599557
0xda153efb5a36dc6afd1540c49e1f18fbf2879c5a,94606232,0.0094606232
0xda1d9534bef3344fa5be3b644b767b349e7415c7,1216723118,0.1216723118
0xda20508bc939db31941e87fa7bdab502eea142e7,93322801,0.0093322801
0xda26357ba4177b8a219652641be5231cdf906cc7,9690971816,0.9690971816
0xda4023f9a8a876db1e2e0d50257a24b86945648a,990971984,0.0990971984
0xda41149a42079596a9ada22aa4d8e658ae2b3282,99357488,0.0099357488
0xda4b19675680ba7c7b9fbe8938e545dfb566bb66,9927661,0.0009927661
0xda4db9096222001cf3e6e9c68060bd4f7ceaf2b3,9,0.0000000009
0xda5165e98115a08e5eaa9dbdfe90f28a405d4dba,16398759,0.0016398759
0xda672d120bdaf97818b4f1eb9d00914eab9cdf38,4,0.0000000004
0xda6ac8769264d54074d94b112414084826ca30e3,8511470811,0.8511470811
0xda7f24832e7ede350f8d3b42de416b1c93bd7127,16,0.0000000016
0xda822f9c21b4aa505b8a18eaf75a041299719305,6413265316,0.6413265316
0xda85b72091828f7dd6b5091f9d90e2686f4c169e,64051379599,6.4051379599
0xda8639ebade510607414fe396e98171280ee86f1,74067174441,7.4067174441
0xda88f50e28ceb2be9be7174be655f8149085adbf,64615925803,6.4615925803
0xda93df9eb5229e7dd1aabe2bca8c04406adc5f13,19522125674,1.9522125674
0xda9f2ecf4230c162de1503be69309dde226a8a18,7,0.0000000007
0xda9f43911fd9df9db9ad48d44f94a1645d210798,18086555148,1.8086555148
0xdaa251c005c3333d6257fc96a1fe49bfc0bc2196,86114679,0.0086114679
0xdaa3274478da91b0f69eb04d85cd59306882449c,5905332204,0.5905332204
0xdab23e81bb756bfc458d174cb837dd9aee0477f4,8897219,0.0008897219
0xdab759735731abb759b472617fc461ae0dd2d9d9,1,0.0000000001
0xdabc70ab42bf6f920cca42ce98974fa1b64dd350,2696956,0.0002696956
0xdac3f0e0283a112fbe6deb5fb666b174767ba7ca,4304,0.0000004304
0xdace19d65488596dc67722453afa52267958871d,405101579,0.0405101579
0xdacee56bb41c60561bfce8686f1d416194755b68,9811062837,0.9811062837
0xdad473f98fa920a9d971f1c5d17ffb0e30ce887e,141480079223,14.1480079223
0xdad599a5ade1b2b243c9ee2cde3cfc106043c57a,10000000009,1.0000000009
0xdae4bbdc5dd769278e5712cca194c236e91a2e5e,8000000000,0.8
0xdae55f2c0367f24d13e72e75392cf2d68a450f7e,179395829,0.0179395829
0xdae7ecb35a668ade4958b2f67a6c398f28e30cdc,2550,0.000000255
0xdae8755d6a131dc371b02d41ec30a7f3caba06dd,544974,0.0000544974
0xdaebf8fb007ad548c5459abe32a302a8bec35a11,10000000000,1
0xdaf8fcbcb9bbc7168efa3716af3cdde5ee988253,9981186734,0.9981186734
0xdaf90fbb53ac7e7d2b9fdc2caf2eabc38494d1f6,4379615405,0.4379615405
0xdb0132c875ea7a00c4a6283da592ae6500205396,1090991,0.0001090991
0xdb0226e83e7692cc459efa04a2f6412c137109e3,2133,0.0000002133
0xdb0e010a0672d5688cd2212e673f7a8ae813965d,1,0.0000000001
0xdb0e308af42eddf58b0fb4cb8d524478ee5ee6bd,4,0.0000000004
0xdb13661cd256e90acf101b2148423164e602cda5,92640318,0.0092640318
0xdb30b239c4a11680997ff4cf9a1b073f560bfa19,85803943,0.0085803943
0xdb34a8a2d83e5b7e5957f58f8c7cdde089fd0fc8,54924,0.0000054924
0xdb3edc2333d4747cbcda41e124d36ae1d5a52f0a,31768260901,3.1768260901
0xdb408519751db590c4734e28cb40234132b692db,1124133001631,112.4133001631
0xdb59a696d590fc1d5c377d303fc2ef09dd4e5be7,4913249870,0.491324987
0xdb5fc6b7065ad5672995999619dbe8f499b17684,8108547,0.0008108547
0xdb6358c01e5504a1922b362207d8d372a6eee28c,38700722185,3.8700722185
0xdb6401b94232899d261c02182f526afbc3f6847c,8,0.0000000008
0xdb67846763415453a214ab8a9f7c14a0c8c99bed,14904357388,1.4904357388
0xdb6a35b56c53016c6b6899c5e31897e24081dda0,9551000000,0.9551
0xdb71878fffeeb9fdb33aa9e73eae20c26764fe32,94682251,0.0094682251
0xdb71a96ba6fc2d6fcec6ed28b85bdb650412a9d8,203823917,0.0203823917
0xdb7472f23cda9278a9f29fe9913dc0635b14033b,1084808749,0.1084808749
0xdb7bd73eb596836edb6975bb015b7f2f5dff7d86,33301,0.0000033301
0xdb7defc8c2dcd5ff7dcb884bba1602308c9a4cb8,8,0.0000000008
0xdb8003570efd39d6e99f4ccb814f9f5c78c8e2a1,1708288563,0.1708288563
0xdb8b59ae748b2b112c95462b929fb6c01a3ce308,98859722,0.0098859722
0xdb9159124972a18cb89505a581fe722df420ca92,8811062837,0.8811062837
0xdb91be6ac943255eabfd1ed56a3742c9d873c274,1005516859,0.1005516859
0xdb987c58b587b9c3ccf029989059a197febc6e11,490274055,0.0490274055
0xdb9b33ab6d35bd94fb35134349e5dbd77229a3ec,199999260,0.019999926
0xdb9e42045fc3344e75c11bd46e6b0fc60708e314,8,0.0000000008
0xdb9eaf6512b76ddb9d9af3ac9782443e5281bc8d,3,0.0000000003
0xdbae4bbf2b47aaecd46ea240add300ee5543b1af,6,0.0000000006
0xdbb0233256209c0e4d3df5d30f612590364eeb77,10631354,0.0010631354
0xdbbbd57030d3bb067293e338305002b1d830768e,7,0.0000000007
0xdbc12c6fced79902b7acd48dabd8f8c5126a8223,3,0.0000000003
0xdbc141b8c9b01e403d52cc747b39c0d81ecc27b2,86114679,0.0086114679
0xdbc3008af4eab5e5e514bb06818a39c4eca4c302,4,0.0000000004
0xdbc3c04d1dc9e599bb425c2d8431b214d09ae68e,602998610,0.060299861
0xdbc5531d87bb524512985e196ad84ae67a7bdab1,4156020236,0.4156020236
0xdbe383a2cb713815efbc6372c9746f00dc4678f1,94965538,0.0094965538
0xdbebebd88a162c207acfbf87128f991d45e4696e,15911430228,1.5911430228
0xdbf07416bb3c1a96b68c58d6bdcb9fd6963f0057,808783,0.0000808783
0xdbfdd24f859439e07235b45d529bbf789af2abe4,990971816,0.0990971816
0xdc04c5c104b9fd2663e15a5d5ef66e26292f5aa5,1474553929,0.1474553929
0xdc0a091b19f3016f73bfae90dc730b97ab867ecc,5,0.0000000005
0xdc10a4f4541278e8d0d8534345b6d2516974c6c6,95307987,0.0095307987
0xdc19f12b7b5008e78e37a9100604f24f26afedb4,85803607,0.0085803607
0xdc1cf3ba48f73683503e85c903638d17bacd1226,9,0.0000000009
0xdc2b0a50c8053e9a429ca6ee0e554c9a76951df0,89358427765,8.9358427765
0xdc31ac57a187786f8eb5683edd353bf469964f14,1377413790,0.137741379
0xdc33f92e48f5da3fbdbe4b5550d1366bcfb0936f,1,0.0000000001
0xdc33fd3cbc50aa8114a5ded4801a37306a3a9cf0,1930,0.000000193
0xdc3584e6ae02a7d04fd75ace83a67c637bd23341,990971816,0.0990971816
0xdc35d3f6602225dc1a2ca74f72474f0f9d5a7c8b,2,0.0000000002
0xdc3c308189f95dc4d40c83abfd656de179202322,1990971816,0.1990971816
0xdc4781083f044a2ceec2b21e9da58f13cbdc7be9,4,0.0000000004
0xdc5842a1c85dd3efd56ea58248cd41c6f0467f9b,96426108,0.0096426108
0xdc5dcd20a8a63afdb5ed0d666d07e3fd158624ef,3284,0.0000003284
0xdc670f82a2a4059ba24994f979e1d30fc40d514a,77581396,0.0077581396
0xdc6cba138ebf4461c5764eec395afc38d6fd7075,23349273844,2.3349273844
0xdc6f4dc604a46827d41b41fa332bc805d0ad8137,10000915732,1.0000915732
0xdc72e71549f3a194e92758467b692159828cb9e4,21809555,0.0021809555
0xdc7e1f0c220df563bd252db088b7d5c09bb4313d,990971816,0.0990971816
0xdc7e6b81366bea0b24d6c537984a8034461c7f5e,49865436840,4.986543684
0xdc81b174c8a66c0d3665cb3ae0749aa239f734f6,10000000000,1
0xdc99cb089fdfc6be618880c77bfdecb82925e2e3,1,0.0000000001
0xdc9d2c7a7002021f327e83a0164ebcb711c671eb,181943632,0.0181943632
0xdc9e1af9869b8771a9cf3b2d17264019c6aad2c6,16557,0.0000016557
0xdca6143e849247df9d1a32264fe5108fe31ae878,73705,0.0000073705
0xdcaaf06089c6b35425b5aee57fe3d0dd3f9f73f2,8458521,0.0008458521
0xdcb020a357c89f822270c6a9e865395005f9a36a,35628109565,3.5628109565
0xdcb1dca8472a31b84ebce4b13c04ffd7b035cc1b,4665061220,0.466506122
0xdcb384bcb52a51213118a71cf24acadf9c625d96,100000000,0.01
0xdcb3a5705ae88e48796ba5e77f8006d8e71ce005,10971816,0.0010971816
0xdcbc4ed2bf231697ae305f4830fa1ed2c83deb2f,15138,0.0000015138
0xdccc5f3bc8330cdcc01faec924baa1b6585e1319,221989,0.0000221989
0xdccef27dbf0de7c0acf4b305065799335d0ca5b9,6,0.0000000006
0xdcd2952d7292a9a14935d4564b876c502271fb40,3,0.0000000003
0xdcd3bfd30fcfa95e437ed95bda8edfd16ba77bf8,92640315,0.0092640315
0xdcdcb505ef4ec5f781d1934eccb1ff257ef86d76,2149587977,0.2149587977
0xdcdfa74cc8d7f56b33f45dec14ea2c4dddc3cb76,76315758,0.0076315758
0xdce1b5c69dbfba18f17be04846fe7a7a707f2248,97307258,0.0097307258
0xdce8be2dabc81d2cdb7da350b2f9258f7e43e005,599446,0.0000599446
0xdceb0bb3311342e3ce9e49f57affce9deac40ba1,3471574312,0.3471574312
0xdcf95d0b6688e0e803043943a482bed0c3088717,986114679,0.0986114679
0xdcfb99257045686b7921179754277c529e816acf,2392144,0.0002392144
0xdd07b9977f64072b616c23b95020016f92159899,1990971816,0.1990971816
0xdd0b39261ec7fb9a12793276285263f0e5747a09,48,0.0000000048
0xdd0cdad7a749cc0837e5d231c9d07766b96a25e9,971816,0.0000971816
0xdd10369c62e9f89006e75425c0f9cdeed763756b,26684819674,2.6684819674
0xdd1a71dc8b7dc3f488fa4c6df89377baa07c09b3,599518,0.0000599518
0xdd1aedecf04c5c348536864d9d1c1706f7b13bb9,61919720113,6.1919720113
0xdd1bda4bca81d2ebf575841fa49bafbd8d612bbf,377567713,0.0377567713
0xdd228d01e11041050be93fcfaf3005930782810e,35106055017,3.5106055017
0xdd23e611e5e404884300857716c210848ad4430b,6979575567,0.6979575567
0xdd29da172ccfac8892c6bb98c0942232e5ff67c2,7,0.0000000007
0xdd2a48f1d678d43b4c758dc0d0b155a7837cef5d,20247089948,2.0247089948
0xdd316f74fd3728091c29387c794b9307a87ae517,98902788,0.0098902788
0xdd35e9470c310f50dfc6c5478ba021765b612d90,1,0.0000000001
0xdd38b0e3bfc6e699321d4e05bd44811305f8c235,673743301,0.0673743301
0xdd3a0723eba7d30133c71ccc6c300a15035f7b18,9,0.0000000009
0xdd3c0f408cad52ca1224cb52b97daea58b443fc1,3875802172,0.3875802172
0xdd508692c236490bace8278c2df8fec6eafb8d4c,11816,0.0000011816
0xdd54b8ab5922313f9f67b594f3895ae4949df596,10971816,0.0010971816
0xdd5b1bc0d1a5ed27f50c7ecbef3b7b2fb5355ecc,973544974,0.0973544974
0xdd65c5e9d1d4124a4730a9bad9ba5784f9b1d1ec,248172705,0.0248172705
0xdd6e4cbd424fb4932eea2a31e02115dcf3ec35d4,990971816,0.0990971816
0xdd718f9ecaf8f144a3140b79361b5d713d3a6b19,322148552,0.0322148552
0xdd7724eff52c6ec5f2f7649eadd5025d890b3690,9990971816,0.9990971816
0xdd78b2b0280b93d9da709840ac34621fde0b0358,4465818,0.0004465818
0xdd8aad8d563df0799551050822bf4a06e35e18bf,8810166113,0.8810166113
0xdd97e7ffb2ae6d44c5b864aa79cc7fdc3aa97f1f,9,0.0000000009
0xdda50999e94049d288ded0555f6fd6406f27b27c,100000,0.00001
0xddab856bbe7320bcc3c434788c819ba8eb98c0b9,10965,0.0000010965
0xddaeb77f221b8f6a6401c6a1ed7f09b59dc364d5,85435331,0.0085435331
0xddb912d02230795680427fd31743db41e5083fd8,5112731086,0.5112731086
0xddbf0cefa50ca84af5db922d479c301f0137af13,17962756,0.0017962756
0xddc3ba83b44ad769f7994ddc38d5cc7dc77001ef,5,0.0000000005
0xddc60d163015cf5ca1369d557a2ca1cc2de1f1e3,4098543168651,409.8543168651
0xddcd0730de778a3776aeb0678ff26d1f210117ec,17962756,0.0017962756
0xddd1e4525435eb729d00f005fada5ddc60c8cdc0,810427123,0.0810427123
0xddd37680a1d4912850a41c993c079851d0e21ebf,900000000,0.09
0xddd85908209c8b784c8363afa8ee7e0cb76227a7,6,0.0000000006
0xddd93cec5843f471eb2b8b2886b2be32555b5209,800115206482,80.0115206482
0xdddb9a95e443a204eb8650d5ea578ed707fe2123,286812732,0.0286812732
0xdddda702563df36a433f5d54564f71cb4e8fc710,4065383449,0.4065383449
0xdde2e77003715f88e7f184c3472c79794641f22c,97973939,0.0097973939
0xdde40b276dd4abe24601cfb6f2d97010595f7667,381298725,0.0381298725
0xdde41272c07224c50676faae1d0e550f6e9bf91f,11816,0.0000011816
0xdde64130c6018ff9cb412c8457879776e2420e1b,13142468021,1.3142468021
0xdde9aef30339d2c5d02101e0a483e3d1891e1d69,397,0.0000000397
0xddf44b0548bbdb3415e0fe690da7cfbf04988c50,96281084,0.0096281084
0xddf494f908e9998a496412f0602dfe1f8eb91a06,3,0.0000000003
0xddf4cf756da18912735792ddace8f58ae458b49a,2353053880,0.235305388
0xddfcd8957dfc987a14faf11b61e74097b9cf8c7f,74348163,0.0074348163
0xddfd2627fae4d379332f0e96f802fc6901a2b920,2,0.0000000002
0xddfe6e3652e1dfed4d927058a5e976734e6e4ddd,20622249825,2.0622249825
0xde007fbecfe2341541770755c254a457a7fef0da,181943632,0.0181943632
0xde16ca769d007f5d161f5ec58997a0df1a821bc7,11816,0.0000011816
0xde2194c3a8187a30ff1d0a76b44138e45945eaaf,7,0.0000000007
0xde27101623fd9ee5216709a20775143fd99569cf,90392058,0.0090392058
0xde29d2509e8c0f42ce445db9626c0fd820d27883,10607783450,1.060778345
0xde2a649a23afc45a55a4d68b7cfdd683279b62f6,24167287302,2.4167287302
0xde2be4f44014e1675cf69e6dd68aadce8229f8f5,9915994840,0.991599484
0xde2e027618df78674c49fd3f5f6b85ca9ca03d5f,7919186109,0.7919186109
0xde34d04a331711a7ee5681679c177e0a3a26bd7d,8,0.0000000008
0xde356bfb22588c41647b9ea596bf2b72884ed4b3,599562,0.0000599562
0xde43774e212bed75658c913dd935e315157cd4fe,3,0.0000000003
0xde44de06c561baade6bba573cd4d3abc13e33448,4,0.0000000004
0xde47bdec163b43343480aa297d8b93ce20034099,200010789740,20.001078974
0xde4ac3b844ef5f81225fb38fac46a25099cacb1e,1000000000,0.1
0xde4b3e022c3f9d75138b53b98cc1e405b577dbdd,98911513,0.0098911513
0xde4dba0f87fe5480d03a38563262a645e490bdf1,32920160997,3.2920160997
0xde4f7311675083c244fc1c8d1795c30a3ec8eb99,9123133932,0.9123133932
0xde54b597fa0f9fc35d11f0e266e6ed6cf1e237af,35360492,0.0035360492
0xde59a724714963396df0118aa2d8a896da8e0391,2500000000,0.25
0xde5a62ae870c84d16f42e50750835115f65e81e9,9,0.0000000009
0xde5a67c36dd14057ff7431682bb3dca51b9e4ef4,42557374336,4.2557374336
0xde656c6e7257401c9e548ddd30c2b4bcdc8744ef,167274327,0.0167274327
0xde684d6e78fb8ea9ffa020d5a597dd6cda81b147,3394549261,0.3394549261
0xde79fa44e6a37f437b2dc74e81e3958abe9f000f,8,0.0000000008
0xde81402bccf3736e5bf4d2b66326c2bca193da20,89948,0.0000089948
0xde85f0846823c354c11125c266c9960e3d882ef0,401249128031,40.1249128031
0xde86435e482debcc9d73c0384f060e88650d290e,8842984379,0.8842984379
0xde88d146f61463d582262a1dcdf6ea1323aba34a,117897142173,11.7897142173
0xde8942f07aa41d201e8212f088ed094e4ad5561e,97358104,0.0097358104
0xde8edcd38bb8ae49fae0b31978488cf25feb88d6,6,0.0000000006
0xde91799be897d1ffe9113d01999d98d9d6477425,12701659,0.0012701659
0xde93fb7c4baca05f708b7806ad731e1efadc4c3d,599444,0.0000599444
0xde96863884ca4ae095e7995e640e5cc25be5d306,24362610573,2.4362610573
0xdea1561e6ef9c7d69de358f013b9ad514b923f4d,876669,0.0000876669
0xdea698605a68dbfce5ffe9fc33a536cce588bc82,9,0.0000000009
0xdeb263240eadf03bffdc6036ce652fe4cec96d2c,977133301,0.0977133301
0xdeba613b813dd70fe3d7ff7e492d294a0dd7b154,79990971816,7.9990971816
0xdedec9af2c98904e6d23523251e2edf6cb6a68ce,373849700,0.03738497
0xdee5a8e65026d605a22e4693ab8ee2c55e3bfff9,98626647,0.0098626647
0xdeebe77754a680fcc1ab8fab2da684fe6d7e9fcb,93769081,0.0093769081
0xdef119fc396a531aada8d8d8c2d6db09a09e336b,4,0.0000000004
0xdef5c77905b6f47ba9371db98308ed95afb5f863,212399606768,21.2399606768
0xdef6b6570c6a45b15d8062d3d89e6b1454fa089a,1000000000,0.1
0xdefcbc0155b04b5b62ad595701c0b9fce8dfcebe,6,0.0000000006
0xdefd653f6e51acc08f3f05e50e7b94c75188d696,4915670,0.000491567
0xdeffcf5db871717c9a65b9422848cc9ba4e4cfc7,21807546189,2.1807546189
0xdf06a761d286c0ae835173236e1f12f1379e4977,17642392037,1.7642392037
0xdf09b44381484da2cce09f97094f897289a3cd03,18704595271,1.8704595271
0xdf1ba5b8369cd3af56c5ed6c8eb2bf1fa47a5b24,2936,0.0000002936
0xdf1bf455ce5a381196dc6d139f213d74434713a6,99578584,0.0099578584
0xdf1df51a18bcfede61118d30e6021fcd99a7e0d0,38069023480,3.806902348
0xdf1e7a3d4a8af5fee6a36ed3069f781e830c189e,50000000000,5
0xdf1f86419bb50091b3f2700580ad6bba2d555475,599485,0.0000599485
0xdf2356106a822f2dee80bebcfa6625d1bfe24cd0,8,0.0000000008
0xdf318113231fb23626e09b514538412d16626527,97321625,0.0097321625
0xdf327c3cfd5711a376c39197a6f7e2bc2c74124b,70000004,0.0070000004
0xdf37ac8cf2522d474678171d16e1a6bfaa2154a1,494750434,0.0494750434
0xdf3e23824c6b35fc005db2951396669e48bee106,20238145811,2.0238145811
0xdf4733c60ecae519a0b983b71d857bac18c157ee,26693051,0.0026693051
0xdf53e4b8305b80433095b54f052d98169f02d342,47447366,0.0047447366
0xdf5423918619540f314c4ec8731e9899561c87ac,10297729604,1.0297729604
0xdf57641a2fcc1537b5149dba9059a7794f969e32,9,0.0000000009
0xdf5cafc41b8fbdd82a6e8ddfc4760d66bacfbd50,94215270,0.009421527
0xdf623fc7e201abe0f91e793d983f9d1418a58e6d,99305934,0.0099305934
0xdf6501d2f8d2ed88009f52f4b93571bf628be309,1,0.0000000001
0xdf6894b7d6a37a9d06235044cea0f3a716ed7502,2646035843,0.2646035843
0xdf6f230a02dba25fd8bdacfa23a5b7c2642038dd,22680755675,2.2680755675
0xdf6ffe246476376eb903b7bc9452b439d99be4a7,55129,0.0000055129
0xdf72de8dfd7eaae227cbafd40275ea84e332054f,990971956,0.0990971956
0xdf7c970312a37d1c863dcf69a9c80976b59d23c2,544974,0.0000544974
0xdf7d4215eb81667ff3800b9a485306d6119b3c83,194,0.0000000194
0xdf998eb7a6da6cf7659b8bd3ae40a3a48e88a8da,1,0.0000000001
0xdf9db854a5305632bbb380134597cd44c0826ab8,40337939,0.0040337939
0xdf9e356e3ff2862147cdded2aabd0d6eef06895e,7,0.0000000007
0xdf9fdf5648e2d51fd5f4e6737bbc02f8465c2ce1,6,0.0000000006
0xdfa44305c0943789892c9d30379781ae93edd041,82747460442,8.2747460442
0xdfb34114abdb32d105a4551117a151c4fdf89a33,19990971816,1.9990971816
0xdfb7e426fbbbc83ccac49012f49e2a355d9353e8,15156471168,1.5156471168
0xdfb8c5e20a4e7ec6e41b51829c625988a7fb331c,85804032,0.0085804032
0xdfbb319878f7fbca6d0dbbf3cc472c98ab0423ca,90971816,0.0090971816
0xdfbbeb7014243f64fc177000cb6eb120d7d92755,96100639,0.0096100639
0xdfbd5f2b13b634e33795f56cacdc24a2af65c58e,1,0.0000000001
0xdfc30c075019bb671d60d84242d814f3cdf8d76e,2633628,0.0002633628
0xdfc40146141d32b000537333ba4186e90038a734,267093009,0.0267093009
0xdfca9137b3133bbdc9593d1b83a494d948585f81,590689971245,59.0689971245
0xdfcca0f54b7a2dca91c332f52e876592acf04901,6,0.0000000006
0xdfd071c0bce614c84c554a194ccfb31929935360,20133,0.0000020133
0xdfd33114a391bc8f4a181fea76332b8c71b1c6d6,599562,0.0000599562
0xdfd40362326f5ebc9dd1568c0a1bc484f4f37e35,837574,0.0000837574
0xdfd4ee90a14147ca3238c04c9f5981ab505ac531,1053891165,0.1053891165
0xdfd64d04db40a59557f290e3eef5dc39e06fe905,16645612875,1.6645612875
0xdfd80d5e90403852831e4dbdd8d6f44080f7e5f8,664612840,0.066461284
0xdfdce0fab3de4d61c1abcaf80bf96f9858640e3e,3,0.0000000003
0xdfe24caac6dd8bef5a43586adb7201c88387d6c0,60532543,0.0060532543
0xdfea5d39dced1589abf84f375d57b4395c646f34,7,0.0000000007
0xdfeab882f5e2ee6bc6b8adaea352d1b5b2b9ff6d,2,0.0000000002
0xdff33f1d17db3df7ef625bf4b60dfa59c95bb176,1271935465,0.1271935465
0xe0006e74c9f051780497513bbf6d67dbebb6b089,1977133301,0.1977133301
0xe001addc9a88a014f43285aaa9bc781fd00da5ac,6078785,0.0006078785
0xe0057f799f7e72adaeffd6b9724a6fdec7480363,9986114679,0.9986114679
0xe0059048642f6956230103198aaa46335b83f9ac,6,0.0000000006
0xe005d55096e646301480b65edf44f8c382665ae2,82189,0.0000082189
0xe0117836fc55c591a64eba9fbd7bb595aa0e6d77,97465438,0.0097465438
0xe015431c7481e3bb5ed4ace59831c46cbc9e5e4b,456221275,0.0456221275
0xe0195c05784332c98de20753bbfed8b183be0d5a,4,0.0000000004
0xe019a28cbb6bedffbcbc137187b80bb5a551d1a7,2,0.0000000002
0xe020392dda969ad4b6fdb005ec602e6b78efc9e1,10319078998,1.0319078998
0xe02340cd765194f358e0615183c34b338166df27,93542256,0.0093542256
0xe02acbc60993d57f72b6815f6b8f050b19b5d299,544974,0.0000544974
0xe032b8759f2603e90f1ef73796a0bfdf10c9236a,10015126055,1.0015126055
0xe03b7b0fcae396ff195e969c0a9ec04f4dd0106e,860,0.000000086
0xe03c081fb2454a83e82771aac7ef39137f83fee9,20000000000,2
0xe046a3f3b5457668312e3932c5575cc527eccfd9,4,0.0000000004
0xe04b32faea9ad6dff2938bd3f0e3b1b7d1b9946b,97732,0.0000097732
0xe050d9f4c024a4ac922104f50204f2208c145d4f,97321621,0.0097321621
0xe053d21e4af7076551e9d9c108e525e25aebddd7,599557,0.0000599557
0xe056bea6b39b3616c7a6a418ebbfe627f06c8dad,22804316134,2.2804316134
0xe063daa541b14d1506ffd54d99a6c406d3f734e7,100000000,0.01
0xe067ad80154956e7122477f437636e237a6a7319,23,0.0000000023
0xe072f384164c28fba5a174f25b5005a0fc8cf777,9,0.0000000009
0xe07b6d9f118a2be15f6cecff9eda530b80563e1e,10000000000,1
0xe07c6de6c1e8208ee5b7011a725fb12c17d48aa0,1447,0.0000001447
0xe07cdb1352c585fb5b0b870bf167b09376ce38f3,4,0.0000000004
0xe082d4e79c8e9587deb8539f3454da340b0f5668,288419,0.0000288419
0xe09768d26f4066e23dc8d145d1acbf26a1657692,22091794478,2.2091794478
0xe09a11d0c99037cc59f6267f90c31d520f159b25,12979594394,1.2979594394
0xe09ee8d888c902d712454b53baae63867144e9bb,59951059539,5.9951059539
0xe0a8a8571a06280c2cba1e54b729ad6e1a586ff6,93769091,0.0093769091
0xe0ac0d0f9a8f99e1b93b561c1550fcfb6cd61e3f,8,0.0000000008
0xe0ad03dd5446e72c4604c04b6a02f6f36a80a731,197732,0.0000197732
0xe0b00b9e204ab1fa511b0267546b116e30a41a43,7,0.0000000007
0xe0bb3687b591cfc0086c3c9ec262234fa3cff9f4,4811062837,0.4811062837
0xe0bc324a03c6fa39f38df4a422aefeb038b248e1,11988694,0.0011988694
0xe0d345c6ce035781285d8b22cd60cc44bbc5d917,381205807,0.0381205807
0xe0d60decc12d3c64ff9320485753390e584bae7c,3775277,0.0003775277
0xe0d7ca2fada9d1b526e61be2d33dd7840a5ed494,5386020,0.000538602
0xe0d7cc3c348c7849138ab694157e3f22a4bdbd83,973544974,0.0973544974
0xe0da6fe350e7e5b351765c64df3e9f4531e443ea,295307183,0.0295307183
0xe0dae26fbfa96af632d6730d6b356fc886613d9b,23516847,0.0023516847
0xe0e1757816d0dbb6e00cd73d7a13d69072cbbbb0,2855,0.0000002855
0xe0e78a2001baa707a83508644163f95b2fe5de0a,186768221,0.0186768221
0xe0ebac2f692133d2e6ca6af5644f1031eaacc02e,89002640,0.008900264
0xe0eed5455aa3d005bdbaa06acdd6844a1500aa99,100971816,0.0100971816
0xe0eee8ef71e317a8f52529a00daff0b83163b7c6,23284089948,2.3284089948
0xe0ef9769808d8c9de6666a0d7c0ef474dfe4de02,2290971816,0.2290971816
0xe0f6a0b844bc3ee32072e55ea175022d5b31730c,86358411,0.0086358411
0xe0f999dc05f0492ffed5bb9537de9dbb3959caa6,509291943632,50.9291943632
0xe0fda19799b5100192f2ba402cb9150adfc42501,1,0.0000000001
0xe109dde565783b54952bd49970de25d4a9f7a9d8,34774184,0.0034774184
0xe10de308fcef293915cd8f97093ad19f8cf2b317,799163598,0.0799163598
0xe10fbae974d7dd4a7c45a821b9102e9226faed49,1,0.0000000001
0xe110ba7fd92489e28d8c351fa0b44219347836f5,96099872,0.0096099872
0xe112d85c0205a47a6839603355680a4e4c358cc3,83534549,0.0083534549
0xe127af2fd8b51ccdfd195293f2b7e18faa242cae,3470757483,0.3470757483
0xe136a2adc300da448c2832f0c77ef292a417ae64,7,0.0000000007
0xe139caecdaaed59a6357fdf7257b0467c8b4a1b3,9977133301,0.9977133301
0xe13cfdd3c7616f267c87aab8d0277493a63a6359,86114679,0.0086114679
0xe13d71149eb6b7a5e1e7be0f3849318bc52a5231,91382796,0.0091382796
0xe13d7c3668e51b750cbded9479c8b7567c03165e,9131503301,0.9131503301
0xe1428f7a609c5f0622e64254ba6eaec29db947ad,108291419,0.0108291419
0xe1465ba9b2cb4eb4aa7acc1f61c9d824468d5d81,11876241377,1.1876241377
0xe1513cef5b29e2394e8a17545f90c363a82a27e9,58820233,0.0058820233
0xe15cf1e6879be71c3a5eaa3bd70427b54d0a5c32,22289884,0.0022289884
0xe16ce7f1f9e49dd73ad200c83e5700acc7c9c5c6,3,0.0000000003
0xe174b3c9af9284de0852ab2fe997d84101ada12b,11816,0.0000011816
0xe178dbcda16084cfa5b0ebe4e8a8e010bc7d19a5,47358213,0.0047358213
0xe17e72c9230e237e87c8e3c6160a4ef24cf40728,10340778,0.0010340778
0xe17f2cdb1df69c04094f30716d0d881267c4de06,9,0.0000000009
0xe18e88f287b0dbcbdaf04a274621c429a29c200d,110000000,0.011
0xe192df9dc2e6ab428808f243bc85760e231ed667,8,0.0000000008
0xe1953d720743bf843b15ed9c1c7c3199fbcb98d6,973544974,0.0973544974
0xe19b150985f3cadd944eb64a6a22ef926c21ffa0,242419054426,24.2419054426
0xe19e26becff917f057ebb35217fdf4ab3252dffe,7013349434,0.7013349434
0xe1a12c3025dc4cb34fb31786b5bbc5d1d8e3ebe7,4800000000,0.48
0xe1a1bbbc11e93c67a1365bf33dfdab6e371227d4,234972397,0.0234972397
0xe1a2dc263981edcbdcc7efe7bd377c148e53bc6c,14166379996,1.4166379996
0xe1a5f920532992b70ff1c627bb406984c9ae3a57,11816,0.0000011816
0xe1aa3ffe997954cb22fc65befaa8a2e16ae6d48d,7,0.0000000007
0xe1ab77fa0c089dd578fa1e542e50d655a37c3b05,162710788,0.0162710788
0xe1b3ed864a844c4b2858923f1f8cb7f9a82ccfed,96298999,0.0096298999
0xe1b413b959c278ebea7ee4e1f909bf34581c6c0a,20127269710,2.012726971
0xe1b52d33acec3db4546eac84890d98afdf976881,1,0.0000000001
0xe1b6c33ecf712c116ba89f46201b5fb93ae23db2,485061354,0.0485061354
0xe1bcdc60abde7f6549d6172f07f3e83f2caddf6b,444560328888,44.4560328888
0xe1bf20e13fc55476b7f0f559990ce5f28e48fb79,13751,0.0000013751
0xe1c840a488928e2c0fe0d36b15b60a3c4c0af4e3,1,0.0000000001
0xe1cad71034a115973a07099fdbe5a51897ccbfba,544974,0.0000544974
0xe1cbe9373f41b5636843b1ecbe3a7588afeb0d65,64291000000,6.4291
0xe1cf5bda6516fca3ae857391f0e8c90c9f3b60c1,89348183041,8.9348183041
0xe1d7116d57c9e7e6470980a956747930becc1eff,9700910,0.000970091
0xe1d79a571ad47375822c83468c585b5f2ef5b450,62022065547,6.2022065547
0xe1e1f347900d6ac41b06e49b04545a12f097f44d,6,0.0000000006
0xe1e76edb74cca82cea5ae2512f024466818dc6c6,247699126516,24.7699126516
0xe1ec28998b9c68d8037d95f869e9e9d938fce33f,11554386359,1.1554386359
0xe1f0fc14239fd58417b4aeb5c6915c4c6c33d75f,3271816,0.0003271816
0xe1f6baf6a58b4bee67ecea527d5024bdaae6ef72,46700000000,4.67
0xe1f924071e86411dd2972f5cd50049e5e6caa329,85799249,0.0085799249
0xe1f993f1f1b925350abdd88dd8ac77fbb7ace198,9990971816,0.9990971816
0xe1fa699860444be91d366c21de8fef56e3dec77a,2233702090,0.223370209
0xe1fa99c446a7b7b311990effd5cfa6593a4b81b3,599516,0.0000599516
0xe20aba9f9883ec8d97d4491996f13ca666beea45,53111901,0.0053111901
0xe20f0d7e9c8efe3759854ee076f9783545a91b2e,371420343,0.0371420343
0xe21310fa74f28024c8e86262d2819ab96e9624d3,98902634,0.0098902634
0xe21b47f3889688fa7391c0ef9f09d2dfa0afd71b,1049298222,0.1049298222
0xe2372e5004e4923e0e7d84f5f4f45faa5db54b1e,11973544974,1.1973544974
0xe243faa85f97e64d2564c9258fa837481dc1c891,544974,0.0000544974
0xe246113648b732b58a8285fb8ec26185f2f1e9f3,35693802819,3.5693802819
0xe253f82c859572b1d58f0720fb811704cb759cf7,35206446,0.0035206446
0xe2648a190f71e5852f3d1a775fc54eec7738be50,2,0.0000000002
0xe26f09698c01efca07c51684ef7d90a688021399,703699999,0.0703699999
0xe275319321293ccaca7e461a875fc43547d1ef47,972229358,0.0972229358
0xe275c700d89a01e28814f541f935ecb07587ea0e,52989471,0.0052989471
0xe275d20dad66688ff31bbba8959ee84984d8fa6f,937432238,0.0937432238
0xe27657629757c55f989ddb552ee87b251d9de367,95441726,0.0095441726
0xe28033a9bd54202d5f2487dd2c8518f48f4f07c2,880971816,0.0880971816
0xe282dd82a23e7068f3c147f5675498aafa6cbcaf,4,0.0000000004
0xe2871c9c37640441ced73dbf143fb45d1be9466b,59163735,0.0059163735
0xe28a551d9c3bd55d2a8a81a7cedd909b165a2820,4090971816,0.4090971816
0xe28d5de3d6e902c0a598780e0d17ed8e2366a228,1279611245485,127.9611245485
0xe293bb4f8a05f83d347c4b4d8e9d21e77c4fb6dc,95787610,0.009578761
0xe296e3ba4207cae14fcf0fa8cb43592c24a8c54c,996199465,0.0996199465
0xe2a084306503532a2c28390a49120f60b1860de5,8,0.0000000008
0xe2a48ab390e4d599b0ff79e3172c262876be4e50,120000000,0.012
0xe2a9dfeac00a7a377e54265865b03dd44715355a,14,0.0000000014
0xe2b38614508eb282dadd07f89f63c63dab81f8f8,50000000000,5
0xe2b4d177da4e94b45320fd33a334cd2cf9471fd7,77305754,0.0077305754
0xe2b6b1d7ac28d17fe05e2a3089bfe388f7b4b842,8,0.0000000008
0xe2c5b91336469a1194648d7c506c0968a69420c8,5,0.0000000005
0xe2c87d00f40de8ad8c81c92702ea9a44c7184c18,447,0.0000000447
0xe2d18861c892f4efbab6b2749e2ede16af458a94,23844706,0.0023844706
0xe2d73cbd82d663525a625b13cdde76f3640c7444,11246514983,1.1246514983
0xe2e4d989c8110fdb334237bc632b74535a0dbf17,599478,0.0000599478
0xe2e655d1be811d9abc7b425107ea51ce5acb3942,7729,0.0000007729
0xe2e989db95f5cd1fdfb1802ed14f805528a10745,691080831,0.0691080831
0xe2ea752a70ac13a46930cf28fd4810a9cca4e010,11226772466,1.1226772466
0xe2ea8cb03481b83402e6159cf95a63a934255c6b,1,0.0000000001
0xe2eb734967ee23c0ce6de8ea7ca96a8c0ca2e0b7,896365000,0.0896365
0xe2f1f44f7734296460bb034c45f2d0483251eef6,18516,0.0000018516
0xe2ffd4c8b81d4548cc5ad2b3734a80d9582c72c4,489469764,0.0489469764
0xe3031fa07756759d8352e3cbbebfac13ef21ebe0,11052285734,1.1052285734
0xe30b3cfcbb86bc53969f669bb5219a80e2a3ed51,548699,0.0000548699
0xe311e246769ccaba5128d99e001201f97d8d542b,95709131242,9.5709131242
0xe32a2fec98601ccde7b476d8ddf8135e14b86833,73957864,0.0073957864
0xe32c5673b152571e57976bf3a75068917da2da9c,39576287,0.0039576287
0xe32cd3f06c0ce519c2d041e454f637787671248e,12343550293,1.2343550293
0xe32fdb91248e316ea66ad1e18ae21276fecfd1bb,100000000,0.01
0xe33736e7357f9edc248baec97d66d90e8c9a8ebc,5,0.0000000005
0xe3379e5611c5dbdca8c1fec623c88a4ada0a06f2,93523289,0.0093523289
0xe339dccb403d115b4cb27e68cbd0e3fe8c8f2654,2880687414,0.2880687414
0xe33fae378ab2eb2b8e82cc57a8f503b02a6f0498,1,0.0000000001
0xe349b3bdaa1724ba769aebe747af3318ce522092,94965531,0.0094965531
0xe3557e84bd0247c09ec369d3c904e9dab87d60a7,106484779945,10.6484779945
0xe35ad77e1f006f0ba8d62555ab890a75041247a6,2,0.0000000002
0xe35aed6af771dde5f7b365517de7c7c3aaa1419d,550,0.000000055
0xe35c3f0ad5972ec28773b31598527a9a0d0b22a6,2271816,0.0002271816
0xe35cc86f8741fe04d4df3c2f1d72bd12c9abf890,94710214,0.0094710214
0xe3600516d70c9564a31d05af06560c2d1412533e,905721,0.0000905721
0xe360df589457a3651212119ccd5107518fcf49b9,132182,0.0000132182
0xe362f604713272a472e3692367a57884d3c1de14,9311062837,0.9311062837
0xe376705caacc70a5a1b040d024c8a331ff8a66ca,1067071451,0.1067071451
0xe37f2b3f585740a5c524b3bbdc9f3232a8e5c058,150769522900,15.07695229
0xe37f9cc9ab6af24c88aa12d8ff41d2a0ae19db47,117010009,0.0117010009
0xe3859449f38c6d8d76c8bf91f4e7daef4a104ee6,381295376,0.0381295376
0xe388b5b350e35570e40fb4304490218bd65e93a6,2467508229,0.2467508229
0xe38a91cb0c3443b5f74140ad8c9a198adc150075,37135110547140,3713.511054714
0xe39262206f5d086cfcec8df9e08965869f10a3aa,3881262837,0.3881262837
0xe3933a68c04a685a6088b207e226482f23d13ca0,90971816,0.0090971816
0xe3967c13eb0981cfce11fe0f98f25891d8096752,3943,0.0000003943
0xe396da99091b535b65384914b178b9264c7426da,930944775,0.0930944775
0xe398441928f679a5db67fc13cb6f13b82fb9017a,1141645385,0.1141645385
0xe3a38bb185eebca16ac86139b4b8200c293a2dad,215058,0.0000215058
0xe3a9094320caf7ef031a8907d14d241f12f7e48e,2900835942,0.2900835942
0xe3aff63ba53aac3981b51a9355c003c0bf82d83b,696089,0.0000696089
0xe3b704bd5e5f03f019687977cc7895b8b64d7354,77,0.0000000077
0xe3caf064d16638179089a1e4b4a5c871cdafe1e6,8,0.0000000008
0xe3cdda9181bdf2b0e92d279b1bc25901b060213b,6,0.0000000006
0xe3d25540ba6ced36a0ed5ce899b99b5963f43d3f,118076141531,11.8076141531
0xe3deb38c892f48e944d3a5623f4d93c09384a642,72744179,0.0072744179
0xe3e6086bf9d2254662ea6a175e85be9331fe22a7,11816,0.0000011816
0xe3ef9a27eec5c1c7c8812813f16e58be1f06b065,124117950000,12.411795
0xe3f3168f0ed94f9414f0927d0751d7b5af34c5d3,2082,0.0000002082
0xe406edd57b378177d2416a393605936a85ef4ce1,1,0.0000000001
0xe41427e5ae4546cacb9746882421df1f74f7d55b,2,0.0000000002
0xe419bc78d80a3689dff874e83cc2e3e9aa822f7e,544974,0.0000544974
0xe420f732770a92831f627cfa410ad72fbc131f0e,2,0.0000000002
0xe423c1b10031f840f4592728f5bc011ea4091e57,35993443,0.0035993443
0xe4249e9fdacf3809e742bd3ba20ed46035b1eb41,39945971,0.0039945971
0xe42a9a7e83f0aba399a36522af6a1646a60c49e7,96100629,0.0096100629
0xe42ace1d1e686e9245f74795da3433aec452fd75,6890971816,0.6890971816
0xe42ff1635f30213740da515ea55a9fbceacdf490,8802,0.0000008802
0xe43a9565fbb05bb5b46255e337131299e907a261,76558017016,7.6558017016
0xe43bfe06d379ca899776f8a3e4ec411fdbfeaf3d,691,0.0000000691
0xe44002acf8046d940ced7d5d312435b26ede52c1,16473162,0.0016473162
0xe44965be3d9881663ea1bb73ac2b2ef98ac5559e,2386677246,0.2386677246
0xe44b88dadbac54ba75beaa07aae99b243b0b9f87,4,0.0000000004
0xe451694a9d0ba324c8281389bd450196a100fb3c,202633,0.0000202633
0xe453bbd39a1b3ec58ecec53d6bb2d06709839012,57062837,0.0057062837
0xe4569ff4bf0bb82a5cfa64ab90acd79aab02433e,11816,0.0000011816
0xe45927595f2ecc184b85a72cd8f6f015f6b56e5f,136297,0.0000136297
0xe459ae0dc31194fa0fd626020a25d9a1cef0047d,292832,0.0000292832
0xe45fdf94339a31059750f3437839cd6d86a797cc,2971816,0.0002971816
0xe466e61dc0045ad6d1ac93dba7e8997f31a59c7e,181943632,0.0181943632
0xe46c202a747f55ff498578514c76a2f54fa8589e,168580990,0.016858099
0xe46d8e0b75a882b63e20c17fbfeb581264cec0f2,86240410,0.008624041
0xe471316bb463d7b794d5dcb7f1bf59597ae7c0f8,344185667215,34.4185667215
0xe47a28d03ab201ddac30397fb3ca9668de4d3621,100000000,0.01
0xe485f031dee825cc97fbf30a61b1da8291153fe6,17631496810,1.763149681
0xe49408ce9aa0dfa8648b7960955c4869786bcba9,55140075,0.0055140075
0xe49576ebfbf7141963bd68cfa60cddac0786741e,18412145,0.0018412145
0xe49757216afffe7dde0e33f0ed3b1b5f358b5c06,2,0.0000000002
0xe49dd0b8170167174c6f987eedfee95d8474d824,188581315,0.0188581315
0xe49e649a15a0fb961f80550e667316f2676c04b4,9624319261,0.9624319261
0xe4a9f636e3901ac371fcca28682374343c9d35ff,2122004,0.0002122004
0xe4b3639389f6366b86fa46bec737c9b45c1a9e97,5,0.0000000005
0xe4b52aed43938894d9d73656758f25ea91abdfda,45419607475,4.5419607475
0xe4b5b2667e049ac8c79ae6c5a7e3300815aa32be,59,0.0000000059
0xe4b6508120e57828cfd666cf2ddec66ad690b6e2,13880852,0.0013880852
0xe4b7064c3c02bca40f874f362c445f8ce5ebd3e7,9,0.0000000009
0xe4b8ef5f778f55da892ae6578d38930af88c1369,12886503059,1.2886503059
0xe4bb0675e1d4196094260310f98f6d7c1e138b84,89846602,0.0089846602
0xe4bd94d141b38a2ccd2d9290b351c3e95a632112,24381746103,2.4381746103
0xe4bfff81012685a0bccf0b2c48a86afd52c38d71,96307960,0.009630796
0xe4c08d1310860257e0a2495b78bf37c5bcd9d6e4,119869473,0.0119869473
0xe4c4d485db6e0ada19b749ce2fa442776b3d27db,382197701422,38.2197701422
0xe4cca3f15f3eba6013b32add5bc5b15483d6f881,2695,0.0000002695
0xe4d57ea9c7b0ec0c474064b34254233d4b501860,579025540,0.057902554
0xe4d6289a345c04a30d833afcd8a532bff5a51501,1,0.0000000001
0xe4d69c0801e9b00ea3b865a25fb2dbf0604e6d8d,1982912493,0.1982912493
0xe4d749767635dcac98b0244571fd866bf433c308,381171397,0.0381171397
0xe4eb68aa63e4307437f8a0917a2b8eca65ebeeb4,95740447,0.0095740447
0xe4ec13946ce37ae7b3ea6aac315b486dad7766f2,1070604250,0.107060425
0xe4ed57e44315f188534c2eed5499fa23836a8361,93026144,0.0093026144
0xe4ef74629a9da7dfd2a940c4bfba56d3b8110769,6158551,0.0006158551
0xe4f1878836b20bbdebf1611bfa2367e64bb86f7a,80426693834,8.0426693834
0xe4fb7e45f7d3ee5c36fee81e443dca88e5df2384,973972,0.0000973972
0xe4fdfae2207631062b4e3302b71f82ce183b7dfd,93770637,0.0093770637
0xe4fe0a4f688fc74e5b42bda5c845de7972a1300f,8,0.0000000008
0xe50322e148259806ce349e274d6d4594c3dc9762,2116666245,0.2116666245
0xe504873799f4e3ae5112a8a02fb3c2161a45987b,4,0.0000000004
0xe507b6b4c5de93ffb3023f290918a29c0921dc62,90971816,0.0090971816
0xe5107b14027ae31a64de41edb963bce669c4105c,1,0.0000000001
0xe5109730c199834addb444ff9fa1ed11b3baab95,37239490,0.003723949
0xe519b20ee7f5812818c53cc85f68526b71e29b7d,4,0.0000000004
0xe52318b22d62632546b2c495cd8baf70ef7e17bd,107168692274,10.7168692274
0xe52c1d2b17c2a976592eaaf86ea0ca048dcd0d1c,599479,0.0000599479
0xe52d012304c3e4e7971b9fed82bb93bc1b2892cd,55098590,0.005509859
0xe52e2333ded4dd22c047b3ed37453645241721cd,92637394,0.0092637394
0xe52ef68d93740bcbab047f3c3d81f2dccb369da7,51015215361,5.1015215361
0xe534a6d03ea781994fa62b6574e61db134ed7730,10042524,0.0010042524
0xe53e8f9113a455b039f6fa700d8fc9424e9f5f92,99057586,0.0099057586
0xe54169bfc8969809abd2615f673f4711ff7de8c1,46428657000,4.6428657
0xe5474403d29152f605479328b1e7282c09ff2194,4,0.0000000004
0xe54ee4c6191ec47d607463210b42bb393bd8968f,59196217108,5.9196217108
0xe55e4aa05210c28cef59ae7e49ad9cad42fa5fb1,254712,0.0000254712
0xe56c470a342eedbb2e001e70d1c5765c042eb349,2770971816,0.2770971816
0xe56cd25bbfddd32defca4857281971708505da14,1,0.0000000001
0xe5764f4a7807c4c0a0d975a9c1ddc1f493259f03,74324721,0.0074324721
0xe57f253193e7376d5b951d50beb7b69b80127d99,2,0.0000000002
0xe581b56517649bcdab37473df75144484398fe95,4302889064,0.4302889064
0xe58c0b87d3df49f68f88dd7d68d9c2a73ed87b91,93026172,0.0093026172
0xe58c14318b421502e1f94a74d403df6367931388,63050918,0.0063050918
0xe591feaac1626bd69b2831ab879f07f915ac3597,8389644,0.0008389644
0xe59245ed43e8ce37bf7f4e15db7b1fb8880af657,5,0.0000000005
0xe59261f6d4088bcd69985a3d369ff14cc54ef1e5,100000,0.00001
0xe5943fe548518d18beec6872524747112b292bf0,1000000000,0.1
0xe59a4673cdad2eee8184dfc5fab6a9f39b3040d2,11816,0.0000011816
0xe59a7fa87aca37e21d071a1a372652f328dba92d,7725582868,0.7725582868
0xe5a9bff9ec9667b1647d01b5820c4b0287e46d81,8,0.0000000008
0xe5b1918d99f9b5b63817f6c9a7afda744ef1f647,13414415857,1.3414415857
0xe5b20009c49d6583513256b82d8e6e261425f50e,389977133301,38.9977133301
0xe5be6ec67ae14701f09ec0007016a818417830d4,2618089919,0.2618089919
0xe5befca6fd2f32e530f4de60bae222507eb32686,95741284,0.0095741284
0xe5bfcdfa3cb92acabf7f7aa25e7262d996ac1d70,4,0.0000000004
0xe5c0b2b671928900c1d2bd523a5e380c23a7e884,1181062837,0.1181062837
0xe5c139527a27a6277495d51af677dab9c9e013b7,3,0.0000000003
0xe5c1dfa440af232a037eb39cc557fd69c3737b83,33921365589,3.3921365589
0xe5c5701961a8935ed329747fb623d70a265034c0,92639292,0.0092639292
0xe5c8f1d9b6bf72df4a32c5d436fe1f9221aa4c8b,5000000000,0.5
0xe5d2ca1ce854985600dc6c0555ac43045e2698e1,9990971816,0.9990971816
0xe5d3217b64b090bb0821de86afa0d5381230f3f0,4918746344,0.4918746344
0xe5e588c68bdda842d6d3ea3ad9591c8923170a77,4116854955706,411.6854955706
0xe5e63d177481fa7507020c25f4e99ab08113d390,3,0.0000000003
0xe5ebc33267dda14a1eeff4d09eaeaf8032f8f188,3759604912,0.3759604912
0xe5ed0cdc1e9969731741913f482867622cc95892,2,0.0000000002
0xe5efe44025758eff848fae019185756cce03651a,9655987959,0.9655987959
0xe5facaef11b03766cf44a9bf629f551fa2355e54,4,0.0000000004
0xe5fcd436af555b154f3692d39ff3691781ca477a,544974,0.0000544974
0xe6062db3b3e4bfdf3cc5e637d33bc07c465e80f1,145561652747,14.5561652747
0xe60f51d46e178c76b0ba867a861da2a697c24ddf,381201082,0.0381201082
0xe611d6e3205689bdc538646437c16badb900b62d,48809971653764,4880.9971653764
0xe61b2e0fe09822051f504be5a7c4a70dccb248c7,18943345740,1.894334574
0xe61bc179748ea71cb9ed4b950e47b44cca76c574,9973544974,0.9973544974
0xe61e8c263ff39586b23b85039c3db024d117918b,8,0.0000000008
0xe62a6b7f9ba47b7f529506e8c9bf5a6d4b005174,13684901,0.0013684901
0xe6300d9882243e864c72fd56737c92ebd70a2642,3,0.0000000003
0xe63a591115677fd7a75c7a64e463de6b8d600c04,3,0.0000000003
0xe64089a0ccc2d40af1fadb6e8f7b6f9741f51c7f,4,0.0000000004
0xe6455b3cc821594cd9c3f623ca85e5353e5c2b5e,98888677738,9.8888677738
0xe65130c719584a68d48e2968e79e19d5daf1e983,1066996478,0.1066996478
0xe656d41996a3357bb49022f8316dd3f59967829e,9648956682,0.9648956682
0xe65fdb1fd715c3ffd3ff87700a19c1baafc087d8,7827513,0.0007827513
0xe660e9fbd53b0261ffdaea1a5d738ecc806f13c7,83695359,0.0083695359
0xe663963a1a18804315d0a1e135f00f0ca783e28b,7000003,0.0007000003
0xe6643a0a5b02e2d996626f20b8d82ca76caf16bd,19977133301,1.9977133301
0xe6649ba13d2195430625fb5c75f7a8338653b899,2603214285243,260.3214285243
0xe66e1758a027aa6376e9fddefd81226a7d413141,101069168,0.0101069168
0xe67203ea5c8f75db06e3e33ed4c7fadb9a07fb5d,599562,0.0000599562
0xe67b7a560da673776d80a8da5469fff06eb1683c,54972993,0.0054972993
0xe67e92ee6aef20fdf32dfc5dc3cb90557a96bb57,30990971816,3.0990971816
0xe689d4d38dffe9f0e33ede5e6120eb43e0971b8b,93530029,0.0093530029
0xe692158604ac3acd9a8358d6b296bc559e2af04d,990971816,0.0990971816
0xe6971bcdc3001a87a3c28b530c3cb6eecffa0486,103304645016,10.3304645016
0xe6a04264faa2412f670089bc55c1c76ac96ba00d,549943180,0.054994318
0xe6a35cf268e3b00d27e538a1a77970572cfff27c,1852510487,0.1852510487
0xe6a387369591a3f9c9d09b66f15f9ac5909fe588,110000000,0.011
0xe6a52260694aa80fa0ca152acdc868dea4566f2a,8,0.0000000008
0xe6af127259bf7f1b0539fc0a955494f48e31240b,28556783845,2.8556783845
0xe6b1e0460a0d1dc4be8a8d77b622ddf01bae8b19,4506227580,0.450622758
0xe6b2891c5453366c94b0ae9798731e59f21feac3,14915994840,1.491599484
0xe6b2bf9fe601f84ceff663c83a03c6d9aae2ee8b,1,0.0000000001
0xe6d0ed3759709b743707dcfecae39bc180c981fe,178348442,0.0178348442
0xe6d2b9f832790197d1be577360906828e3e83fb2,9000000,0.0009
0xe6d6adb7d1c7c4c0a5c849ba4b3cdeed58b4064e,97095768,0.0097095768
0xe6d92897d5097de59cc9b0277a237b5d45576d5a,7,0.0000000007
0xe6deb16746051bd7b81a8205cee14073909caa3e,11804259061,1.1804259061
0xe6decb5182d443ae18b216b1bdec9d6b382b32c7,92709639,0.0092709639
0xe6e322fd85e8c5102d0161feeb98189c08f02baf,11076816,0.0011076816
0xe6f432a24657324625caa044ce3767aad1d0a550,7487,0.0000007487
0xe6f7fa9672fc6baa5af528c38524e248f7e955de,85720014,0.0085720014
0xe6f821d5be803e9b725781379e73a62cfe4127c2,9,0.0000000009
0xe6f8a2d5c75c5dc92cf97699f1f04a9e718cf420,545777032,0.0545777032
0xe6ff5ee2b9422b588a3de919517f954a902da682,276594266956,27.6594266956
0xe7048df8dfe7a0d9deb880d5ff83ec676d2d6586,4718,0.0000004718
0xe706808cc517a38897d1df43769ec5e8ba447ce8,90971816,0.0090971816
0xe709fc861f561dec3b5e2041eec674a1cd71ab41,25979628,0.0025979628
0xe70bdc1c1df2a637b58038f60f1af383220a3c7c,97704569,0.0097704569
0xe70de11da5e903d6a64e82719f6484f0849680a1,1730527717,0.1730527717
0xe70eb4b69dd109b849c25ddffbcea5ac2649ae04,990971816,0.0990971816
0xe70f2f4a92db86766da1c49a7d60139dd1b2328c,95787592,0.0095787592
0xe7145be85fdf854e94f24c11f833f47454687a34,145117834,0.0145117834
0xe719c4f7be8df88aac13857ba79d5649b6c1cf92,9915994840,0.991599484
0xe71f2708641fb72fb9926ddc4434bab9c6427570,33620816,0.0033620816
0xe72613370c3a4d0b9f73d9badd2b806ba79cbd3e,4,0.0000000004
0xe72b3860f5477e58c10333da0ba2aa977418e7c1,599114,0.0000599114
0xe72e81276258f18591a33d81f87026356986ee2f,23307,0.0000023307
0xe732353c1f7de92f378f03fca0a566ef353ffa09,384642941,0.0384642941
0xe7330dd4f80f9f14d14fe4597d202ef295b60dea,98626828,0.0098626828
0xe7376eaf6fd7bbb053d6f46724f47861b8a6a4a3,9,0.0000000009
0xe7378519dcc67cd0e10edaf45a316635cf591b88,98911714,0.0098911714
0xe737d99adb792ab1e60d86178312fe6175e12d02,92639265,0.0092639265
0xe74d58420c0b7c5f30bb5d688f8b18739f1087de,535630405814,53.5630405814
0xe751b73de1041af5a203b721db6bf50eab75db64,93322872,0.0093322872
0xe75358526ef4441db03ccaeb9a87f180fae80eb9,15789730665,1.5789730665
0xe757f390c82b55fe976056f1c55e1229791be749,96309871,0.0096309871
0xe761246c4179dbea2cee1cc1f8aecb19c8c93d47,11816,0.0000011816
0xe7693f64624ef8a1b168e865ff4c91190988e6ef,4440691269,0.4440691269
0xe76d4f0b98755b704053940cb035ce0a1ad36160,475584,0.0000475584
0xe771a42b73ad73d594264f02488dd544420a066b,18829890,0.001882989
0xe775bd49217b497b0cedb200558932b58f5e974e,992490206,0.0992490206
0xe775e59c63b7e37125a8250ced5b4a5bfeead615,3,0.0000000003
0xe782bdb152e26d2b3dbe701cd5b427b820e0e7b3,66906078,0.0066906078
0xe7868d05d8a8224ac52af8c8647c412cecfb49ee,370281,0.0000370281
0xe79117b1f25796d4638e658555b919aff6898128,10188968,0.0010188968
0xe7980269ef4db1090f34d39aef886cf392b0231a,10971816,0.0010971816
0xe7a3a8119baecef535d853b7d0aba0c215c73926,7141484000,0.7141484
0xe7a58fafcfe2ba88c0833e840af3fbf2ccaa47d6,1,0.0000000001
0xe7a842bf1883acf8ed4451092773f8dd3c75b073,39793635995,3.9793635995
0xe7ae1ee50c46f7c9a32c9f08dc0e7e22937aa03c,26811062837,2.6811062837
0xe7afb978b285ac078b3cac74322718f3893726b6,8,0.0000000008
0xe7b1fff226fc77a258f4dbdf919d1c7aa5b9a1d7,6,0.0000000006
0xe7c84e1fe852ea3d982da10537cd1235c71728e6,625412341749,62.5412341749
0xe7ccf88968c469adb3193b383730ceb1a8fc975d,25267864,0.0025267864
0xe7d33db4d089438273d0cf8d9dcabd2f892becef,3044774880,0.304477488
0xe7d5481b9aa540dcf352513976887f2f89e63e46,9973544974,0.9973544974
0xe7d8ba5a2e88798cd1c9046fb04eedd4e0d78afb,599445,0.0000599445
0xe7d94ae862bb4602c2240be7e3bd3c1b0a079c02,98571522,0.0098571522
0xe7e36e68d4e91104a1b760a07fc1b25fd1dde223,600000000000,60
0xe7ea9c48962320f4538a9bccdbce660b342c8efe,10971816,0.0010971816
0xe7ec77949b703c56adf220d072c0fd5fbe2a1dd6,50000000000,5
0xe7f06addbfe8f7c31858b7b828859a89aa5e2568,92639245,0.0092639245
0xe7f1cdf1b97a362811bb985ef5e3fab5ec67bf4c,490971816,0.0490971816
0xe7f218cf34dab12d32240388fd288712f066021b,4,0.0000000004
0xe7f31b7e4b9a3ef0260ad99607b95261fd1f1140,4072922649,0.4072922649
0xe7f6e856c3219d4a7db412373f626898ddef37ce,692159221,0.0692159221
0xe8028241b6a9ea40e429d71cc044c6433d47dc51,9062413683,0.9062413683
0xe804f28678d2c6cf217d4057b8091b9196c3de6e,1,0.0000000001
0xe806c12764b78640ed0bda11c4597744ea73831e,61898,0.0000061898
0xe8073b86c1e5e4d1dc6c2245c99be406e6e1d79e,299524019,0.0299524019
0xe8111f6e1dea577136fc223fe1528805a59f1a1c,5906,0.0000005906
0xe8143569760354d4c49d0bd68186b1afe4b4cb8f,6,0.0000000006
0xe83d4b2ff52776048a8c2898fe60a5216a16a3a6,92672732,0.0092672732
0xe8408c3f564123efff32a22b5d011a6fac6d8933,86154587,0.0086154587
0xe840fd66ec0c42a691de5fd3404f36232b610d09,1429575118128,142.9575118128
0xe843a7b092145eb662e4f71311699e6ed00263d4,382515570711,38.2515570711
0xe847eb30867bde58dad288c0e80ddd7eedbbdf1a,1,0.0000000001
0xe851cec36d96ad14f676a33fb37398abc6a46cf6,96099466,0.0096099466
0xe853982f0e59ddcb844917a0d055ea2e399f1097,7,0.0000000007
0xe856777a58b3c598155e23a2c4725ec1eb888888,9986114679,0.9986114679
0xe859fc404e8e1d90b779506d403ed580f51305af,990971816,0.0990971816
0xe85e7c151f6b6ffa9f52d284ace2132cbf6b422a,5838344,0.0005838344
0xe85f716c03848657854a594275ddad2a438ee70c,1369105400611,136.9105400611
0xe861ef3b9f4690c4ef6a1e39eb4401146d51f821,98578096,0.0098578096
0xe86aa01e4ab8e58f7842142f874e619042c90f5a,767806537761,76.7806537761
0xe86e2a7ccb0dcb4c916fe8e8947dc616058e5eba,85803579,0.0085803579
0xe8729c006e791d13538d7b3f9a1b05628c951a13,1963848799,0.1963848799
0xe876f34dc7dd928b8ded61667a9851ca569de861,9624731821,0.9624731821
0xe87ca2b1b454673688e366f55aba656e9151d64c,95740547,0.0095740547
0xe8832447696f0767bd1d7bc3e8f2102070d6362f,12790127358,1.2790127358
0xe886a63ecd6e1be700e0265d7ec56c22f7ab201d,15004,0.0000015004
0xe88fda8bfd896c9ed0e0a1f43b185a4b0db58db6,11816,0.0000011816
0xe89c195c1fc5939eed4f59e9c8d2c3cccf53041a,17606573450,1.760657345
0xe89e78c3dcf668f1498f4e3ef1585228ff687fdd,83395920,0.008339592
0xe8a0f105759c7fde34b6aa51017786834d6a942b,317493743,0.0317493743
0xe8a5830378fe1c06ad32ed292ac74d9f26d66ba5,6,0.0000000006
0xe8a7ab442489383daca5c70fcd11120276f40a7b,92709258,0.0092709258
0xe8b5a6c0d1d6b05aded46e759665edeaac4cb338,3277133301,0.3277133301
0xe8bdf1dba0c4fbfed087478c060838d256983d52,6,0.0000000006
0xe8bf24926e6469c1c734715a643e040a63ea4958,54070620435,5.4070620435
0xe8bfda42d775a4e014c122f3606ae0dc962a32da,96202458,0.0096202458
0xe8cc018d3204d3645af25af77cb7652576266ef8,69919,0.0000069919
0xe8ce20bf2149a374ad0e2b29a68623f95af14bc8,1033328969,0.1033328969
0xe8e83ddfc373bbbd22edf5a80a30ec7ded8f2b47,6385493939,0.6385493939
0xe8e8cceb2b78de3bee81ea949613e551a689aa5e,81,0.0000000081
0xe8f304c3830f8aaf55abc99e5692e663c49a822c,5,0.0000000005
0xe8f30a833ccd9527e9208c2acdf46a914f79accb,92456024,0.0092456024
0xe8f4f8983be1badd989518ea2114e811a8ef820c,460634000,0.0460634
0xe8f516cc555228763c252e19d298f964215bf472,4977133301,0.4977133301
0xe8fc37673e1c146204a88a8a04f018eb9ede2bd8,2,0.0000000002
0xe8fd72982cb9e5584115ea3befe585d3dc044032,24139739929,2.4139739929
0xe8fdc9baf22c3e58a5d1fad53c4a5a8bab10a337,94965141,0.0094965141
0xe8ff7c35e6e0c7e007900f5be8b78f09ee543cb7,3028246097,0.3028246097
0xe900aae6cf807de363b09a2553c5dc3ed6ef9d50,10190971816,1.0190971816
0xe903a9e1f1014dec3ffbab3e26f5e10b695a881d,77133301,0.0077133301
0xe90d4bf9155d6fd843844253a647f63ed9d57a54,8421850953,0.8421850953
0xe91031bc9a7343462eeea2d442ee4f3f6ab32704,98578103,0.0098578103
0xe911b5e508d1c2899b0a08e3bbe5c4656b5e939e,6,0.0000000006
0xe92be3d49a49959b9cd8eba8b875ec42e8525d57,258643149,0.0258643149
0xe92c34587220d49497262c6c7c7b0764d27c65d7,381295575,0.0381295575
0xe92c426bd7735910aa98dba8762c62b953bc8e13,1071886635,0.1071886635
0xe93518667deb50a1f513d44f802238a6fa35b551,30072915448,3.0072915448
0xe937ae05d6a723a2b97cba3ef403f6a53a980bce,5202027293,0.5202027293
0xe93c722b022f39316c361eabcbf612a40546d1ed,43095,0.0000043095
0xe949f87de9cdbbc7d5933d8d656ce8f60d07925e,95740971,0.0095740971
0xe94ae42728d73a397046bf214c4af25821695013,770025,0.0000770025
0xe94b3ede9f57287ab132042d29b4640a23ce5ec1,6,0.0000000006
0xe94ce9aa404f752abad41ddecbf82952901ebff9,851378378,0.0851378378
0xe94ed2964e1e7b4ccad7b2813ba154f629eb4388,599485,0.0000599485
0xe959c9bdcef89509665210a26d27de2cec773e66,97321610,0.009732161
0xe95e145db0c86a67100953e450869f28033d806d,879601962785,87.9601962785
0xe961318a6327698c285bac469998c4fc204e59b9,485979,0.0000485979
0xe968221129d780d7dffb0ee32e5c15fdfeb2df6a,1166671770996,116.6671770996
0xe970afbbe5234b0aa788ced0ab7076086fd8a18a,9,0.0000000009
0xe973a02915db7bce8f90b5e15fd9b261d43c2326,121621365,0.0121621365
0xe993a2c4f71dab9fb444b88fd98b3cdce21a1ce8,214600,0.00002146
0xe9960deea351b5e0199a14991d6548eb0798ec0c,11257832735,1.1257832735
0xe9996dd28a9af0fb105e065c1c33107cdad48c8e,599478,0.0000599478
0xe9a79781dceda68200c5790ef98a29e4be570f2b,5,0.0000000005
0xe9a8e824dd6509b238183442c42eaaac3d09aadb,9973544974,0.9973544974
0xe9b0bf7b18e064b20ea4c788c6a52f5e0ec70fe6,7,0.0000000007
0xe9b193c39e548e839a3039aa409f3363a4e0ce6c,514179429,0.0514179429
0xe9b905dbba21ff8dcb50c583bd6d6541be3cac18,6642990178,0.6642990178
0xe9c23a116cacc665833e481c04c185c98e3e381c,93244492,0.0093244492
0xe9c48a45a8770e6dede016a1f10af77b5d7ec5a4,8,0.0000000008
0xe9de12edfd5d83129363ef9edcf4b94bf6c66625,8,0.0000000008
0xe9ece9221c6ddbcf943f84436d60f15879f3bb2e,4,0.0000000004
0xe9f89d3dded8c92ef9402e1a2608590d1c041239,182849371,0.0182849371
0xe9fc9b4036b0a3000a617428207668c589cffd90,38458583,0.0038458583
0xea02678bab3906f84c2a02c3122bbc105af63e95,1977133301,0.1977133301
0xea12160c0970aa188eb87672f0e9e252a4e93722,8521201879,0.8521201879
0xea195ede457dcc64184a6bfda3f7ca8cb1c115b2,39018522,0.0039018522
0xea197a57e137cf1b2f88d1c2ba7f2f6fe90abc31,8,0.0000000008
0xea1eaf8c81730e9187cb54332cb08e51691d17bb,825674,0.0000825674
0xea21415cff06be25849634db33907a7bf7a582df,8,0.0000000008
0xea2660a9c7ee804e05bfade1fce5d69cc18581d5,19411912614,1.9411912614
0xea3381e758e61bb208550ef369ceade8952fb61c,5439000000,0.5439
0xea39e59da1db19d486df67d4ddbb8981216835da,5,0.0000000005
0xea3c29ab9fa027790129776d56bfa50f279f1dae,95307636,0.0095307636
0xea4b11e5b7bfba399813fe211d045a4d8e96d671,599444,0.0000599444
0xea50157202707930097387724657cbd5b123b3a8,61938085,0.0061938085
0xea53254f6b1e3defb453f956f68b03fe293b9293,971328012,0.0971328012
0xea539871f1ac163f012015aacb3a3a63a551d72d,75519584188,7.5519584188
0xea5d417a92950d9a4c02ce3e46a0fb8c6f6023b3,109,0.0000000109
0xea62b61c5c336e954d1288cf2a92f8c28472fb07,503258,0.0000503258
0xea69ac858b5298ca6c9c91dc0cf974963a0d728a,28222078,0.0028222078
0xea7042540cf6df049beaebf746918ff720a6bac5,46026622118,4.6026622118
0xea711a9865d6d68c415c5a09641a702f8cd5ebaa,599557,0.0000599557
0xea749fd6ba492dbc14c24fe8a3d08769229b896c,1,0.0000000001
0xea75f0129b11d9ca0f18396711c834cdce8668e6,95310934,0.0095310934
0xea83b99e5ad84a53343d0752f1deedacdcab05eb,6,0.0000000006
0xea897e018fe007cc501cea8bd89cd73ca47aac06,3,0.0000000003
0xea89b60d8b2c6a237c9dea759a03a1dbf8c2b419,4335848155,0.4335848155
0xea903d9481320367ef3871495eef71cc32fc22ee,4998968966,0.4998968966
0xea91b5e687a490380c52d264d5d36558d79f4188,395949,0.0000395949
0xea974ed863bb5dbfac21bdbcb32d04842338f23a,381301081,0.0381301081
0xea984713fa9a8c164b2da9e10068fdaeac565420,7335062626,0.7335062626
0xea985b8ecb5f4dbf539b9f603237defa1e3f2daf,5123985704,0.5123985704
0xea9e43ce713e915ed4a794199f5357403caa506a,181943632,0.0181943632
0xeab6dd54f241b7602b8cfb3ff8687b09a2e11a13,1879316598451,187.9316598451
0xeab7204c1cc00e438505f48a4bd8eb438fdc469e,85743465,0.0085743465
0xeab804590011d0650fcb6c4da1870c6e9ca062d1,2,0.0000000002
0xeab87e29ba6f88a6256410631e977e80f4f17486,13885403049,1.3885403049
0xeab9da0694220adbe09cadef53ceb27b9a62a038,147701786,0.0147701786
0xeac3f767d552057f4bc40153f4a0db951ae1420f,1,0.0000000001
0xeacbbc050af13ad59ad7f284f564ea71ab22d2e4,6,0.0000000006
0xeacf843e27a99a9f6b694458a9690e09136af6af,6,0.0000000006
0xead5da05cf26d8be885b21e4058c5b61e97db437,181943632,0.0181943632
0xead852424ea415b33802518543a221d66acafa31,53153514,0.0053153514
0xead8aa856fac469e54642151437c4e69743eee6e,81943632,0.0081943632
0xeadc37a04724fe5f3ce9baa0c829939d53eefe47,2971816,0.0002971816
0xeadd7b624ce2039f255a3cadce15faeb96b723a9,10000000000,1
0xeae52b4aef973f27ddccb8cbcba888d0d6fa8317,599568,0.0000599568
0xeae5eca5573dfebe571122c6b79c8bb26d98321a,527931320,0.052793132
0xeaf3223589ed19bcd171875ac1d0f99d31a5969c,6,0.0000000006
0xeaf4956f341129a018843bca95c37026f31225ca,880496791,0.0880496791
0xeaf85b68ce6ac308946580b907c4f84d0abb07ee,116258348621,11.6258348621
0xeafd7f7574849205d45dc5a7d9af4978429ec801,9978954551,0.9978954551
0xeb04fc9c670443003552991a28f29380619c2345,93921846,0.0093921846
0xeb0c385d8dbc91000cff406f04a79104403b99f6,6,0.0000000006
0xeb1892dbc76e35f66f2e9c4f11f1968e67e359d2,180021262,0.0180021262
0xeb1bcbfec30297e70ce7fda0a6729a233c957117,1795899567,0.1795899567
0xeb2108313755dd33f9e8db7aef51b8c9e0e478c6,125811,0.0000125811
0xeb250569e21859a3579fcff91a9a06b6b4fa1880,1637081363,0.1637081363
0xeb268aca0fc5457bbf3b6ba7a8d9d6ba6928dbac,11816,0.0000011816
0xeb276c5497ba883c1ff88eb3223115964aaece9a,1392222919,0.1392222919
0xeb29a7ced7ee27b0fe9cdda381f129e8ed3bbf23,9973544974,0.9973544974
0xeb2be6968125ae02b272125469897a9624a0a246,931613929,0.0931613929
0xeb371fcc5c8085f637072bf6b3073042cc4bca93,2165332591,0.2165332591
0xeb415d9c496e85bad03d122eee14c92212a6dab0,1602216558832,160.2216558832
0xeb447525ebd47ac8b2f1ba314aff50e6f60bd274,1,0.0000000001
0xeb46b11cebd51758ffdbf1ac4adc830a10c8d668,399558317273,39.9558317273
0xeb4752ab56a6c2824d1eb081a6cec90dae0652fe,6,0.0000000006
0xeb4cf90b5ec7a7a64c5769e6857d02ced6b949a2,1,0.0000000001
0xeb4fc861dbd0bb624f712d99f12c84df3597d147,28854266602,2.8854266602
0xeb52ab84db6ed2ba5728a6c7d32de24d2277b763,985,0.0000000985
0xeb6359ed2cf18212db0212dd493c8bf0fd586fbd,128700685964,12.8700685964
0xeb658d62ae3e6c2e140d5f1c893a83ed24946996,2,0.0000000002
0xeb8261377cdefff0fc233596dc4a420498ffbde6,9986114679,0.9986114679
0xeb89007481990d739c1ed98d210bddfb60e8f3bf,869062761,0.0869062761
0xeb89887c6553dce788cd082c40aec78106284ed6,382014546,0.0382014546
0xeb8c98ad64568d6e2911714b9efe00e74f8b741a,9508942007,0.9508942007
0xeb938de897321dd2662265facf9a59ceee6e3453,177259229,0.0177259229
0xeba50ab60f93756ba8b9ddd49b5b0baa30a58fd0,92698065,0.0092698065
0xebad6a97a32f3a089099522b89066b4b9f78a62c,22190946,0.0022190946
0xebaf630289eaf64e328c5d5866925cd1e7e6e0db,89948,0.0000089948
0xebaf995e1f0a34911de3e85ed487f9eb7cdcfbe8,6,0.0000000006
0xebb082ee839e9a3f6e0d4ddeada278449b40673b,251320556,0.0251320556
0xebbaa7619a581233ced0bb8c4892c2f1c0ce039d,5835504904,0.5835504904
0xebbd77b2c9004fbdd8c2cbbdbcb4179b70493e90,583,0.0000000583
0xebc16f1dcf7794a5f40b332ded53056fd882e743,381123999,0.0381123999
0xebcc98573c3cd9b5b61900d1304da938b5036a0d,75,0.0000000075
0xebcd54d901596ce65fa504d96a397e8463d6262d,60795819842,6.0795819842
0xebcdcdc08d8af4f1bb808716a374c0752cbcfe29,560204608,0.0560204608
0xebce2d64c3d7c50fdb3b3c7c92a232b7276561b4,841505,0.0000841505
0xebd5f0763d46a9e9f9c82404b6ad3ee0788fd662,8,0.0000000008
0xebd9a48ed1128375eb4383ed4d53478b4fd85a8d,1,0.0000000001
0xebe82785461362135afb7ba68d00caaea69b1628,387193,0.0000387193
0xebecdb57a78487ab19f1b8c71a38084818cbbffa,95787571,0.0095787571
0xebf5f5a363f46cef0585eaa81f7b5acb6e1e74c6,12555313955,1.2555313955
0xebf6caf61daf53dc92b6a9b030cf642fd4c1103c,3024144256,0.3024144256
0xebfda4a03b6de07c64956c478a9c7358bc01a6cc,39981943632,3.9981943632
0xec0230395c3d7709af9e8674b1a849e409779e1b,85798650,0.008579865
0xec0b486655b6d2c22219dfda19995ca3c0cc484c,16,0.0000000016
0xec1081090b1673d22512c04f8f0d1f71f7016840,8,0.0000000008
0xec15fbebd5dc1438eb54fb7c0e28bf2cbd79cf87,8,0.0000000008
0xec1e46f07092b54290171b829ce5fc5695d21260,66030811,0.0066030811
0xec26a697c7560eeeadc7bd2f6b8b8008e78429ac,19967377844,1.9967377844
0xec29240f20112fae89b70708035ab325aa8f9b08,2446995143,0.2446995143
0xec2df450989bab368ebda169525eba0467bcafdd,8,0.0000000008
0xec2f48b2c2803049294a5d00c6b90c744b4c015d,10000000,0.001
0xec31e535a284be5d872e396349ae5aec3ae43f36,7304733796,0.7304733796
0xec369654e7c28642a1c5f87fa9137e8a98d419e2,21586114679,2.1586114679
0xec3d3b8c12ff13854d11a5d105f678fa4b2f80d9,90971816,0.0090971816
0xec4600097ce172c30f5d6bb19f6f792f8b270796,157038,0.0000157038
0xec55a42f82b79df6d33da726b874f11436bbc15c,9,0.0000000009
0xec561dd73346f761d1c09f46999bc8ea1b1e95a2,22004742262,2.2004742262
0xec59b0a0c5596c24d3d7c47d81b2ebe4e1b9d101,73063960,0.007306396
0xec5a6277a89b180c344065fffd0f422a7408a7c5,13744280225,1.3744280225
0xec654fc2fb8ab47f1e124cd6c83b291ba50508bc,49037511,0.0049037511
0xec6ba66a6d19fc4b6e123fbdba59e310d6d767e0,31153858,0.0031153858
0xec6bcf371cab77d83c53013d3948c4b7b22a8f79,12075,0.0000012075
0xec6d20be57762f28f820af4cce699004da705d2d,3848362679,0.3848362679
0xec7bad9b0ced9aa745970b9a0aa9e205c7b11a9f,299766607541,29.9766607541
0xec82c1457f5eb65791129e596dbb84dddc46fd8c,9973544974,0.9973544974
0xec880a903f6dc836810181f8a8d11b56c3a27675,7,0.0000000007
0xec8dfcc55124a46ae172f81562e92bd6f2acac8f,4,0.0000000004
0xec9baa75dc18fb2ade9d34387997af208af8715d,1089591004,0.1089591004
0xec9d1108b975ee9641ba3a7ac22092763112518d,9,0.0000000009
0xec9d912c39c1fa874a063faab9f85af3cad16789,943632,0.0000943632
0xeca2e2af65db3a6f77f0d586f1b70530bb20150f,61053200,0.00610532
0xeca743a711eda62dad27da1301bb75f5f4ce2635,4,0.0000000004
0xecaa7fc60195a1c5a3a249803fb30924968d6aa7,287915856,0.0287915856
0xecb1593123afabf3e863af38175f480fc5550d04,1061654849,0.1061654849
0xecb5ef27056c4a1a78f7de8f2b067ff92b93ccad,1057566946,0.1057566946
0xecb9eb9d678ee76c40a8091cc9e5928dabf6d90f,10710154359,1.0710154359
0xecc94914076f8124f687e93bfd4fc8d1ce58c03d,79,0.0000000079
0xecd55317700732fcfe12c0a59aad90c4ace8722a,1161825353853,116.1825353853
0xece0d5db580bf02689684f31543038489c978fe5,4,0.0000000004
0xece4c78282dc951ace3ded3b031df3027d58d521,218326633062,21.8326633062
0xece792e16f847add756d2c421801ff82999d2333,903795305,0.0903795305
0xecee25764a60971bc823556931ad359ce126d84c,94713299,0.0094713299
0xecf17b1f3eea925c34a654cbae1375e4d1a2222a,11816,0.0000011816
0xecf5bf9a44f561eecf3cf44d4069679a095a8942,8,0.0000000008
0xecf7b524fe36c86fdbaba631543dc9ee2845bfc1,150921072,0.0150921072
0xecfc70c4beac46930dce06d59ad252b2614605db,3838387888,0.3838387888
0xed0bb551aa61022d87ea49c6b7ffeeada9e14738,19336884849,1.9336884849
0xed0fa05f5cfbdec1eb9dc951f9b50bdb75ce7772,381207640,0.038120764
0xed10139d0b4cf4dcfd6432f46aad08ab13975381,39722484655,3.9722484655
0xed1a2f63ad8343009d3f8ab71cc85a38d8fbbf4b,2,0.0000000002
0xed20bc9f8be737572d7e40237023c7a8fea3449e,3,0.0000000003
0xed22f124ede62a19fcbf9cb62649b6ae1fa0248f,19954266602,1.9954266602
0xed2a2c9960af54022d0fdaa119c19f6d754187d3,9,0.0000000009
0xed2cd5ee34212d3236c188d925055870f4e6a631,7,0.0000000007
0xed3c678f04d92c78c101154a271a50ad9089f443,14891587223,1.4891587223
0xed47e93c9c81e6896cf15a895db190af3778333d,198906,0.0000198906
0xed55af499476af80020b57747db0dfd0bc7520fc,29973544974,2.9973544974
0xed58378b369d499121a1b2767931a98f48e450a4,93768185,0.0093768185
0xed58be58dae75d07aa3132bdd3254da19053ee5b,92637380,0.009263738
0xed5ceffdfa70d121a1d2a652e95fda93adee390a,1,0.0000000001
0xed60465467fbd1993bb3e947e36c2c0e5d9f2af5,29459840,0.002945984
0xed6ceab0f75f4c9e3d9844d808997db65a2d4234,67051,0.0000067051
0xed6cffda212ac414c759921cb24015fe3e73cfd7,89621881,0.0089621881
0xed6dbf44767a568d3b5af147ef1255cf6c4cb82d,6816,0.0000006816
0xed717cd5a8d22c619a0f1f6f422888180110fcb8,1005514532,0.1005514532
0xed751911aefbb6ca882d13b64d5c6b0894e99da1,53072803,0.0053072803
0xed76187ad1e4f974229ac9a5aeb2aaa427c5a987,35987,0.0000035987
0xed78e1a7df6f0d5a782d05577a71c8b5c614646d,170038963,0.0170038963
0xed7eb14e0150c3b7d7cdf3bf9890c74c07b2a0d0,135250192,0.0135250192
0xed8172268906b5ab982ce065878edc09d8fd4f1f,716967764602,71.6967764602
0xed85dbc2c59a1cfa5af6e3ad3d75ddb03f0a2b09,990971816,0.0990971816
0xed8bb129a2c82ccb90a7ed2bf04ed60a323bd07c,27522748700,2.75227487
0xeda4edb617bf8dd7736ee2088c7dd40549a60cb0,7,0.0000000007
0xedaf568d42faa77ca0b3ae54c434b6c082e7ae6d,90971816,0.0090971816
0xedaf6304b8eaec003fc552c0664e5b4312c38a80,24254989,0.0024254989
0xedb068d6f1484f6ed120e9ca40527a928adc509f,4986114679,0.4986114679
0xedb6cc5aad830fe34e4aec759c1f852dce7a7b1f,1,0.0000000001
0xedb72292b92fe04b027fdf7cdc9dd41e1eafe46b,187471927,0.0187471927
0xedb849e8b06d45c7f5fd26fd0507bd48cd769d6e,94604165,0.0094604165
0xedbe8d3b7cd046d21b300a3086c6ad7713ef6c0f,47,0.0000000047
0xedc4a15076cf57f713d018dca7747e3c63b9c8db,92644915,0.0092644915
0xedc8a49f2c36d17f2928182c26bce7874ecc60c0,220187143504,22.0187143504
0xedd1b3b5d340fd46ad559fb5d6a8e129e1e76601,2248979033,0.2248979033
0xedd4633be56ac5fb00425ff101825a3062f4d418,118245502215,11.8245502215
0xeddd0b2fd386ee09691998f86b447458f59e69ca,95023281,0.0095023281
0xedde3dbe58da255bd594294bd5fd3117b6213dae,3,0.0000000003
0xeddf709d81e6b235a7371b0ea20e032c818b3389,1,0.0000000001
0xede2386ff0f8e99f178d094187e772d1b472aa4f,996636647,0.0996636647
0xede9342efe7e594687051ff37b10f053caf96a74,1576009558,0.1576009558
0xedf106c15395edafa55c6bd5238c1541e1525f12,99358858,0.0099358858
0xedf3af29040e069a4cbd6e13fbead2500733f2b1,195826,0.0000195826
0xedf6549cc8808411369acfdd74adf9088e4f0f0c,90971816,0.0090971816
0xedfccb87089f79cad6fcf7321079a6f5424d02a4,9,0.0000000009
0xedfe89686c4cabda7be8763db06dcb4512aec158,91887083,0.0091887083
0xedffe78de97f7c000f72a07add8483c9eeb6b64d,659948091,0.0659948091
0xee00ee785575f73bf82300ad7b303d8cf64391ed,1,0.0000000001
0xee0ce82b226abe358fbd5cdaa62f36c2bc6c34cf,85718792,0.0085718792
0xee124b707429304fa4c889455e95b5a0d5c86482,1742036191,0.1742036191
0xee20fc7def1a5540a7643e86269322d8ea0276dd,121826,0.0000121826
0xee23f622edd304e178c7f5f648de6d762b03c1e4,42485353804,4.2485353804
0xee27bbebce601c882d6778a3352ffff95289493f,2505724305,0.2505724305
0xee2bf3d6721f04c104cd4f4d9b61efb7dd34b810,98573103,0.0098573103
0xee308adad9cd3f570f6bd3db89a86913ed168499,6458443251,0.6458443251
0xee33e09ae46d84587a8a89bb7a74e70f8961058b,29863834524,2.9863834524
0xee341d7e024be2eaa7482630e75961ffc2a3bb7d,16197979859,1.6197979859
0xee3c0b2cf6bd908e33413819de5c818db778edd0,103792915969,10.3792915969
0xee3ec5a0ab0d877533d1f9b8ff351328cd26440b,38225544800,3.82255448
0xee430cebedc08a44fd18ea682356da5357f838d8,181943632,0.0181943632
0xee4a267e98260acf829ca9dc6c9f3d5d82183bce,4,0.0000000004
0xee4b741346030395653877089fbac70651aaa525,381183198,0.0381183198
0xee4ee8065021a1d62683aa668033d1e26f2cee25,79,0.0000000079
0xee64a3e1088f9804c35346d3de477c3133dfebff,942606,0.0000942606
0xee6fac88cfdaee130ec71ed0cf0b2243a5f74dd6,8887864,0.0008887864
0xee728b9b46b3341c4bea49071b55ec1d5a62b964,599114,0.0000599114
0xee7f765ceb55df8cbfc0a405ffc61bc8766edf79,4,0.0000000004
0xee7fdb526aaa03944ed15d4cd8c02e038addcea5,3387,0.0000003387
0xee86f2bafc7e33efdd5cf3970e33c361cb7aded9,10323130364,1.0323130364
0xee88442e9d2d3764ac7ab60b618cd73cd9a5fa51,8,0.0000000008
0xee8d76e470375ba70a405612fcc230a959baa092,599446,0.0000599446
0xee92e4e54c34a91d0f68ccd081928b9e83fa2537,26082996,0.0026082996
0xee971a315cbf96f1f9cb37d7f1ee114608cf7c5f,9915994840,0.991599484
0xee98c1feb5946b83ffcb787048c90dd392217be2,49990971816,4.9990971816
0xee9a56ca608bcc10f22aee95fc54355b2cd44abc,154792202695,15.4792202695
0xee9cc77955575cf93ad27f184cd2b5176d6ff8b1,4,0.0000000004
0xee9cfc4ba316f092357d8621bc4730bdf36f24a3,189977133301,18.9977133301
0xee9ed68421a72d8ee607b781e52afecd4d8919ca,69470000,0.006947
0xeea4c470afb25730a0dbbe9a04f989db97ef2195,1,0.0000000001
0xeea8a9a127a403e8a178362f59741ca1bd21ed5b,140381288,0.0140381288
0xeea9184e4356d677bc5ca2527ce0311ee098acd4,4,0.0000000004
0xeeaddab3874fa6fe506783bb39d5427cb3779dbb,92760423,0.0092760423
0xeecd67dab5667e28326a5515f7ed23312b8f5608,93716475,0.0093716475
0xeed40086a8d8cfa706d45b378a6287e68a35e630,2990971816,0.2990971816
0xeed40d27c8c34b581dcc8bf124e037dc93ab63c9,97013236,0.0097013236
0xeedac62c3e82f2f34484056c4ebb677b86eb7f8d,85804468,0.0085804468
0xeedac9ab05434b56a99db1c0a0ad09e3015701ef,6,0.0000000006
0xeee92666e3c601ecc03db83c76a4e8b618ce0217,94480446,0.0094480446
0xeeeadb4ce3cdff021e1be65765e09acf51eeb443,9,0.0000000009
0xeeee19d249038c404fde98fbb79a1468ed8abce0,10900000000,1.09
0xeef002abfc31a90feebc45a3caee34b71f432ee6,5,0.0000000005
0xeef0a3474e2cba2a0ddec8678a34b3cf991408df,151234,0.0000151234
0xeefb8ac499c1fd308696e8c5e48cc97a0f00b348,95740469,0.0095740469
0xef031c8b61b90959f94991e8411ef5a26e6e7744,236089,0.0000236089
0xef0cb3e0c42427e5825a18f0da60704a22496a0e,10000000,0.001
0xef0cfcbe189d3c76190884fad6b2caef4c3c7c3e,94709510,0.009470951
0xef0e6725e0e45667462745240e685a1d31a8e380,5429360375,0.5429360375
0xef176185b1f66c6143b789b5cf743d8f32a00f85,97732,0.0000097732
0xef188cd1cff6b3367da00d6ed3c0792ada002294,381281522,0.0381281522
0xef1d86cdba88d2b61c3854d06af108ef0174e81b,599478,0.0000599478
0xef1edea6a13f5a9eefd1796f1635dbc19f2a49be,4420182215,0.4420182215
0xef29bd856d18410a041a8a5d419568497c65536e,2,0.0000000002
0xef2dd0d2f371603e45c55f5f430efc3d837a7f3f,1,0.0000000001
0xef30466bfaa466e433473d5f78913b8952fdf63c,599446,0.0000599446
0xef326d93e29114914fa70776c92890573ad232cc,48754015,0.0048754015
0xef32c0df7bcde2b28c015f141a58a7c7c65fad80,47178945735,4.7178945735
0xef33c88cbdd4f8e80f4e95cd59802560fd8ae585,2960,0.000000296
0xef3b838df94cf4ef36980ac9680778804476f534,599114,0.0000599114
0xef43222119f68482b9e64c3b4c100463fea007bc,986114679,0.0986114679
0xef46c7649270c912704fb09b75097f6e32208b85,2,0.0000000002
0xef4abc185aee1c78bbae3b5c29a36c21b93f6323,304300832986,30.4300832986
0xef4d60032be235d2650ca729cc262c618d5bb277,86946,0.0000086946
0xef5c9297bdaa6d3c0da26e62feaeaa6e52ea2548,990971816,0.0990971816
0xef62d34fe5d1f963341fbf365f612b7f6f35a8c1,599568,0.0000599568
0xef63997ef03c427328788fd2bacecda7a238dac0,190905258,0.0190905258
0xef72fc149111498970cb025e5a3395ea5156f5ed,93218388,0.0093218388
0xef7abd743de629a1000efc20aceddd39cb648322,94604155,0.0094604155
0xef7f77c84805df13cfcba7cfd6bfd3255e949327,9075640561108,907.5640561108
0xef827962ac47e0f778704102237e0fb64212c8f9,5,0.0000000005
0xef84098d14b86b022f16c20da6b21011ce4961bd,90971816,0.0090971816
0xef8e4b5fb99acae5007b7f0f6658a2d519f2c7a1,55254878007,5.5254878007
0xef920541ffb62f419e06778f488b164be79d2060,95471,0.0000095471
0xef934376218443a9e7441e9f67bc1eecf4cfa74d,20628480655,2.0628480655
0xef9959c0f64ce781f4fd12bbf9c13795d812027d,971816,0.0000971816
0xef9a849c8209e91b7cf3bc5142669f3d6140bdc0,1229359,0.0001229359
0xefa181a8471ee15a1a104fdd75877de435e3c529,8,0.0000000008
0xefa1a89e0b976c92800ae8b6237692365717bc66,10000000000,1
0xefbe1b2aed7f77850005a3eadcd19fc4ee3c6d07,500041,0.0000500041
0xefc21a6d8acc64b1623156c8371377f88ca03665,37630348,0.0037630348
0xefc6433346004c333f81ad817b8a9b989cd0a602,21973866794,2.1973866794
0xefcde7aa5c1c919e19d0bb3b56f2581c046494a5,64312,0.0000064312
0xefdb09ed95cbd86a977f4d24f4bf3a2d7b45e1ac,6,0.0000000006
0xefe5eb863f2d9958b112d57fbced0bf8838527f2,1198451145195,119.8451145195
0xefe98049be048773dcf7dae029fe89c68399bdb3,10971816,0.0010971816
0xefeb804cbd209b9c9de5e1aa6009e38de25afaa5,3954631412,0.3954631412
0xefeba73a252578957f20f81af7a20e55540f0baa,6,0.0000000006
0xefefe1d0c05fddc5920f9c011d7fb29d408db32d,1,0.0000000001
0xeff20aa070d2f1bb1578a72bb46abcb5fc7bee71,3811062837,0.3811062837
0xeff3c4ad01b9117ccdc1ef1070f0dbb2a4374982,6,0.0000000006
0xeff7bbc38e2d024f385049f7367eda251b554bc2,8300000000,0.83
0xeffa62fb58679687c011d4f4808f4ce3a579ce0c,94682237,0.0094682237
0xf0067981e0c61a114b871d10532166b106825334,3,0.0000000003
0xf00ce4b69d5b72f93d77f6babb6260b5fd4406ba,1426002409441,142.6002409441
0xf00fb20c28ab4ba55a7996e32f444ff9ffc54a3b,744844433,0.0744844433
0xf0152dc49b89da094122cbbd09b1dd10f1c0b575,94682256,0.0094682256
0xf01c07d6ae559cad3c5a3fc14d4588186beb323c,1061954851,0.1061954851
0xf0241278d0165b284f653d3f52644156f1057034,3194647935,0.3194647935
0xf02890f2087fda9528dd80c7edc36005627660a7,599445,0.0000599445
0xf028f0423f4326c29d4e87b3df93d460001dc04d,1,0.0000000001
0xf037da101c2f41786191901b47d061b237d8eb42,95310990,0.009531099
0xf0387c3c6c90a964b69bbbda7910f430d88069bb,6,0.0000000006
0xf03a76b83927c1b31c8c2ed2208806da67952022,2866896974,0.2866896974
0xf03b3e0ddfc56ec8402cc402d37d5a5835a64dc4,92655050324,9.2655050324
0xf03ebdb350bc33248563e76b131f9ef888037a10,93026155,0.0093026155
0xf04578e34d43f992a7b750817565d6e6d348fa5f,35962,0.0000035962
0xf046daff8474d9f7e2046ebdb756fd84512b77cc,29338799,0.0029338799
0xf0580f2b7e498980809b4cf89ea392bd206e00c5,79297747,0.0079297747
0xf05baab788d00f2f1feacaba3e61d0e9f11be4c4,9014943268,0.9014943268
0xf05c316935eeb56f3b5d022dbb1747004c5ede77,20000000000,2
0xf05e75e42272ec60ba6157d647924fd2de7a9495,1890971816,0.1890971816
0xf05ea1cc4acb45b8e5ec5ab87fba5eb10002bdfb,83000000000,8.3
0xf0637af0cc4ba2c4980d169c945df24d6dfd101c,291497,0.0000291497
0xf067c36c854e5e67695107e809b792f67bca3e94,19977133301,1.9977133301
0xf077821babfcb076556a70441e015fc305f87ea3,10000000000,1
0xf07a9bb60f3811d2c919087499479305b2f4c451,42880105463,4.2880105463
0xf097757921a0e244cdbe3e7d9d0a1876d9cb439d,2000000000,0.2
0xf09a0564d4063f9cc2e5e8051957637cb4f51bdb,381160759,0.0381160759
0xf09a24f132da1474ec4d33e6700cbda96bb6b717,11211893,0.0011211893
0xf09b1de93ad3f23dd3e43af0d4d6317defddea88,93597456492,9.3597456492
0xf09cc838c4b6769c2ee1f28fc205a157149b0513,1422955,0.0001422955
0xf09e1662a08b9c3527f7ad8e4ba2b40bc248398d,39913809581114,3991.3809581114
0xf0a355a5ab3d96a4347e9fe3052ef39357df90d0,829294128,0.0829294128
0xf0b176248fc3df4f9d7b357bdb5be27174095e14,981943632,0.0981943632
0xf0b79202010fc42d5187d1f52cb250416f553755,410112630,0.041011263
0xf0be286d47fee9ff60db6380af63fbeb1c12a9fb,2585356994,0.2585356994
0xf0c09d91aa30e491e1a3a20c6fd35838257e2648,3,0.0000000003
0xf0c7b7cdbb367f5fcb5a270f40479ac7aac2e69c,457657454,0.0457657454
0xf0ccd7e26741856f3584f58bd6bdaef903a946eb,915448,0.0000915448
0xf0d2f94594cb67e674740b6a1767442f01438f0e,40477696,0.0040477696
0xf0d71ffb054ed30e1e117bb71e2b079f44e50f7b,73544974,0.0073544974
0xf0d818c7e47558545548633d06532175e6c9d192,99269523,0.0099269523
0xf0db558815240dde6a7bd1f51e4c92094b4f91e9,192803990988,19.2803990988
0xf0e94b5cc8de1fa42560542ed371921440ece869,300022125677,30.0022125677
0xf0ea58a245929232697bef1a7e93e0ed99e64100,709,0.0000000709
0xf0ea58b65c82c48ce69f0abd68d178e7764c4ba2,4881943632,0.4881943632
0xf0ebadd47ef68f3ffe84115bd31ebebe530f5d66,4,0.0000000004
0xf100022d0812a8cee4382511f53691601c3ce91b,5,0.0000000005
0xf1096ea17b507006b537b9ba3230d5f098d638c3,25069752058,2.5069752058
0xf10d2ef14965be49917c290edc547ccb59ca9f9c,2670971816,0.2670971816
0xf1110c1718401b0c398e177ccbcee8e5398577dc,1011979368,0.1011979368
0xf111fdeeb538e861a92ccc720c769688e1d1882a,5,0.0000000005
0xf11b3ee4d4186316bf8cd23231b6238e6acd97d1,169646682,0.0169646682
0xf1357c8c243a09ba825d04082974980dcb9037dc,990971816,0.0990971816
0xf137887245b005e4f5170cc370ee7b0f180af8f8,14360702409,1.4360702409
0xf1385a6864ec6b86632c41a4cdb7fa2d688a2cef,97732,0.0000097732
0xf13b49032f1202b50d02753a8d2a0ad68e9d0262,4,0.0000000004
0xf13d1b6c36888c820b0f24977eab1b3eed6b226b,973544974,0.0973544974
0xf14183fd12c6a2ce198fcebe7e1da63c94361f76,98747644,0.0098747644
0xf143ebf9c958c59920e33f31aa473ae1511bb3b4,581663382,0.0581663382
0xf14b910ef11ea189b91069365b8ee54dea492da9,599479,0.0000599479
0xf14cea2ed1a54455dd52f3c68d9711d69e6a5e23,8,0.0000000008
0xf150b338887af61c659a0e92eff240f8672d4d21,3,0.0000000003
0xf151837f6ce562d25941998f0df387dedca74745,381295286,0.0381295286
0xf152aac7d19923be5eb6df9198bc6754a7f0c0e5,1,0.0000000001
0xf159f9008ec6518c05866e81fb52beee21417e1c,814735241,0.0814735241
0xf15d7e35487e08e2082fc848af0d841115090db0,462171647,0.0462171647
0xf160a8923fd59e973250d7baf9fd11e1e890c284,62683692,0.0062683692
0xf16173a55102a251b23571634f9e82a6b165af09,146520880572,14.6520880572
0xf1672552a2e8957878974c63d93c80dc21fa3d57,6973544974,0.6973544974
0xf167c89f45064f1f1c2d4410e42934c6f480d842,22222479954,2.2222479954
0xf169dce4c7fc6e870ab94e303eeea3ad8d1168c6,25597188176,2.5597188176
0xf172d9d4bad79a08e3354394b8139b91d8af3799,68466137,0.0068466137
0xf175f7252572e6954264fbfdb009fad74b7d25bf,567056690,0.056705669
0xf1804576af1a220fd568582a0ad9b12090f1f1f5,92627748,0.0092627748
0xf1842709e82076df7006dd2547db7d5f9a2c1f3a,12,0.0000000012
0xf1852a0d368737ac938a96c0d8b73368d9a33b1c,7,0.0000000007
0xf18e67d2c20adadd2709555a9b369a730e97c724,1970971816,0.1970971816
0xf190780157bf89e276d076899df0468de2ab98b5,940942454306,94.0942454306
0xf192650d0859a99c9306726ce34b6c3a0acd4e2b,9377661091,0.9377661091
0xf1a2699a841f67ee7d0d2927c48bdd1607a47ab7,97727,0.0000097727
0xf1a3e3a1ae5754124363637aecbe5ce6b2d888bb,1973618505,0.1973618505
0xf1a7ecce1f30546a7dd3b9007ef6e0964fec1a86,8927375602,0.8927375602
0xf1b127d0fd470bcc9c5882495b7621cc8901ef12,912939775,0.0912939775
0xf1bb6e27aeab356fae5d5feb9a7c11a53bcb4b37,99358862,0.0099358862
0xf1c0e6ff60f3c00e3129f776d9b038ac55b3a109,722544974,0.0722544974
0xf1c0f92a3682394bf9031e9b1504567152e3d729,599479,0.0000599479
0xf1c8f203c5ab6a49ca90af45b53c3dcdef4843f4,9892875,0.0009892875
0xf1ca86104f86c3305fab1c6cd5ab8bebee7ce585,18327711259,1.8327711259
0xf1cfebe95d246874a17b631cb364c2ab5ea4ce8e,195085749164,19.5085749164
0xf1d4797e51a4640a76769a50b57abe7479add3d8,20000000000,2
0xf1df824419879bb8a7e758173523f88efb7af193,10691271723,1.0691271723
0xf1e422cbc8b2549a20b6d896d9896fd0e7f39673,599517,0.0000599517
0xf1e7ecf6c3d1ee090f06b642a1e6f7a60cb048a9,1,0.0000000001
0xf1e7f09c5ae0f98fed0db57181a5ac06b8af1139,10000000000,1
0xf1eacca66c347c0d26820c19953626d80b45dd36,599563,0.0000599563
0xf1eb238235c69624a02cee69e5de250f86b6c6a5,4,0.0000000004
0xf1f4ffdb92612840a3d3f3c4b289257ea2d4566a,93530055,0.0093530055
0xf1f98b67d27865a64a1025710b4b83f46a37260f,2,0.0000000002
0xf20bb1ea28a496db525efbad28a23003c9d73724,6557885470,0.655788547
0xf20bb98c5fd82a1da0ea8c1b63539797d2cd9f9d,1730183540,0.173018354
0xf20d5c72943b311f695f59a3cfba8c47de7f39b3,11816,0.0000011816
0xf210d294f25b2c51d5aacb194a5d824af8f40c7f,105302618790,10.530261879
0xf21270742f9bce338679929b31b4af9fc6fd8380,929880161,0.0929880161
0xf213d3cf4cd53de3cfa897362fa8f9b0942f8ba3,931399903,0.0931399903
0xf21d6d6ec65ea33b213489ce13c8889aadcdd661,5,0.0000000005
0xf220405f30c30b3804e0449bd4b9252096169af2,97930298,0.0097930298
0xf2249e0d726c78c1bf313ab4ba8670b7eb284305,97358098,0.0097358098
0xf227c4f83e2e835dc3e5c085c33da62b8f53fc15,244248157376,24.4248157376
0xf22b7bad4576e2102e2c46f47cd14d2cbebac64f,90954141,0.0090954141
0xf22da9a1d48c9fa7e71e527ca6f4fe1b3843928f,19990971816,1.9990971816
0xf23272822238afbedb052f6278ae19f97f8d7328,49563022556,4.9563022556
0xf233a2fd2f2657fafca9ac395565ec9920830f15,93026158,0.0093026158
0xf24308cf7275b65a36d24b11966894a0f7c92e1e,8,0.0000000008
0xf249f23b79825188ae717ab5f7e4fe22d158a93a,6882464322,0.6882464322
0xf24f3924b2b477b76e7263847dba44a9e1bd1da9,406680529,0.0406680529
0xf24ff3a9cf04c71dbc94d0b566f7a27b94566cac,10000000,0.001
0xf250cff8fdd6e004449fff202351bfe522deb36a,19542556605,1.9542556605
0xf2547f1f75fc749e7959581e414dfacc53449077,4,0.0000000004
0xf25ac8788aaeb7060e4f9b346c5b948d878ea18c,3,0.0000000003
0xf25d83d38d8760303194ae76b112bcf17c46c7d0,14274837735,1.4274837735
0xf260b6af4a66e9560f8e12774540046bb49de0cc,25398468740,2.539846874
0xf2651bd4ba13e3931cc5c918b582b93302be4523,1,0.0000000001
0xf2679fc2bbff944886249aad513e0ac5072f8f8a,14991903023,1.4991903023
0xf267c8593bc7716d0605b56a1f77e50bc57e9a35,99359678,0.0099359678
0xf269e8574583c27fe74b69b3f998a64efd8d0448,85804194,0.0085804194
0xf26daaec5d04bea5cadb01f93d060b668b96a00b,1096,0.0000001096
0xf26fb33f33b65e2ded4744679e11b09f30136e92,1,0.0000000001
0xf27299358993b7b482738530d4ec89fffdb223c9,13971069936,1.3971069936
0xf27468c1cbcb301534eb6f81971f505760b84529,28,0.0000000028
0xf276ac7422a43224efb323c4af16eaf9d357d7bd,1,0.0000000001
0xf28023122ebcad684550c41b65ab3c227b1bb7b5,97599943,0.0097599943
0xf287ca5df0f5b2af4039fc4ac9b8144b25cfabac,19817364837,1.9817364837
0xf28a449b4504aa996f54ddf5f698c3c8a48d6dc5,2580693197,0.2580693197
0xf293e593eed3a740c5854e440a7839b63cfc02af,290000000,0.029
0xf2946d5e65f1df738136b7e16cb9a1f0133cb461,4232789541,0.4232789541
0xf29759bd806a236d6f0308cd521e4029391e3d67,93769067,0.0093769067
0xf29838408f60e3ddb22e88a41a16769084088e7d,2,0.0000000002
0xf29b38acfd48f04c8e97d4e1bd3b00ad78083907,9,0.0000000009
0xf2abdac227bbac17f05a824b3681ed5c3f24fc07,95740429,0.0095740429
0xf2bd728e577b79b87cfa96b1629f8662763f7754,8,0.0000000008
0xf2c1b1e95550b883842b768d1efbfc49d04f5db8,7,0.0000000007
0xf2c71b372a6e374c57b86de5c9f691f138cbeeb5,4,0.0000000004
0xf2c8ccd15dd92b1405f0f2d4b4811c1de73006b5,381295016,0.0381295016
0xf2cad78352d05f9180a269be043a1ef21bf8286d,39095699,0.0039095699
0xf2d5021f14d1d095eabf33907a2c3d2ad9bc05b2,141193787535,14.1193787535
0xf2e0f72dfad42da3c2fa9ed8b44b6a157ef2d414,157221911599,15.7221911599
0xf2e493a0234e91f32361dae7e81b30a6af353530,3482839243,0.3482839243
0xf2e57cba0fe0a4b3381489217ee1fa7abcd0cd3f,8,0.0000000008
0xf2e907a0999a95d26be8ce3db03036213af0276a,1595901998,0.1595901998
0xf2e9fec0f136c9e8992257855554c221856f769f,16683701,0.0016683701
0xf2ee25cb5993e345085d46074abb3cb353b41a5f,5708674504,0.5708674504
0xf2ef5de0d4fed08e6cead5dcd1da9eec685fa164,182354848,0.0182354848
0xf2f0ba30f59586d594e76b8e0456864ae24ae2a3,7,0.0000000007
0xf2f19f8cd50dbdb99f1326cb3db603c73b41c5c0,9,0.0000000009
0xf2f5da9a4bc63f9aa77ac67f8ca2700e8218deb1,41364252738,4.1364252738
0xf300a6e751de095b2a1946c3d460f594a750cca0,6,0.0000000006
0xf305f023197f957d901db44f4e010c49e00f58e4,7340245478,0.7340245478
0xf30aa4f9adecb8bb209f764d300cbf78341d5e55,4,0.0000000004
0xf30c6dc1f333fbcc53c8bf3db30d8e6e57aa89cf,1234995640896,123.4995640896
0xf318b47fc9ddaa318a5a9e9bb4f650efd9bde9a1,5,0.0000000005
0xf320ea21a2a7a4bace35a8e6980533e7a1cb78c8,6,0.0000000006
0xf321716db6d2e5318a1cdbc15af80df25f2f8244,4981943632,0.4981943632
0xf335c39f22df9296166e1945cacbddc0b1c3f3b1,1,0.0000000001
0xf3363b252315d349d95dabc9cf58328181efb6e0,4,0.0000000004
0xf33bc5f4d4195e7fb7fa4ff92d7e025abb4067ea,676278,0.0000676278
0xf33fd427e695b63c81f238b5d8ea75aea31d15a4,11750156346,1.1750156346
0xf34120790cfe6767dd81d11a6bcd30151d4b2a8d,9570,0.000000957
0xf3468e6065b5496005d3ace4553184feb32478fd,441986,0.0000441986
0xf34c0c38d2d843ce269cefc7a1fd53cb3a0a8281,7,0.0000000007
0xf34e845538cc8a498edd97d7cde16fdfef3d4d99,5,0.0000000005
0xf352131a436a6801c5e6c7e8c6d9d52c9575b79a,999999999,0.0999999999
0xf358ce3134e5a318039914d04e1fd27faef5806c,5640800700,0.56408007
0xf35aba33ee791186ee329e58ce383c672b956b94,33663,0.0000033663
0xf35e85a1e6bf36c6cf20479a8bb94ebbfd735563,46667180036,4.6667180036
0xf362668863acc54a87be5d6668f104ee1c04f31b,5102473865,0.5102473865
0xf366db5ad12555749d6b9c72e094f24a5ba5d335,93019150,0.009301915
0xf3671ee7bfaead6312b818f6194d4532bae36664,103459679,0.0103459679
0xf367c5c87dc5535214087e116479af230aab8372,1462915448,0.1462915448
0xf3699c81cf89fabc6980a38c3ed28ab9f0efe9ff,200914618,0.0200914618
0xf36c4d39dc2fc3f9e5691a677277607d0520cc92,93492085,0.0093492085
0xf37802e4583b5c50de9f9d793f0c8b471907089d,410000,0.000041
0xf37dfe66a872c87887610e5df27c54ce191eb462,11816,0.0000011816
0xf37e53bbb3acb6ac26c12aeaa852da97dabb1a1d,45143355650,4.514335565
0xf37f8ce70edc196927456ce96089303c6390792a,728469511,0.0728469511
0xf380aba709a520682f562c4e89802bb44fadf6b4,26298014,0.0026298014
0xf381896eb9280dcb2099523149d42f7b1ed43e9a,2890251,0.0002890251
0xf385b4cae0c63d423981217588b7b1685ac15113,5,0.0000000005
0xf3a6e74dae414336b6c7f70b272e5dc8759a085a,3647152522,0.3647152522
0xf3a9384a5dfa6c8d8dd191654d723231e4326758,618848406,0.0618848406
0xf3b362ecc4c27fc26607586d2430ef82e62c8c2a,33809867997,3.3809867997
0xf3b5bf03fb23a33b3e1e7ad9fde4a77584f63ebb,9079415745,0.9079415745
0xf3bf4cadebee8427f6fc87f4d846f21d78efe2dc,62883,0.0000062883
0xf3bfa8e6cac2f3532c2121b5c0ac14d56fb634e6,1048504071,0.1048504071
0xf3c6aa31f9dcfc372f5021c28eb381f2a752add3,6874909353,0.6874909353
0xf3cc5724c916652fdc9bb4b332371e1217acf3de,54419453,0.0054419453
0xf3cce97b9d7335c1546a0bd249b551356ce9466e,65440989,0.0065440989
0xf3d7aed74d11a38d32bfb9cc0f2837aa357cf388,1,0.0000000001
0xf3df77f5955d3eafcb7ee1a3eae394f0bda75f67,9977305754,0.9977305754
0xf3e61db60b43dfdff2fb6b3f792e76a2913c0c92,94611858,0.0094611858
0xf3e924924f23631d92430522bb17d9ddd20e4be4,3301,0.0000003301
0xf3f74bf3fee1998c696cfada6bb600cc9ac5dc3b,599518,0.0000599518
0xf3f9b58159db5ecd92e6301c94a0857fda5a1ac2,9,0.0000000009
0xf4070bba7b438f2b9bbc2ee856b174b1b98955fb,7,0.0000000007
0xf413e3266d8ff5323ff67bc2d9cb6e62fc23a648,4,0.0000000004
0xf41574574d546e6b9013c0e9dac46ebf03a9486a,76532575,0.0076532575
0xf43422cb1de1fec4f548f5b0c1ea8957bf1da6fb,986114679,0.0986114679
0xf43e55fa129c35620026a55319ed28e4d108c0b1,227123991,0.0227123991
0xf43ee9b1d5d820f5fa0ba472eb919166e08d5910,8,0.0000000008
0xf441cd4c5a583e52d494b63196041b89293f47c1,3,0.0000000003
0xf446462135ba9e8a600a0418045aba002259bff5,226373,0.0000226373
0xf4563f1e264ab4fe30a600a1b82b5a4847e67f3e,350377934,0.0350377934
0xf4588b8983af0df5e8b1336cdce51cc5696d9019,47019,0.0000047019
0xf459edf70cfbfd325c7771fe6baae16c81959fcb,961924694,0.0961924694
0xf46dc57a0d8b614a0e8571217316d24b840ed9bc,5,0.0000000005
0xf48267f534ce6df682e32ccab36f3c18b396ce0e,749069993,0.0749069993
0xf48419585f0796050248c2984f65f3e6ddccd9d3,3018,0.0000003018
0xf48d2aac871cb7e5792d1218bee0b0c67d2540f0,1000000000,0.1
0xf495af299c2362b21193fd266795ee081521fb16,98902638,0.0098902638
0xf4968955372f6519a27de41171a1487157d296b1,54801,0.0000054801
0xf4972b1281444a4ab46fc7647cfdfd257eba4c10,14990971816,1.4990971816
0xf497427c896263342996c181d4af8f4e60899ac3,23280,0.000002328
0xf49c65dfa7c9061f693660c3b363467063b0588e,54300000,0.00543
0xf4a024c12e34a08f4a040c487b7b575ba1c9ac63,72,0.0000000072
0xf4a2a0015292d23ac8018f0252764c5cb296e434,790971816,0.0790971816
0xf4a4098d2bd002bcd325093b739ea2ca6c0e539b,202633,0.0000202633
0xf4a4b89cbe2b2cd8c1017e48b1b171dda50c1b6e,10272870,0.001027287
0xf4ad29e7587e48e6f6410ef6854b354853d1ce4a,2022680982,0.2022680982
0xf4c048ad82d555d4e8b5ceec6cb9716a17247841,4,0.0000000004
0xf4c2bb8ce404ea9944f1fe15920c5944566bc3bc,97732,0.0000097732
0xf4d232379817e9ba0b805113f27e74b54bfebb96,6,0.0000000006
0xf4d553f0d92a6af87b27255c2be49bd57681c525,8,0.0000000008
0xf4de3f93ebca01015486be5979d9c01aeeddd367,1568037835,0.1568037835
0xf4df8e50eb04f10724129abfc255c1237d45cd33,1,0.0000000001
0xf4eef5a6a9161967ac56147e0646222f8179e13c,94481323,0.0094481323
0xf4f0214f1d8e80505f9fb1e11ee67e7dab177c69,95307646,0.0095307646
0xf4f1f5dd2801f94b732d240a46103089905ccd4e,53763,0.0000053763
0xf4fb4c77ed823f135e6fd31b0cf09ec770e27f12,29251982944,2.9251982944
0xf4fc7827fbad031cd6882a598b68882f854d24c6,90971816,0.0090971816
0xf4febbdca48bc920b885e47731cce7d43eecade8,7,0.0000000007
0xf500058fb10dc6f844023fce9aeaac1c56ba68ad,4,0.0000000004
0xf514349c8b3c429e16cf70e2a6eec84afbf9104d,8,0.0000000008
0xf51c9eeb470da23d84998d1e2c4c0e9d52e74b37,29990971816,2.9990971816
0xf51e7e7654e227ae8fe3a274f805c87b274ee589,8569552351,0.8569552351
0xf52301f7aa330b72159a989239e174cb74ace9e4,93795509,0.0093795509
0xf52f489e893dfef14501bf54a14032713127abc9,6,0.0000000006
0xf531fb72e657d75dfb5efc2316b3d7b339c447c1,3,0.0000000003
0xf53f9caa5de9b6c7a7b79e0bd82ca3d5f5a28c64,50081943630,5.008194363
0xf5469855889e7ed214a7d2b0ac7585c530a1a7df,999998107,0.0999998107
0xf54fc95cc0bce70c08394599fd165e0f8ee1bc20,49000000,0.0049
0xf55077d6538d38c244e5ff97e302a90ddf3f89a6,468997539885,46.8997539885
0xf550d557471d70a06b2f423c94900d4673029b0e,4,0.0000000004
0xf57cdaebc0ecf62ade0fcb4bb9d595f7c140e8be,990971816,0.0990971816
0xf57f2b10fb0175d63a08aff5cd381c72d5e10790,99326351,0.0099326351
0xf596f9420234ad8ad4486518113680fbf4054420,61231223,0.0061231223
0xf59b074f525a7a49a95e69f7677a530bf24e852c,599114,0.0000599114
0xf59ea338b6619d0c6c419aa8c89712e9bd69277a,1,0.0000000001
0xf5b0a0a1973b23f6b72a0f87eb9c9db7cba4e0c3,381160669,0.0381160669
0xf5b1c6d34ce0060f5b6fd6d23bbafcfce44a8ce5,1669053,0.0001669053
0xf5ba4199d58fecf55926f4f3b672cbe58d6941e4,23776200,0.00237762
0xf5c0094efd8814994155bce18a988242eadd3de9,9,0.0000000009
0xf5c47734542ff4a594cbe6a2d8d3bca35cc6bbe0,11816,0.0000011816
0xf5c6f2d5157e0790b4fb31f94d5d0c49098052d6,52103387126,5.2103387126
0xf5c7b2edb448dc74cf94cb28682e780c8c319cfb,4,0.0000000004
0xf5c7bd86715ef8d1954881e5340b4f8be5ad1f39,29990971816,2.9990971816
0xf5c7c01a398343d16748da3dc44b1f21c49ff5e2,463444312,0.0463444312
0xf5cd931f07900a860169909da1c187616f47cc30,100000000,0.01
0xf5d4b399672776991a60b3dd78db6555e4daa868,4,0.0000000004
0xf5e6aef8b6cfde31d485aea061b0fdc427c1d685,1990971816,0.1990971816
0xf5ee77cbf45aa357d2ecb9ee98b3bbe4c4e55c2a,1990971816,0.1990971816
0xf5f5e0b1e3f92c6affb80011b89289551a0e21ff,96100657,0.0096100657
0xf5f5e1315a88837c1ecaba03b519273a2d3069dd,59059196435,5.9059196435
0xf5f629825bc2b4dcd2b548483a6b335ca77959d3,14990971816,1.4990971816
0xf5f7cade47cb96504c446ed7970f9157b91e6d01,8,0.0000000008
0xf5f8dfd5e8778f4f0a86b9117b9c409694fd21b0,77133301,0.0077133301
0xf5fcf09471320736adf0d24a208bc8a8097ec89a,5,0.0000000005
0xf5fde59a4a5319dd8a69d30aecfca8dee26d59e6,97355038,0.0097355038
0xf600c0731b10f07571dfcf103774070bec418021,977305754,0.0977305754
0xf601560c21e7e4eb45606b5f2955d03d5a2be4b8,244488848273,24.4488848273
0xf602ed33924b959168b5cfe405753d593c254c9f,9395852953,0.9395852953
0xf60fd2fbab94a75627f2af362cf7d173ae8cd90f,60990971816,6.0990971816
0xf614ddc260c8e72efd5aec92e3a4e3ecc4c2a116,1974353058,0.1974353058
0xf61518a5e2466475463a6ae362b12daaade01d47,9,0.0000000009
0xf621ba9a0f72a28ec165230be6e8d7926a683376,937531,0.0000937531
0xf626094f90a3c45263a37324014fd66e2ca9132d,2473544974,0.2473544974
0xf6299492c56ec99b12f155623b273a07fbf4b968,3,0.0000000003
0xf63af1d6f820dc4e98069c03c9725a9be5afda42,93768492,0.0093768492
0xf6437ddbc990d5bf4f8c681211b33a7c413d6b63,6,0.0000000006
0xf64edb06673eb5be70953bd1ab473b5143b08302,8710062837,0.8710062837
0xf650bc4816fd08bc5dd92a281bb85a04ff0bb612,7,0.0000000007
0xf656970a1994c211acda565b8fa85f045aca3e4d,3224127652,0.3224127652
0xf657c90b22b9eb21853c134a7b96c6bd17771e87,42481808619,4.2481808619
0xf65980beb6c89af6f7b143e1dc369e61e91fa913,884520,0.000088452
0xf66b3af38286314c8fc3ee8ea66afd60ed95c60b,95306660,0.009530666
0xf671490f83f9faa437da2d42ca24cbdffc430f78,181943632,0.0181943632
0xf672775e124e66f8cc3fb584ed739120d32bbaad,11213483802,1.1213483802
0xf6732b14f1612f94335d7eb6b3df7f17c5650361,1155598800,0.11555988
0xf6749fa6b1da3e62b765a467bf36f14961084a05,643033,0.0000643033
0xf68286ed07c3cb2bca94e6a2caf1b13f58f2efe5,2068859784,0.2068859784
0xf682b6d40ca93bdd14b2cbd843bfa4e8d3916a29,17149634677,1.7149634677
0xf6844bf175c75804dc051fe648daa321aa779f5d,599114,0.0000599114
0xf6857d8936f67e4c06c3e9bd7d871bac139579cf,23297560791,2.3297560791
0xf686c0d43c079b828c41280f1ad17e9f826dbdde,451686763,0.0451686763
0xf68a3ffdfc680593b4576ac417bd3e2c7f330fe6,11097730916,1.1097730916
0xf68ef57dbc26b9852a766ccada72f11057668ce5,8,0.0000000008
0xf6951b479ae1a0973c199e7336be98fb0022630e,9,0.0000000009
0xf69888577797d8c9a912ea0a5173b49ae4b73216,817608,0.0000817608
0xf6a75097a4e0c7a00407ff8515f3da6c5095f665,6,0.0000000006
0xf6ae8aa56c766561e4230fcf85d00d0cf19e43fa,121810516,0.0121810516
0xf6bb10920d0eb022bec155e853647ab737434597,2,0.0000000002
0xf6bb5a9a2d4e19c88a960c8e24b8be5f386b08e7,376814774,0.0376814774
0xf6c45017268c0a88bf78fd2b5483a6baf5579f44,99116020,0.009911602
0xf6c811b5f6e7252b2f05a94b788f0422567792d2,599445,0.0000599445
0xf6ce8f4d9af917823fee582298810e4f0d947e0e,435441,0.0000435441
0xf6ce97efb1796fdfceeb56c19fca42a509eb706c,1498476042,0.1498476042
0xf6db248260cbea09bf17e064644ff727003781b7,8,0.0000000008
0xf6e9998db47e83ca1b18f0ba567ba61dc74f2a21,99341084,0.0099341084
0xf6ecb2f24d3f771ec807d5d7bd86e3fe571c5074,85685075,0.0085685075
0xf6ed1e70b6820f01be3e24977fbed1aeed7de07f,81688,0.0000081688
0xf6f13b224ba5aa87a1b8bdc47e18f701c423c4c1,4977133302,0.4977133302
0xf6f762b41200699ce7f3f02b1dfc84a995152f72,66400764,0.0066400764
0xf6f8b5bc021ff67a9932346447dd7e78aa674224,85804187,0.0085804187
0xf6fede3e7aa09bb0e2cf09e414c98bf7a8ebba7c,11143597924,1.1143597924
0xf70685fe2534feb73024237921c84f7ef0137d95,155369841,0.0155369841
0xf708067a3898450e0acb9890d706daa0b11e17db,599478,0.0000599478
0xf70a23a0ce9cecbe58447f5b4ef59d882f2a7897,91569710,0.009156971
0xf70c13abc71a899a2466b87bf982b6cfc401d30b,62837,0.0000062837
0xf711463430b8bcf2118e99e5348118846e783d60,90971816,0.0090971816
0xf712325a1d1883e88811827ed0f9eaed4230a48c,1814447,0.0001814447
0xf712e4ca4134e4674b1061d4e5f78eb78ed5a44e,1180947951,0.1180947951
0xf71314ce12a7db9a0761a2463e79cfc59bd963b4,141662297245,14.1662297245
0xf7140690fcf90ca41cb6e31348f67b5420889218,599519,0.0000599519
0xf7183a19da97f5f304092edebe52e68e6a013492,16169806,0.0016169806
0xf71c6143917bd7dac2572bcf2bd456b0aae3fb2c,6,0.0000000006
0xf723096b06120f136e0d977ff6ddab4ef2ef2c5d,5,0.0000000005
0xf7247434d02f6484c5d440100aa264cf66a4a718,64615121314,6.4615121314
0xf72d650e469ffa616ac1dc3c257d9be60c0fafaa,41632565280,4.163256528
0xf72fba42f9b812f1bb21b7419309e1e98e84ad94,201493025566,20.1493025566
0xf73d14192073375a28696bb6ae96c8abc2624a21,19894179896,1.9894179896
0xf74ddd5528a9a94cfddf735d9e04cdd2bbe0cf89,94593060,0.009459306
0xf75f7a92ab5b5166924fbec28845c1f7fe693da2,10971816,0.0010971816
0xf75fdf2311e4bd95aa27819f5e2c36b521a88b7e,82444,0.0000082444
0xf771d13ce3c98d16cf09a15917fc170d5fd3fb2a,810763782,0.0810763782
0xf7728e6df34a686f6e855908a0e85ca8c12dce4f,10000000000,1
0xf77482f6e0b5771c49cbac4dcada99f662e837a4,7,0.0000000007
0xf776688ef4f775a9b4eb3bfd69a56d053b94edda,54141194842,5.4141194842
0xf778a89195c1167f7a2b807502bf42a5c5472377,5,0.0000000005
0xf78be85c1652309e6fe9208321aac5b2878ae5af,85719910,0.008571991
0xf78ee8c66ae7680daf73e5a41a4abe84949aeaed,1,0.0000000001
0xf7983b014fa0acc1417adaa5ecf579f5f5a8fdcc,3277194485,0.3277194485
0xf7a3a118897ada4fdf4d976d055df45700cae2aa,9,0.0000000009
0xf7a584c2973730973574e04f0a1cd42e87d28c4c,11062837,0.0011062837
0xf7a7279b5dd09e74f7cf7e60cbff3b07378f2dea,23261878,0.0023261878
0xf7c14b468a1e26a6e8ef0f339f665796d8ad408e,599446,0.0000599446
0xf7c6a011ccb9274876c1787e7bda7db3de4a2d1f,19987524181,1.9987524181
0xf7cf6a6affe47eeaa23f4ceadf18d04a90c9beab,13127000000,1.3127
0xf7d705006b5ead8d1c52f9b8d13e6b45cf0a9173,381179248,0.0381179248
0xf7dab53571a08f84cd014853c670ca226244d3dd,9,0.0000000009
0xf7dc9059bbc6be953e7f5e0aadc00fea917d265c,2240187628,0.2240187628
0xf7dccf6b0696ebda1d55e17f424fae131efe7e9f,6203054616,0.6203054616
0xf7e51d0e55b6793fc2865c2a7e8318aba864e454,9529984,0.0009529984
0xf7fd2eff10bb18b5bde2809efb28a0ab96340a1c,90971816,0.0090971816
0xf7fe071c94013b253bc7796f134f98a5febf1796,83309473,0.0083309473
0xf80b68ba428ee8cabcc295a1b59615fcca41eaeb,13830190228,1.3830190228
0xf80bd5c128c370596a8fcb0d400ec67fb63a6ba1,2229358,0.0002229358
0xf811de455b2fda454e148cb9a56e9faba07430d4,3,0.0000000003
0xf8120643dd7bc1bd2f0e32d3c33435af05212bda,1595,0.0000001595
0xf81d443f2765e3d5def92046b00dedb12c0c8682,1751136296,0.1751136296
0xf8234bedd9553e7668c4e0d60aced12e22bd2d45,127655511,0.0127655511
0xf8270c8ea9f5639ff23c3498125410375c1ff0ac,740217,0.0000740217
0xf82e722b8770f364cac8cfd3740cbb7a2790fa4a,127828235,0.0127828235
0xf8372646fd4af1fec8e7df4539e8cd577bc79a87,61883752,0.0061883752
0xf83df30498f6bbec0a90e7651d25c9890ef88ab3,159047629,0.0159047629
0xf845acd4c6b5114ca5bfb5ac2e4dfd4d72063c66,975862664791,97.5862664791
0xf84889bb90c8d4d497d343c448128d52a2226c88,2,0.0000000002
0xf848c60c502dc305d849df3c990d0521bad39505,76858975,0.0076858975
0xf84a6e5082b397329e1320ab05593e2a2d2ad644,2,0.0000000002
0xf85d965e9fd4607b000110253214f49231f0031a,10323046,0.0010323046
0xf85e52d8d9827d94a6109f67948bea6883083d93,40479878975,4.0479878975
0xf864df8ec7eae40b2eac5da404a7c3ba21006af1,98571148,0.0098571148
0xf871fadc2e74a89a021e51c2c2b12a6f411cef33,57323720,0.005732372
0xf8778a146c403952473aa44608586d4de159ea28,1,0.0000000001
0xf88ca2f002a55307d87f4c50972dad3f6b7f6b71,599445,0.0000599445
0xf894507641cfba74a67f6a6164a04288f7e81d0e,94713285,0.0094713285
0xf8947da999c59d7320b411a5bdc539859b142040,99973544974,9.9973544974
0xf89cd52b8ca0c98d43b797ebca061bee4b26fff8,97732,0.0000097732
0xf8a8159419340a5f0bb9ff10734ef5382a3dfe3c,6415994840,0.641599484
0xf8b497a64b1216b8caaaadcc710b99d22d4b38d2,990063,0.0000990063
0xf8b5c125359b53dab651b3eb9cb5c65a22c6b13b,37447098779,3.7447098779
0xf8b5fb52779dafa12027580199a744911ab063e7,94682240,0.009468224
0xf8b77923348f0fd35e70bd80438ae63333a738bb,3863192813,0.3863192813
0xf8b837e18ac36aea32021798ecdccf9f414dc9fb,92707390,0.009270739
0xf8c117dd13952cddc2eea75020eacd8a6563e086,6,0.0000000006
0xf8c421c27ac08e3ff1a73e30f517ff1c7fcdc466,51626695081,5.1626695081
0xf8c9a91c26e4f2363d382c1d718205007f250f8a,1,0.0000000001
0xf8cf63cf17796d916fe66a402fc5bf9fa622cb5c,3,0.0000000003
0xf8d7e10116412b68a4a952f3f5ddc288e9cf6105,1913484800,0.19134848
0xf8d8e8dca72d41aba3e24518194e9eaf03fdda86,323,0.0000000323
0xf8dbf1a81650ca44944e433f7b91656a8b10e64e,561132715127,56.1132715127
0xf8dda9a12eadbbd4cf98da27beba8c69af866966,3909,0.0000003909
0xf8f181d466d44974257f9ccf0ce8398b7e059054,166491468818,16.6491468818
0xf8f4bf008086d0cfabd003b20ee3d36d19cf499d,4990971816,0.4990971816
0xf8f66d70de99939ded4aff6e13be7d476cd59e4e,98394540,0.009839454
0xf8f9408e9ff08dede2d872342376c04c805fbe77,10000000000,1
0xf8ff7ac29feeb726c6efc225df23173efb09725b,10081943632,1.0081943632
0xf90905492619192eeaf105dac3ee2e107a62ea75,93322875,0.0093322875
0xf90d3a34d6d5d1d3cbcd7652c12d9284f292ffb6,17962756,0.0017962756
0xf911cf96f9d61102b6294867e2a6333189626ddf,611250662,0.0611250662
0xf9162e944da7548a058cee55e709212db8ef00fc,3,0.0000000003
0xf9189759bed2df7a615b8999d8897871b10cb17f,990971816,0.0990971816
0xf91c9228aa80ec18fec24a4d916afec1a512dd47,90971816,0.0090971816
0xf921ea7e1d9f86b56dc448709487c7136f12466e,57378794510,5.737879451
0xf92cc6472944806f1b3fd47cbea2c22e09a17d5e,344754837,0.0344754837
0xf92d523a6b606655d943f89aaf5103ab834f8fb1,353268439276,35.3268439276
0xf92fe74fba7ac267ba0b2e284b700fd38660b936,19954266602,1.9954266602
0xf935861a8b8cc6867eeb463d97b501c69d177092,1984933586,0.1984933586
0xf93a5f0a4925eec32cd585641c88a498523f383c,22695,0.0000022695
0xf93f513ea9f9bb1c0b80bd47d76ef0ee6945af22,6,0.0000000006
0xf9417c608281b500a5adaebebac0dc427c1a7af5,325912742303,32.5912742303
0xf94cb195682d7c299199b491e0ffccc131672a31,649231379,0.0649231379
0xf950baf161bd79ddecae8c5abea1d7c77cc8c366,1977221330,0.197722133
0xf954740bc71435ed7e7b16242ed9526559644a3e,83273,0.0000083273
0xf95b6448329768333bd0c3f36e26ef8bb3134940,774117976,0.0774117976
0xf967b7ae4eeca96db3495e3186444ddb00874b91,1025742329,0.1025742329
0xf970bff155994508aa4d000b5bbc6b9efdd599f9,499455603,0.0499455603
0xf971c91edf5ce6864415c5d60bcd8a11421db416,1000000000,0.1
0xf97b954d39d8d9a2ee1b449802e8f19cb7230227,8,0.0000000008
0xf988aac62f868bbfb0c90f8506bc3d68608cbe6a,990971816,0.0990971816
0xf9896e42c33a4ae029c12135a390de542ebc340e,3,0.0000000003
0xf98a854bc00eaa854894d79e11315a2114c58120,75444,0.0000075444
0xf98b792d014dd28bb9eda7de6b5611e90a958c5c,8662556,0.0008662556
0xf996eb88607af1b3022018461b5b9bd1ca87adfa,37735631,0.0037735631
0xf99a381b2311ae6509f7a7a747d0941906e39909,16208104,0.0016208104
0xf99cf6bfbe6a00747902197b2bafbd7365e464d4,38470980525,3.8470980525
0xf9a3f2c4d1c758d2097f60621c355aa0211b50b3,30155662332,3.0155662332
0xf9a5f8346b702d0f333f88c06d54536eae909837,364956274,0.0364956274
0xf9a637a6d5f12042d197d65d2201c50e24dab917,7,0.0000000007
0xf9adaa55014242c1005db307c4e41c541f26baaa,279652418,0.0279652418
0xf9c12e62d9dcab3251c33dc9ffb04928b30fd0c0,907141,0.0000907141
0xf9d15926555fc43562542bff259a9ab91f38c0cc,94682260,0.009468226
0xf9d2aeb1170a50090d553db6a46aad3a8747c605,11,0.0000000011
0xf9dba59d708ae19034ad42c17c34d38fc2f9b768,85803600,0.00858036
0xf9e2335fc58533b05333cf82baa28b009adbbb33,1089305168,0.1089305168
0xf9e44713a86e0be51703dd499afe7d2d6c0047e8,219655094,0.0219655094
0xf9ebfe2b0c205c437214a714a28903859349cede,3689,0.0000003689
0xf9ee4523742d52c9f1b4de779fc5b40d67e9a07d,7143,0.0000007143
0xf9f6d6a2e6699ada5a5728a6cfd3aa2745795816,108594396166,10.8594396166
0xfa04ae9f723a18cb6dc638bbd51c9946afff0bcd,1733551040,0.173355104
0xfa0c70802cef499926b5f2d0bd639a10f2932b38,99915994840,9.991599484
0xfa15382682828cbb6280096a48ee08403fcae8c8,381201141,0.0381201141
0xfa162d50b8a10841f7edb0cb3f082c61062469f7,551146,0.0000551146
0xfa193312655f79c7b0ee7d7ef904486836180026,7,0.0000000007
0xfa1b2841c493d7bac8ba5e4a26e79b20a972abf8,9990971816,0.9990971816
0xfa2ec4b072b7cdd81ecab0e8b433892a60c2d562,21714,0.0000021714
0xfa31e9144e1a2095dbde8210d3b78169e3d20142,806537761,0.0806537761
0xfa349cca006e9fbbc7693d13bd57f1be08cb1faf,12706085642,1.2706085642
0xfa36fe1da08c89ec72ea1f0143a35bfd5daea108,2754729830887,275.4729830887
0xfa3aaa40eba274047a978e7349292fec646514be,97355042,0.0097355042
0xfa3f21be9ed024c22f4fc3d890f92be4cd7f95d5,5810461,0.0005810461
0xfa43e85f75555ffa54a5fbea96012f6ae91a837b,17995404576,1.7995404576
0xfa4410011b99c393afcae8572c8aaf9863c1fab5,46971840,0.004697184
0xfa4bf00793e5b764e9b2582aad89b3bebf9ec127,11005647074,1.1005647074
0xfa4efb76f67bfe940d026adace39a8dac1df3b76,848,0.0000000848
0xfa51effc7c8c2b45e2874fb254fa0a68d883a4e0,453604,0.0000453604
0xfa5546a6d17df25f9885a4571e7185e457e8331b,1,0.0000000001
0xfa58b257bec80af07576be4ffd92229fb4e8a825,18172320268,1.8172320268
0xfa5e109feed08aed8df96d8b72c3684bb78535cc,701844784116,70.1844784116
0xfa5eb35c9c5e11786fd37f03d48476350abbdf39,92639268,0.0092639268
0xfa5f041a9a2da3eb32aace17e8351a1a3a57b21d,1,0.0000000001
0xfa681ee93e620cf9dc895744d0eca274071a65a4,933329775,0.0933329775
0xfa6e906dd9084d50be4b0e6ac13ef5b7186362e2,2072802935,0.2072802935
0xfa7772d4b2cd79c2e741813b1087f493103b7779,369123333,0.0369123333
0xfa857a15fc3cc3894ff00693ce192fb98add58e6,6,0.0000000006
0xfa97c0b10b1484e039be6ca3f474f6c59546f532,40977133301,4.0977133301
0xfa9a35e9fbb9e1dadcc194078a7fd92a558f8414,599479,0.0000599479
0xfaa1eb1865f0e235d5dc7b56139e794a3276311e,4,0.0000000004
0xfaa5eb2416bb9c78a1abd1fa176b43baa4ace0b4,99726318306,9.9726318306
0xfaaed4ada384048f03ade16085d5278f1addeaee,49512298141,4.9512298141
0xfab0a040b31995cfc9d6450bc8251dadd1b5e991,2,0.0000000002
0xfab23321bd4d8a1ef97e2a0354a41f00a22b43a2,445819713765,44.5819713765
0xfac2034e4fb9b71eec8d9762ec390b9b45af454b,10971816,0.0010971816
0xfac6705fc8f5a08e41ba0963764d27a9d5a3fc40,100000000,0.01
0xfacca37a59e4d7c2889c69a419bcec10af74c8fc,77475101,0.0077475101
0xfacef0ba867ffbd5f0df91148da767a80ab0cbf1,359,0.0000000359
0xfad1d4317d5bd5911ebbc528bbc9dcb50da68562,10971816,0.0010971816
0xfae14c182e8d381d1fc7f3ea1c43a8c458b32829,28861549,0.0028861549
0xfae9d3b7474fc44998e084c905ccd5f6d381f802,1367671874,0.1367671874
0xfaeaecb5c507ef549ffe9fa50ff4e6ef647e5d14,478898,0.0000478898
0xfaebcd061555b914d00aa7bddc25cec9646aa2f3,659389220672,65.9389220672
0xfaedac34826384ebf7002efd0d90bdbedec69f57,445881,0.0000445881
0xfaf40fbda981397b0d063d8fcdcb9101ee155154,16024446691,1.6024446691
0xfb05731147b028635c66ad27b526b2e5dd61b588,1783787531,0.1783787531
0xfb067f200650616cf7735b7eb3600e0e4c16421b,9593041657,0.9593041657
0xfb295e21fd5599ee5ef437af9c2329b64708aa32,973544974,0.0973544974
0xfb2a51a3b06cc246cb293c6665c7219140c06d57,95309254,0.0095309254
0xfb2f7c5a671a0f75a383b52f4bbdae346ff48817,15482770,0.001548277
0xfb2f9451170934c245e1ae02621608a3f81d5faa,599562,0.0000599562
0xfb3203488c3688a4e875356066eaf0c29b0dc6b2,5777016,0.0005777016
0xfb4344312bf0988a9a9d75a45faf4f1fe8eb6b79,4915994840,0.491599484
0xfb4b0015ccb490f631087a4867405b76ebfce79a,9990971816,0.9990971816
0xfb53a1dd43c048035701dabb749e595342fb90de,958708660,0.095870866
0xfb55985878edea42d3e7aacc9da25b83ef2c13f3,699673237,0.0699673237
0xfb55b12b4e21eb3b724295c7abfb2be2aa067ad7,4973544974,0.4973544974
0xfb59cb0397302654d2d482c6865a47e997d7ce99,973544974,0.0973544974
0xfb64ae80d23eb37dd286d8955bcbd84df3ed8c92,466997992,0.0466997992
0xfb65876f35a1554ba0020d6ce96a460b9113ea97,92541153,0.0092541153
0xfb67a3c2ca54d188e07600c7231b6cef01b71446,1551985959093,155.1985959093
0xfb6b0ebc3ab4ae1bfeddbf12ee72c97e9ba8652c,36437913,0.0036437913
0xfb7c81d701c971232eb7b9528b9037e4058290d2,381273969,0.0381273969
0xfb7d7d618819633e3a92687f51ff739b5af4c4ea,341330,0.000034133
0xfb7eb86a7a3a3c0d3aaa1c77906dcfeebf53eb0f,65757645199,6.5757645199
0xfb7fdd5152db762b572326fff27aecbcb607dd3c,76819,0.0000076819
0xfb8418cd8af574a4f4d091bdea33879502df8d9a,9000000000,0.9
0xfb85b720bcd59ec80a106f10b410e1f3503ae850,17962756,0.0017962756
0xfb91acc79fd1d9632a9d1f07e081311d3d216d7b,9,0.0000000009
0xfb9814f56eed1d88812871cb5e80f29241275472,5,0.0000000005
0xfba1b7ca56390e8a728187383c752d72e2a7a661,10008981378,1.0008981378
0xfba38ebf53b5d3956d4e4815db9b88cc01db023b,316392764,0.0316392764
0xfbbe1a866a2be86d10f52cb047e1cdabe8dacf8c,7,0.0000000007
0xfbc09bac5660802d53c35cac88351568538f4d3d,599568,0.0000599568
0xfbc3d46c5f9b498bd653563d5ab5a202d5c716b2,43727375,0.0043727375
0xfbc6b719eb3360ec3a07964eff4f251c9b5d5d9e,54270000,0.005427
0xfbca2416ad1c70a2f2f8001d29c81873e960949a,800438480,0.080043848
0xfbd08fd2b2c7148b4e38624158c3155b5b49f886,1,0.0000000001
0xfbd4e1d0d89632c279f06a1d9bb9438647d99a29,1690971817,0.1690971817
0xfbd6803a7a0fe2b8c2a4e3790095b394fdf95b5a,11460141,0.0011460141
0xfbd9275bf42f21b7cb857e6c00ffcb99443718b5,3210664326,0.3210664326
0xfbdbf39053a4a88b00f66e2bd97a0a31809edb03,13098624022,1.3098624022
0xfbe16828cc0641e59aacd2a0e030b555883bd6e5,9,0.0000000009
0xfbe2d17bb98b5804e61f84e608cc2e68f28131cb,994061336,0.0994061336
0xfbe6c05b9283c091ef39c635f1acdc8d243f6632,8,0.0000000008
0xfbeb0a03f7042b600ce83d752855a0f234be4a78,2417,0.0000002417
0xfbfdfad2caca4f0242056de66eb409b922106207,34856435,0.0034856435
0xfc060134c23649a86b6367cc897c515ca2b78a8a,284042,0.0000284042
0xfc08072fdb78eb766044d458ceb36f4ac84f4164,90971816,0.0090971816
0xfc11ca1cc2b2e015b33a8c90f5efdb92043d4042,1549543,0.0001549543
0xfc120ad0e86bfc04007adef2b438e0463082056a,1457006681,0.1457006681
0xfc13ebe7feb9595d70195e9168aa7f3ace153621,1,0.0000000001
0xfc16d7f01d14360210bf9d15fca3c4cbc9247039,18727950812,1.8727950812
0xfc1d39c533fdc31b26c02a5a7ce268e42ee2cd14,95023277,0.0095023277
0xfc1d81b8573f09a73bb2e7f3eeb1b86fa23ec879,10971816,0.0010971816
0xfc2222b2ea1dbe5e5c4eca85733bf7024fc9e408,92639258,0.0092639258
0xfc22a6018fc3f0d09d274e2783270aef213944b2,95106899250,9.510689925
0xfc2726b2f3a5f904b29306c79cc53e35ceef1c43,61805,0.0000061805
0xfc27a1efebbfc495ec205fdd2f459e65ea3526aa,2,0.0000000002
0xfc298b65593875c8b452ef77ddd7bd578981205e,5,0.0000000005
0xfc2b54c56721c689ebe221fba9cf3bf38070009e,30000000000,3
0xfc2bc940639cbd9bdfd898d4548a39dc251391e1,599518,0.0000599518
0xfc2cba23985294f8018a3cb23163351b41a8683e,9,0.0000000009
0xfc2cf7344f47011aadeb0d302ccece0a7003a273,17734802,0.0017734802
0xfc321bbeec27241c8a947f2e83226a44eec879b1,46869900,0.00468699
0xfc3628072a4566a412ea93937169dec1ac4d64de,3,0.0000000003
0xfc3b069b0ddbbd160438775367df99654d0e6b1e,9,0.0000000009
0xfc3cf455e7e8c6b76419ea65334ca6880735d63a,315420305,0.0315420305
0xfc45972ead40e1b617efcc25f32655108c35c731,1125000,0.0001125
0xfc4726f30e6eae18af7acc058df2219af1f73d4d,599568,0.0000599568
0xfc48517889736c3794c074b139acdbc7bccfe983,9649,0.0000009649
0xfc4c04896a725e1549544da908cf1137bb8272f2,1010627164,0.1010627164
0xfc5570934ac2db2e6dff8317fb4c9709e33dd780,8,0.0000000008
0xfc588fbd777ed4ceb34c6b79ca6c5241a864a68c,97335318,0.0097335318
0xfc58df09936e6e971b7ecda8e2a642a4df207b68,1,0.0000000001
0xfc6b0ca4894aec7a37c61f4636e56b65307f8220,59748368228,5.9748368228
0xfc741620256f1c7a1799290628f9573c7424d050,140387756717,14.0387756717
0xfc7e3b0a9be8a4506e561893650c514d3531ba53,7,0.0000000007
0xfc887fe13f17597533768ef5d5dd8243b33b178f,6419908,0.0006419908
0xfc8acf3cbbf75fb0e53ccecea657b31723be51fd,11062837,0.0011062837
0xfc8d736f8ebcad9aae2232bc11d32b93137d262d,60730,0.000006073
0xfc905ab4b69d533a434a29c010e33844d16babe5,208497,0.0000208497
0xfc942af3d4c6bd0e2e45623e6570ea0b476fb24e,844244106481,84.4244106481
0xfc9c6b6e0d02eade37ac8b6c59e7181726075696,428453730,0.042845373
0xfca11b85ac641f1ba215259566d579a45519e506,1559,0.0000001559
0xfcb0c85188bb9dabe94317d9aeb09dd6151e7058,7,0.0000000007
0xfcb340575e74ba62ff3e7d007822d08b9e2d23f7,1542283316,0.1542283316
0xfcbae9601910675ca39a2ccd23e7081e24b9751c,37580176,0.0037580176
0xfccc63477cc45a252f7d5d658fa86ae0da4062a0,116505524,0.0116505524
0xfcd03c71b739e1b7eaf65add61a91e1e00f95032,2,0.0000000002
0xfcd134aa6567e6c28b342c575199376e491841be,38139823,0.0038139823
0xfcd793d9bba98e604a78cc7f25879581bb9ab41b,92631803,0.0092631803
0xfcdb212e7e7588d2dd2cc44c30f6c79fb507db4b,180278018,0.0180278018
0xfcdd3112ec5c2dd5df8b1b041d27db3a3cf44216,4089,0.0000004089
0xfce06794701c67c422e7b84d3e58f9d121fd4482,90971816,0.0090971816
0xfce3013a711e177639bff23af255db00e3f9350a,938634556,0.0938634556
0xfcf17f9997065d4498102408e5716e6e9aa38674,9991531,0.0009991531
0xfcf4692062fc27735bd52ce54c7877aefb80c4c3,9977133301,0.9977133301
0xfcf4a28b616fab313ad4e516e21359fb5a1f5a5d,3532163488,0.3532163488
0xfcfb4d73388b57e47ad4797087e8fc9f13540f9c,112987081920,11.298708192
0xfcfbaa547188fc16a7713ad0d7d510278a5e3818,947089948,0.0947089948
0xfd0727ba1a02bb71cbc08ab23d1e0780f5e49d90,4383,0.0000004383
0xfd085319e80408c004e9f62abdcb0415ad38762c,3998,0.0000003998
0xfd16b0f85124d711937b35ec608a1b47bd093d9a,229921272058,22.9921272058
0xfd1e148c22e62bfefb6746f6f505b46112b34eb2,181943632,0.0181943632
0xfd267272ec311da3bf8e5bda2dddddf8efd310f6,275221,0.0000275221
0xfd2cd757b5f6640184697d0d30487216b5c6804d,123234096,0.0123234096
0xfd384a1df39983854a8323606660fdf789527581,4254775789,0.4254775789
0xfd3bb2bd3fbfd8cc2aa9ac9f3c3b3ad25cafea12,10910613689,1.0910613689
0xfd3c09f628b50c45a2f86d9803b05d1daefe811d,3,0.0000000003
0xfd4844430e0649be1ff1152e1610bdbcd8e9b4ac,29793635995,2.9793635995
0xfd57f011ffbfcd3e2be5047b85c5b9062b21a063,18081943632,1.8081943632
0xfd5a676d3f6ed1078b438eea333938a697b9c2e1,2,0.0000000002
0xfd5df318020ac9299aaa88f5a7447555f301963e,95987985685,9.5987985685
0xfd67446362382cc6275d7702d3e4958b9c3a1bc0,95405677,0.0095405677
0xfd686fda8a79e85e54ca687ee11f59b4326012b4,599517,0.0000599517
0xfd6ed2db6973d3796de7d92d47d98cf318cd4c1b,1882181852,0.1882181852
0xfd70096a3ea9c0ada6cd65b3890a770fbd79a48a,3,0.0000000003
0xfd7b74d5cf66073e7927f04a3ee0b199c9d34b9a,99359032,0.0099359032
0xfd7f439c579313a791e2c6a4687ad45b6f08d64e,95022733,0.0095022733
0xfd7ffb4e12fa061b2c39c5f48d780635b088d57b,606682410,0.060668241
0xfd85e378e9b7b5a727406249023dfeaf4d4ac9c0,6992627753,0.6992627753
0xfd8b52f26a2cdd0fb4146d79e11b632fa977056a,53745600000,5.37456
0xfd8c384268ba06851f8f155352ff9ebf30c83454,525048069808,52.5048069808
0xfd9007430c769fa907a6d6ed6e2c71b15013a06c,90971816,0.0090971816
0xfd91b20548f8f82d70d9f41a753701bd91b6fd24,1657878515,0.1657878515
0xfd93cc82fe6051dbfa221ae89c41d86c09013f91,211640655,0.0211640655
0xfd9672f023d4528c9bf150ad540d83030f10b3f2,93307292,0.0093307292
0xfd981775ae89b2c9c6db18e17de7a4f9e696df11,1053280317,0.1053280317
0xfda4743d9cc0f7a5a281d2fe3486e13b35fcd6d5,599445,0.0000599445
0xfda506a71ab31147fe04b96ceeba6284f4663d2d,500075995,0.0500075995
0xfdad7d97ee0e5bcb3695d8ad6371249ff2b908a4,326281879822,32.6281879822
0xfdb37c0fdb623b04627d0b831e6669ead08ef43b,181943632,0.0181943632
0xfdb50fab2e42bab850a4d7b44bad2f728cb60679,75782818,0.0075782818
0xfdb6597a061b15bd62181b1628210a34ddb40846,92456926,0.0092456926
0xfdc65836c81d0e1ca5f28e82dc7ff7ed72b2c1f8,130695141,0.0130695141
0xfdcafa223cb696f5340ce404ad2db468d3f6d5f0,98911517,0.0098911517
0xfdd6ef56ecf5d7c116e66e134ed64bddb7996ee9,2,0.0000000002
0xfde51cec1f2855994fc018f0ecc4f284229231ab,94062837,0.0094062837
0xfdebf3f5e032fdd8712b8e2c77a0e9792cf0b756,4,0.0000000004
0xfdf7347466bf77e37023919a326c9a1dab4d90a0,1609986114679,160.9986114679
0xfdf7647e1400b7c7e4f1a8b22d7eccd9fa87d521,2000000000,0.2
0xfe00b86a410e6473bdf3f4bed4ef624ac9f667b9,98573291,0.0098573291
0xfe08945f392cf1873f2c5b1bd7c7401e452153a8,73019111533,7.3019111533
0xfe0a73cec0d9116877603f883b5002d5ed8639c7,3050298389,0.3050298389
0xfe0c3fd6ed0250d8d481642428763a829548dfdc,981943632,0.0981943632
0xfe2b175ae99c50e69d8d4350f73d5f557ece4490,1947089948,0.1947089948
0xfe371b48bb56d335eb363afb53689d67af9f4db7,11454266602,1.1454266602
0xfe3fd57379b65ba4b0fe1e481e07e969153acae1,55595138611,5.5595138611
0xfe41dd235674f322ad41dd5e6c6041484b7e325b,599447,0.0000599447
0xfe4ae1df7bcd3a79705824fbf61c73595b96f268,177066175,0.0177066175
0xfe50619ceb55d8435384df7983d60c9201bc19b0,11322215,0.0011322215
0xfe506ed49c79ac824d20c7f680df863aaedbc909,381076825,0.0381076825
0xfe5563cd4a9528a472584ef49ed66faf4d484856,2,0.0000000002
0xfe5585bc8aca190198bd61465be844291690cad1,82,0.0000000082
0xfe5903af5499221577f589367b5a4ea0b6837c40,1,0.0000000001
0xfe6524ac5f0c01132785e56d518b77e89184a6ff,1,0.0000000001
0xfe6851e56e8b750c98f2e205acbed34d791f9e32,555862801899,55.5862801899
0xfe6f2a79b3ae6b9fec15d340bfe23e6e3ac4cf3c,1,0.0000000001
0xfe81a7508a18ec19011b3f86782ea6b24c396b33,298265121,0.0298265121
0xfe81c194d4c3bc5df2eec52ad1c5125052902468,1954266602,0.1954266602
0xfe826327a0cc88acf15703fb39ecbe78bf42d903,41717157170,4.171715717
0xfe89d989a606104a1be8d836313a9f90c85a1412,90971816,0.0090971816
0xfe8a360ba3bd11f9dec60fef2cf0efc1bacd6abd,4580763517,0.4580763517
0xfe8cc72d95633e3a40cf3d221a609ef0c4807745,21990971816,2.1990971816
0xfe911913f2af33abcbed86a4459f59f36950d266,96281080,0.009628108
0xfe925139e6fe0435a274d5057712f6a11861dfcf,79559401761,7.9559401761
0xfe94b5703db8dd222b662f6700eee798e6413d82,10971816,0.0010971816
0xfe99d25815be35386666f7665c2038dbcb35fbb1,104135957,0.0104135957
0xfea766ae1045759ef4a3b89c63a093f315b31e4e,3990969014,0.3990969014
0xfea8a8a93ce22d5069b546183a32b88adf032020,933145,0.0000933145
0xfea956b046470e87b4fb11a6d7d61a653d36963e,52042265,0.0052042265
0xfeb7cfd5354716bf776a5b785d695cf2e1e5a469,7027986231,0.7027986231
0xfebd0542dcb0dc1117b789918a17a8146d662549,599517,0.0000599517
0xfebdc9a21ff4e29e65b63ba40fbd64f81a4b59ec,25703215341,2.5703215341
0xfec028152eb436c19a5ed628a6420cc6aed5b5dc,408477136,0.0408477136
0xfec9fa2773e18d90ad30a7ea75e5e972efd936b6,9990971816,0.9990971816
0xfeca7609f867125a21630ed71a09180116cc2e78,93795285,0.0093795285
0xfed09ab9878f18567be32745dbd3495a51b1653e,31181826328,3.1181826328
0xfed29004f116b173cffcbb52eedb95a70149d92f,132368644407,13.2368644407
0xfed391d8cae3e0f623423cc4d4b472f2caba3853,164595,0.0000164595
0xfedc94caebd029dc8e8b1a11586ed3e5ed0cf585,39954611508,3.9954611508
0xfedf2d9bd0c3ecabd9a8460c4c75ad04449c1f82,35567262879,3.5567262879
0xfedf8b14985239a2b7cfd152da6290c9bc3eefed,59105393544,5.9105393544
0xfee238d3d750cc63b4687ede461668df586b4031,6,0.0000000006
0xfee3ed4887836cdff132822be70cc8b25f84f79a,599114,0.0000599114
0xfeebf39e2cf689b28c62d0aa127a3e85fef70204,1194663208677,119.4663208677
0xfef60e943c1300f1c67fc482102908a07de7ed46,9973544974,0.9973544974
0xfefc914930be6856cff965df881905213c5eb060,671832,0.0000671832
0xfefd1cc10821bb7c68f7c83d679eceb25fc6f176,2240596998,0.2240596998
0xfefe75da96417b1b1f2ddfa01acad8ba77fd42a8,2667825115499,266.7825115499
0xff0989e0fc1422e701f713e7cb9b34408b60ca64,8,0.0000000008
0xff0fe98e9babf623a2d6fee709bf335bf14db14c,56951561683,5.6951561683
0xff12800466ef77816a17738bd19dfc2687ebd444,1276546382,0.1276546382
0xff174f8f9cb315769b6406dc8eded7e31721389e,4,0.0000000004
0xff1c9ac281cc80eeb864385301237f621da4a189,52337089285,5.2337089285
0xff3b7d05ed4e7852837572a9c798094b7a52e97d,356430864,0.0356430864
0xff51838ec6df23f6d293a3e7b8b96c3707bc9fc8,35927235965,3.5927235965
0xff558b5aafdcb9247821265cee981ff205bd67e3,92631806,0.0092631806
0xff5a453300c84ba461297a773fe9c090af55d1d7,96099869,0.0096099869
0xff6c6e54d84fffc27ffbae14c149844b64cbf03c,1071937752,0.1071937752
0xff6dcb84241dbb2031cf6968d7a7012d358556dd,85719496,0.0085719496
0xff70e5d3649a5f88f2230e7a6433711b00980f78,39105,0.0000039105
0xff925d0905f8609de7c5cc4cd4f981a24fd85964,66203967481,6.6203967481
0xff938bd81c2671c28caf920d8015bad9fb816d59,70806709771,7.0806709771
0xff9ec31bb527ec02a03331794f8fd65f2b87aa35,11816,0.0000011816
0xffa5b5bc74115fda12315cf6e5e21ef58d94e88b,11816,0.0000011816
0xffab14b181409170378471b13ff2bff5be012c64,101801,0.0000101801
0xffb548d1826864737ab3c6f40001df1c131ff687,75,0.0000000075
0xffb8c9ec9951b1d22ae0676a8965de43412ceb7d,52449134616,5.2449134616
0xffc6457d0189d99f5bf398d9087f372262f72f4e,29407363011,2.9407363011
0xffc69272768dfe39b4a3baffbdce506b6664126c,74823000,0.0074823
0xffc90305cc156b7291b018d2a04c6c52c2576eca,1312904127,0.1312904127
0xffcf2d86b0daaa6eede5a5302b79bbf15c3bb545,372966,0.0000372966
0xffe3d3e428f125fe1a2835780f90ce98b34973e5,84182293,0.0084182293
0xffe7bf3304a677f4cbfbc05eb809d8c87d8370d7,381182590,0.038118259
0xffe82ebd4aa6ff35e8631e0fd39e034012940476,20849259,0.0020849259
0xffe9b7d2ec63cefbec975de2681a8b2e8513e309,26912702,0.0026912702
0xfff467002cce457f34a944870a6ea64b50378e12,17269,0.0000017269
0xfffcf045034ece19567ec802f2a7daf15099abaa,2,0.0000000002
0xfffd80ae0a0460c9d1d94337467c6fb72112e26b,2181408318,0.2181408318
0xffffffff5da2d7214d268375cf8fb1715705fdc6,2933436206,0.2933436206
